#pragma once
#include <Arduino.h>

// /mnt/user-data/uploads/59894__1_.png  18x13
const int bird_f0_w = 18;
const int bird_f0_h = 13;
const uint16_t bird_f0[] PROGMEM = {
  0x0000,0x0000,0x0000,0x0000,0x0000,0x0000,0x0000,0x0000,0x0000,0x0000,0x0000,0x0000,0x0000,0x0000,0x0000,0x0000,
  0x0000,0x0000,0x0000,0x0000,0x0000,0x0000,0x0000,0x0000,0x0000,0x49C4,0x49C6,0x5208,0x49E9,0x41A8,0x520A,0x0000,
  0x0000,0x0000,0x0000,0x0000,0x0000,0x0000,0x0000,0x0000,0x0000,0x5204,0x59E0,0xFEF4,0xF6B4,0xEEB6,0x41E6,0xFFFF,
  0xF79F,0x4208,0x0000,0x0000,0x0000,0x0000,0x0000,0x0000,0x0000,0x0000,0x5206,0xEE95,0xFED2,0xE5AC,0xDDAE,0x51E1,
  0xFFFD,0xF7FF,0xFFFF,0xFFDF,0x4A08,0x0000,0x0000,0x0000,0x0000,0x0000,0x39E8,0x39C8,0x4A07,0x5224,0xE5AE,0xE58C,
  0xE5AF,0x6203,0xE6B8,0xFFDE,0xFFDE,0x4207,0xFF9E,0x5208,0x0000,0x0000,0x0000,0x4227,0xFFDF,0xFFFF,0xFFFF,0xFF9C,
  0x59A0,0xF5EF,0xE5AE,0x61E0,0xF6D7,0xFFDD,0xFFFE,0x49E7,0xFFDF,0x49E8,0x0000,0x0000,0x0000,0x49E7,0xFFFD,0xFFBD,
  0xFFBF,0xFFBF,0xFFDC,0x59A0,0xE5CB,0xEE0C,0x6221,0xEEB6,0xFF9D,0xFF7E,0xFFDF,0x41C7,0x0000,0x0000,0x0000,0x49E7,
  0xE6D9,0xFFDD,0xFFBF,0xFF7E,0xF697,0x61E1,0xEDAA,0xEDAA,0xE58E,0x69C3,0x6985,0x69A7,0x59A7,0x51C7,0x49C7,0x0000,
  0x0000,0x0000,0x49C5,0xF6B8,0xF699,0xF677,0x71C1,0xED6D,0xF58C,0xF54D,0x8160,0xAA87,0xB289,0xB2A9,0xAAA9,0x9AA9,
  0x8B0C,0x4987,0x0000,0x0000,0x0000,0x59C5,0x61C4,0x69A2,0xCC48,0xD447,0xD427,0x8160,0xB2A6,0x9122,0x88C1,0x9122,
  0x9122,0x7943,0x61A6,0x0000,0x0000,0x0000,0x0000,0x51E5,0xB44D,0xBC4A,0xC426,0xD405,0xDC05,0xDC07,0x8940,0xBAA7,
  0xBA66,0xC287,0xB246,0xAAA9,0x5165,0x0000,0x0000,0x0000,0x0000,0x0000,0x59C4,0x61A2,0xD4AB,0xCC27,0xD408,0xD409,
  0xC3AB,0x7183,0x7942,0x7962,0x8183,0x6984,0x0000,0x0000,0x0000,0x0000,0x0000,0x0000,0x0000,0x0000,0x5963,0x69A4,
  0x71C5,0x61A5,0x59A7,0x0000,0x0000,0x0000,0x0000,0x0000,0x0000,0x0000,
};

// /mnt/user-data/uploads/59894__2_.png  21x21
const int bird_f1_w = 21;
const int bird_f1_h = 21;
const uint16_t bird_f1[] PROGMEM = {
  0x0000,0x0000,0x0000,0x0000,0x0000,0x0000,0x0000,0x0000,0x0000,0x0000,0x0000,0x0000,0x0000,0x0000,0x0000,0x0000,
  0x0000,0x0000,0x0000,0x0000,0x0000,0x0000,0x0000,0x0000,0x0000,0x0000,0x0000,0x0000,0x0000,0x0000,0x0000,0x0000,
  0x0000,0x0000,0x0000,0x0000,0x0000,0x0000,0x0000,0x0000,0x0000,0x0000,0x0000,0x0000,0x0000,0x0000,0x0000,0x0000,
  0x0000,0x0000,0x0000,0x0000,0x0000,0x0000,0x0000,0x0000,0x0000,0x0000,0x0000,0x0000,0x0000,0x0000,0x0000,0x0000,
  0x0000,0x0000,0x0000,0x0000,0x0000,0x0000,0x0000,0x5A26,0x51A5,0x49A6,0x4A08,0x4207,0x4248,0x0000,0x0000,0x0000,
  0x0000,0x0000,0x0000,0x0000,0x0000,0x0000,0x0000,0x0000,0x0000,0x0000,0x49E6,0x51E3,0xF692,0xF6B3,0xEEB7,0x4A07,
  0xFFDE,0xF7BE,0x5249,0x0000,0x0000,0x0000,0x0000,0x0000,0x0000,0x0000,0x0000,0x0000,0x0000,0x0000,0x5225,0xF6D6,
  0xFEB2,0xE5AB,0xE5CC,0x59E3,0xFFDE,0xFFFF,0xFFDF,0xFF9E,0x49C7,0x0000,0x0000,0x0000,0x0000,0x0000,0x0000,0x0000,
  0x0000,0x0000,0x5201,0xFEB1,0xF5CC,0xF589,0xF5A9,0xF5CC,0x59E2,0xE6B9,0xFFDF,0xFFDF,0x41A8,0xFFDF,0x39E7,0x0000,
  0x0000,0x0000,0x0000,0x0000,0x0000,0x0000,0x51E7,0xD5D1,0xDDCE,0xE58C,0xF5AB,0xFDA9,0xED89,0x6A00,0xEED7,0xFFDE,
  0xFFDF,0x49E9,0xFF7F,0x4208,0x0000,0x0000,0x0000,0x0000,0x0000,0x0000,0x0000,0x49A7,0x51E6,0x49E5,0x51E5,0x6202,
  0xF5EB,0xED87,0xEDCC,0x6200,0xEEB7,0xFFDF,0xFFBF,0xFF9F,0x51E7,0x0000,0x0000,0x0000,0x0000,0x0000,0x0000,0x49A7,
  0xFF9F,0xFFDF,0xFFBF,0xFFBF,0xFF9B,0x61A0,0xFE0B,0xF5AC,0xE56D,0x61E3,0x59A5,0x59A6,0x61A7,0x6166,0x61A6,0x0000,
  0x0000,0x0000,0x0000,0x0000,0x49E6,0xE699,0xFF9E,0xFF9E,0xFFDE,0xF6D8,0x6A00,0xED8D,0xED4E,0x81A2,0x9AA6,0xAAE8,
  0xAA68,0xAA6A,0xAAAB,0x9AAB,0x51A6,0x0000,0x0000,0x0000,0x0000,0x0000,0x5227,0x51E7,0x5A07,0x51A4,0x61C2,0xBC29,
  0xCC49,0x7960,0xAA86,0x8140,0x8920,0x9102,0x9103,0x80C4,0x7166,0x0000,0x0000,0x0000,0x0000,0x0000,0x0000,0x0000,
  0x49A5,0xAC2D,0xC46C,0xCC09,0xD448,0xD3E7,0xDC09,0x8140,0xBAA5,0xBAA6,0xBA26,0xBA49,0xB2AB,0x6966,0x0000,0x0000,
  0x0000,0x0000,0x0000,0x0000,0x0000,0x0000,0x61E5,0x69A2,0xC40A,0xCC0A,0xCC09,0xCC0A,0xCC0A,0x7141,0x7963,0x8164,
  0x7965,0x6966,0x1800,0x0000,0x0000,0x0000,0x0000,0x0000,0x0000,0x0000,0x0000,0x0000,0x0000,0x61E6,0x59A4,0x61C5,
  0x59E5,0x5A06,0x0000,0x0000,0x0000,0x0000,0x0000,0x0000,0x0000,0x0000,0x0000,0x0000,0x0000,0x0000,0x0000,0x0000,
  0x0000,0x0000,0x0000,0x0000,0x0000,0x0000,0x0000,0x0000,0x0000,0x0000,0x0000,0x0000,0x0000,0x0000,0x0000,0x0000,
  0x0000,0x0000,0x0000,0x0000,0x0000,0x0000,0x0000,0x0000,0x0000,0x0000,0x0000,0x0000,0x0000,0x0000,0x0000,0x0000,
  0x0000,0x0000,0x0000,0x0000,0x0000,0x0000,0x0000,0x0000,0x0000,0x0000,0x0000,0x0000,0x0000,0x0000,0x0000,0x0000,
  0x0000,0x0000,0x0000,0x0000,0x0000,0x0000,0x0000,0x0000,0x0000,0x0000,0x0000,0x0000,0x0000,0x0000,0x0000,0x0000,
  0x0000,0x0000,0x0000,0x0000,0x0000,0x0000,0x0000,0x0000,0x0000,0x0000,0x0000,0x0000,0x0000,0x0000,0x0000,0x0000,
  0x0000,0x0000,0x0000,0x0000,0x0000,0x0000,0x0000,0x0000,0x0000,0x0000,0x0000,0x0000,0x0000,0x0000,0x0000,0x0000,
  0x0000,0x0000,0x0000,0x0000,0x0000,0x0000,0x0000,0x0000,0x0000,0x0000,0x0000,0x0000,0x0000,0x0000,0x0000,0x0000,
  0x0000,0x0000,0x0000,0x0000,0x0000,0x0000,0x0000,0x0000,0x0000,
};

// /mnt/user-data/uploads/59894__3_.png  20x16
const int bird_f2_w = 20;
const int bird_f2_h = 16;
const uint16_t bird_f2[] PROGMEM = {
  0x0000,0x0000,0x0000,0x0000,0x0000,0x0000,0x0000,0x0000,0x0000,0x0000,0x0000,0x0000,0x0000,0x0000,0x0000,0x0000,
  0x0000,0x0000,0x0000,0x0000,0x0000,0x0000,0x0000,0x0000,0x0000,0x0000,0x0000,0x0000,0x0000,0x0000,0x0000,0x0000,
  0x0000,0x0000,0x0000,0x0000,0x0000,0x0000,0x0000,0x0000,0x0000,0x0000,0x0000,0x0000,0x0000,0x0000,0x0000,0x0000,
  0x5A05,0x5205,0x49E5,0x4A06,0x41E7,0x41C8,0x0000,0x0000,0x0000,0x0000,0x0000,0x0000,0x0000,0x0000,0x0000,0x0000,
  0x0000,0x0000,0x51A4,0x69E4,0xFE74,0xF674,0xEE97,0x5227,0xFFFF,0xFF9F,0x49C8,0x0000,0x0000,0x0000,0x0000,0x0000,
  0x0000,0x0000,0x0000,0x0000,0x0000,0x51C4,0xFE93,0xFE6F,0xF5AB,0xEDAD,0x6204,0xFF7D,0xFFFF,0xF7BF,0xFFBF,0x4A09,
  0x0000,0x0000,0x0000,0x0000,0x0000,0x0000,0x0000,0x0000,0x59E4,0xFE73,0xF5CB,0xF5A8,0xFDA7,0xF58A,0x61E2,0xEEDA,
  0xF7DE,0xFFFF,0x41E8,0xFFBF,0x3986,0x0000,0x0000,0x0000,0x0000,0x0000,0x0000,0x51A5,0xE5AD,0xF5C8,0xF5C6,0xFDC6,
  0xFDA6,0xFDC9,0x61C0,0xEED7,0xFFFE,0xF7FE,0x3A28,0xFFDF,0x5228,0x0000,0x0000,0x0000,0x0000,0x0000,0x0000,0x59E6,
  0xEDCD,0xEDC9,0xEDA8,0xF5C8,0xFDC7,0xED88,0xEDCD,0x61E2,0xEEB7,0xFF9C,0xFFBD,0xFFBE,0x59A6,0x0000,0x0000,0x0000,
  0x0000,0x0000,0x0000,0x59E6,0x51C3,0x59E3,0x5A03,0x59E1,0xEDCC,0xEDAA,0xEDCC,0xED8D,0x7961,0x7942,0x8183,0x7943,
  0x7944,0x7186,0x0000,0x0000,0x0000,0x0000,0x5208,0xE698,0xFFDE,0xFFDE,0xFF7D,0xF6D8,0x69E0,0xF58B,0xF56B,0x8180,
  0xBAA6,0xC266,0xBA46,0xB247,0xB28A,0x9A6A,0x61C6,0x0000,0x0000,0x0000,0x4207,0xFFFE,0xFFDD,0xFFFE,0xFFBD,0x59A2,
  0xCC48,0xE427,0x8940,0xBA64,0x9120,0x88C0,0x9964,0x8903,0x7904,0x7986,0x0000,0x0000,0x0000,0x0000,0x3A07,0xFFFF,
  0xF7BD,0xE6D9,0x5A06,0xBC2C,0xCBE8,0xDC08,0xDBAA,0x8921,0xB2A7,0xAA87,0xA268,0xA2AA,0xA30C,0x5965,0x0000,0x0000,
  0x0000,0x0000,0x0000,0x41E7,0x4A08,0x49C6,0x59C5,0xBC2E,0xC42C,0xCC0B,0xCC0C,0xC42D,0x61C3,0x59C5,0x5985,0x59C7,
  0x51A6,0x0000,0x0000,0x0000,0x0000,0x0000,0x0000,0x0000,0x0000,0x0000,0x0000,0x59A5,0x69C5,0x61A4,0x5983,0x59C4,
  0x0000,0x0000,0x0000,0x0000,0x0000,0x0000,0x0000,0x0000,0x0000,0x0000,0x0000,0x0000,0x0000,0x0000,0x0000,0x0000,
  0x0000,0x0000,0x0000,0x0000,0x0000,0x0000,0x0000,0x0000,0x0000,0x0000,0x0000,0x0000,0x0000,0x0000,0x0000,0x0000,
  0x0000,0x0000,0x0000,0x0000,0x0000,0x0000,0x0000,0x0000,0x0000,0x0000,0x0000,0x0000,0x0000,0x0000,0x0000,0x0000,
};

// /mnt/user-data/uploads/59894__5_.png  25x160
const int pipe_tile_w = 25;
const int pipe_tile_h = 160;
const uint16_t pipe_tile[] PROGMEM = {
  0x49E6,0x5206,0x4A03,0x4A42,0x4A42,0x4A43,0x4A43,0x41E2,0x4A22,0x4222,0x4A23,0x4A44,0x4223,0x4243,0x4243,0x3A23,
  0x4244,0x4223,0x4223,0x4242,0x4A42,0x4A43,0x4224,0x4224,0x4243,0x5226,0xC614,0xDED4,0xDEF3,0xE734,0xE755,0xEF96,
  0xEFB6,0xE755,0xDF34,0xDF15,0xD6F4,0xCED3,0xC692,0xBE71,0xB611,0xADB0,0xA56F,0x9D2D,0x94EB,0x848A,0x7C29,0x73EA,
  0x6BC9,0x6BC7,0x4223,0xE735,0xE773,0xE792,0xEFF3,0xE7B2,0xDF71,0xD750,0xCEEF,0xC6AE,0xBE8E,0xB64E,0xA5EC,0x9DAB,
  0x956A,0x8509,0x7CC9,0x74A8,0x6C67,0x6446,0x6405,0x5BE5,0x5BC6,0x5BC6,0x5BE4,0x4242,0xDF13,0xD731,0xE7D1,0xE7D1,
  0xDFB0,0xDFB0,0xD76F,0xCF2E,0xC6ED,0xB68C,0xAE4C,0xA60A,0x9DCA,0x8D89,0x8548,0x7508,0x6CC7,0x6465,0x5C45,0x5C04,
  0x53E4,0x53C5,0x53E4,0x5403,0x4243,0xDF14,0xE792,0xEFF2,0xDFB1,0xE7F1,0xDFB0,0xD76F,0xD74E,0xC6ED,0xB68C,0xAE4C,
  0xA60A,0x9DCA,0x9589,0x8528,0x7CE7,0x6CA6,0x6465,0x6445,0x5C24,0x5C04,0x5BE5,0x5BE5,0x5BE3,0x4222,0xDF14,0xDF72,
  0xE791,0xE7D1,0xE7F2,0xD76F,0xD76F,0xCF2E,0xC6ED,0xBE8D,0xAE4C,0xA60B,0x9DCA,0x8D89,0x8528,0x7D07,0x74C6,0x6C65,
  0x6445,0x5C04,0x5BE4,0x53C4,0x53C4,0x5BE3,0x4242,0xDF34,0xDF92,0xDFD1,0xE7F1,0xDFB1,0xD76F,0xD7B0,0xC72E,0xBEED,
  0xB68D,0xAE6C,0xA60B,0x95CA,0x8D89,0x8548,0x7CE7,0x74A6,0x6465,0x6445,0x5C24,0x5C04,0x5BE4,0x5C04,0x5C03,0x4242,
  0xD733,0xDF71,0xDFD1,0xDFD1,0xDFF2,0xDFF1,0xCF4F,0xCF4F,0xBEEE,0xB6AD,0xAE6D,0x9E0B,0x95CA,0x8D89,0x8548,0x7D07,
  0x74C6,0x6465,0x5C45,0x5C04,0x53E4,0x53E4,0x53E4,0x53E3,0x4241,0xDF53,0xDF71,0xDFB0,0xE7D1,0xDFD1,0xDFB1,0xD770,
  0xCF2F,0xC6EF,0xB68E,0xAE4D,0xA60C,0x9DCA,0x8D89,0x8548,0x7D07,0x74C6,0x6465,0x5C45,0x5C05,0x5404,0x53E4,0x53E4,
  0x53E4,0x4A43,0xDEF4,0xE773,0xE7B2,0xEFF4,0xE7B3,0xD752,0xD752,0xC6F0,0xC6D0,0xBE6F,0xAE2E,0xA5ED,0x9DAC,0x8D6A,
  0x8529,0x7CC8,0x74A8,0x6C67,0x6427,0x5C06,0x53E6,0x53E5,0x5BE5,0x5BC5,0x4A05,0x736A,0x6B66,0x6BA6,0x6B86,0x6366,
  0x6BA7,0x6386,0x63A7,0x63A7,0x6B87,0x6387,0x6386,0x63A6,0x6386,0x5B66,0x63A7,0x6387,0x63A7,0x5BA8,0x5BA8,0x5BA7,
  0x5BA7,0x63A7,0x6388,0x4A07,0x4205,0x4223,0x4262,0x4262,0x3A41,0x4282,0x3A41,0x3A61,0x4262,0x3A62,0x3A42,0x3A62,
  0x4282,0x4283,0x4283,0x3A62,0x3A62,0x3A62,0x3A83,0x3A83,0x3A62,0x3A42,0x3A22,0x4225,0x0020,0x3A24,0x6BA7,0x5B84,
  0x63E5,0x5BA4,0x5BA4,0x5BE4,0x5BC3,0x63E4,0x63C4,0x5BC4,0x5BA4,0x5BC4,0x5BA4,0x5BA4,0x63C4,0x5BC4,0x5BC4,0x5BC4,
  0x5BC5,0x5BC5,0x63C6,0x6BA8,0x4226,0x0001,0x4265,0x8D0C,0x956B,0xA62D,0xB68E,0xC70F,0xD790,0xDFD1,0xDFF1,0xDFD2,
  0xCF50,0xC6EF,0xB6AE,0xA62C,0x9DCB,0x8528,0x7CE7,0x6C85,0x6424,0x5C04,0x5BC4,0x5BA4,0x6387,0x4206,0x0020,0x3A05,
  0x8CCC,0x9DAC,0xA60D,0xB68D,0xC70F,0xC74E,0xDFD0,0xDFF0,0xDFD1,0xD770,0xC6EF,0xB68D,0xA60C,0x958A,0x8549,0x74E8,
  0x6486,0x5C24,0x5404,0x53E4,0x5BC4,0x63A7,0x4A06,0x0001,0x4246,0x94EC,0x9D8B,0xA60C,0xB68D,0xC70E,0xD76F,0xDFF0,
  0xE7F0,0xDFD0,0xD76F,0xC6EE,0xBEAD,0xAE0C,0x95AA,0x8549,0x74E8,0x6486,0x5C45,0x5405,0x53E4,0x5BC4,0x6386,0x4A06,
  0x0001,0x4226,0x8CEB,0x95AA,0xA62C,0xB6AD,0xC70E,0xD76F,0xDFB0,0xE7F1,0xDFB0,0xD76F,0xC6EE,0xB68D,0xA62B,0x95AA,
  0x8548,0x74E7,0x6486,0x5C45,0x53E4,0x53E4,0x5BE4,0x5BA6,0x4A06,0x0800,0x4226,0x8D0A,0x95CA,0x9E2B,0xB6AD,0xC6EE,
  0xD74F,0xDFB0,0xE7F1,0xDFB0,0xD76F,0xC6EE,0xB68D,0xA62B,0x95A9,0x8548,0x74E7,0x6C86,0x5C25,0x53E4,0x53E4,0x5404,
  0x5BA6,0x4A06,0x0800,0x4226,0x8D0A,0x95CA,0x9E2B,0xB6AD,0xC6EE,0xD74F,0xDFB0,0xE7F1,0xDFB0,0xD76F,0xC6EE,0xB68D,
  0xA62B,0x95A9,0x8548,0x74E7,0x6C86,0x5C25,0x53E4,0x53E4,0x5404,0x5BA6,0x4A06,0x0800,0x4226,0x8D0A,0x95CA,0x9E2B,
  0xB6AD,0xC6EE,0xD74F,0xDFB0,0xE7F1,0xDFB0,0xD76F,0xC6EE,0xB68D,0xA62B,0x95A9,0x8548,0x74E7,0x6C86,0x5C25,0x53E4,
  0x53E4,0x5404,0x5BA6,0x4A06,0x0800,0x4226,0x8D0A,0x95CA,0x9E2B,0xB6AD,0xC6EE,0xD74F,0xDFB0,0xE7F1,0xDFB0,0xD76F,
  0xC6EE,0xB68D,0xA62B,0x95A9,0x8548,0x74E7,0x6C86,0x5C25,0x53E4,0x53E4,0x5404,0x5BA6,0x4A06,0x0800,0x4226,0x8D0A,
  0x95CA,0x9E2B,0xB6AD,0xC6EE,0xD74F,0xDFB0,0xE7F1,0xDFB0,0xD76F,0xC6EE,0xB68D,0xA62B,0x95A9,0x8548,0x74E7,0x6C86,
  0x5C25,0x53E4,0x53E4,0x5404,0x5BA6,0x4A06,0x0800,0x4226,0x8D0A,0x95CA,0x9E2B,0xB6AD,0xC6EE,0xD74F,0xDFB0,0xE7F1,
  0xDFB0,0xD76F,0xC6EE,0xB68D,0xA62B,0x95A9,0x8548,0x74E7,0x6C86,0x5C25,0x53E4,0x53E4,0x5404,0x5BA6,0x4A06,0x0800,
  0x4226,0x8D0A,0x95CA,0x9E2B,0xB6AD,0xC6EE,0xD74F,0xDFB0,0xE7F1,0xDFB0,0xD76F,0xC6EE,0xB68D,0xA62B,0x95A9,0x8548,
  0x74E7,0x6C86,0x5C25,0x53E4,0x53E4,0x5404,0x5BA6,0x4A06,0x0800,0x4226,0x8D0B,0x95CA,0x9E2B,0xB6AD,0xC6EE,0xD74F,
  0xDFB0,0xE7F1,0xDFD0,0xD76F,0xC6EE,0xB68D,0xA62B,0x95C9,0x8548,0x74E7,0x6C86,0x5C25,0x53E4,0x53E4,0x5404,0x5BA6,
  0x4A06,0x0800,0x4226,0x8D0B,0x95CA,0x9E2B,0xB6AD,0xC6EE,0xD74F,0xDFB0,0xE7F1,0xDFD0,0xD76F,0xC6EE,0xB68D,0xA62B,
  0x95C9,0x8548,0x74E7,0x6C86,0x5C25,0x53E4,0x53E4,0x5404,0x5BA6,0x4A06,0x0800,0x4226,0x8D0B,0x95CA,0x9E2B,0xB6AD,
  0xC6EE,0xD74F,0xDFB0,0xE7F1,0xDFD0,0xD76F,0xC6EE,0xB68D,0xA62B,0x95C9,0x8548,0x74E7,0x6C86,0x5C25,0x53E4,0x53E4,
  0x5404,0x5BA6,0x4A06,0x0800,0x4226,0x8D0B,0x95CA,0x9E2B,0xB6AD,0xC6EE,0xD74F,0xDFB0,0xE7F1,0xDFD0,0xD76F,0xC6EE,
  0xB68D,0xA62B,0x95C9,0x8548,0x74E7,0x6C86,0x5C25,0x53E4,0x53E4,0x5404,0x5BA6,0x4A06,0x0800,0x4226,0x8D0B,0x95CA,
  0x9E2B,0xB6AD,0xC6EE,0xD74F,0xDFB0,0xE7F1,0xDFD0,0xD76F,0xC6EE,0xB68D,0xA62B,0x95C9,0x8548,0x74E7,0x6C86,0x5C25,
  0x53E4,0x53E4,0x5404,0x5BA6,0x4A06,0x0800,0x4226,0x8D0B,0x95CA,0x9E2B,0xB6AD,0xC6EE,0xD74F,0xDFB0,0xE7F1,0xDFD0,
  0xD76F,0xC6EE,0xB68D,0xA62B,0x95C9,0x8548,0x74E7,0x6C86,0x5C25,0x53E4,0x53E4,0x5404,0x5BA6,0x4A06,0x0800,0x4226,
  0x8D0B,0x95CA,0x9E2B,0xB6AD,0xC6EE,0xD74F,0xDFB0,0xE7F1,0xDFD0,0xD76F,0xC6EE,0xB68D,0xA62B,0x95C9,0x8548,0x74E7,
  0x6C86,0x5C25,0x53E4,0x53E4,0x5404,0x5BA6,0x4A06,0x0800,0x4226,0x8D0B,0x95CA,0x9E2B,0xB6AD,0xC6EE,0xD74F,0xDFB0,
  0xE7F1,0xDFD0,0xD76F,0xC6EE,0xB68D,0xA62B,0x95C9,0x8548,0x74E7,0x6C86,0x5C25,0x53E4,0x53E4,0x5404,0x5BA6,0x4A06,
  0x0800,0x4226,0x8D0B,0x95CA,0x9E2B,0xB6AD,0xC6EE,0xD76F,0xDFB0,0xE7F1,0xDFD0,0xD76F,0xC6EE,0xB68D,0xA62B,0x95A9,
  0x8548,0x74E7,0x6C86,0x5C25,0x53E4,0x53E4,0x5404,0x5BA6,0x4A06,0x0800,0x4226,0x8D0B,0x95CA,0x9E2B,0xB6AD,0xC6EE,
  0xD76F,0xDFB0,0xE7F1,0xDFD0,0xD76F,0xC6EE,0xB68D,0xA62B,0x95A9,0x8548,0x74E7,0x6C86,0x5C25,0x53E4,0x53E4,0x5404,
  0x5BA6,0x4A06,0x0800,0x4226,0x8D0B,0x95CA,0x9E2B,0xB6AD,0xC6EE,0xD76F,0xDFB0,0xE7F1,0xDFD0,0xD76F,0xC6EE,0xB68D,
  0xA62B,0x95A9,0x8548,0x74E7,0x6C86,0x5C25,0x53E4,0x53E4,0x5404,0x5BA6,0x4A06,0x0800,0x4226,0x8D0B,0x95CA,0x9E2B,
  0xB6AD,0xC6EE,0xD76F,0xDFB0,0xE7F1,0xDFD0,0xD76F,0xC6EE,0xB68D,0xA62B,0x95A9,0x8548,0x74E7,0x6C86,0x5C25,0x53E4,
  0x53E4,0x5404,0x5BA6,0x4A06,0x0800,0x4226,0x8D0B,0x95CA,0x9E2B,0xB6AD,0xC6EE,0xD76F,0xDFB0,0xE7F1,0xDFD0,0xD76F,
  0xC6EE,0xB68D,0xA62B,0x95A9,0x8548,0x74E7,0x6C86,0x5C25,0x53E4,0x53E4,0x5404,0x5BA6,0x4A06,0x0800,0x4226,0x8D0B,
  0x95CA,0x9E2B,0xB6AD,0xC6EE,0xD76F,0xDFB0,0xE7F1,0xDFD0,0xD76F,0xC6EE,0xB68D,0xA62B,0x95A9,0x8548,0x74E7,0x6C86,
  0x5C25,0x53E4,0x53E4,0x5404,0x5BA6,0x4A06,0x0800,0x4226,0x8D0B,0x95CA,0x9E2B,0xB6AD,0xC6EE,0xD76F,0xDFB0,0xE7F1,
  0xDFD0,0xD76F,0xC6EE,0xB68D,0xA62B,0x95A9,0x8548,0x74E7,0x6C86,0x5C25,0x53E4,0x53E4,0x5404,0x5BA6,0x4A06,0x0800,
  0x4226,0x8D0B,0x95CA,0x9E2B,0xB6AD,0xC6EE,0xD76F,0xDFB0,0xE7F1,0xDFD0,0xD76F,0xC6EE,0xB68D,0xA62B,0x95A9,0x8548,
  0x74E7,0x6C86,0x5C25,0x53E4,0x53E4,0x5404,0x5BA6,0x4A06,0x0800,0x4226,0x8D0B,0x95CA,0x9E2B,0xB6AD,0xC6EE,0xD74F,
  0xDFB0,0xE7F1,0xDFD0,0xD76F,0xC6EE,0xB68D,0xA62B,0x95A9,0x8548,0x74E7,0x6C86,0x5C25,0x53E4,0x53E4,0x5404,0x5BA6,
  0x4A06,0x0800,0x4226,0x8D0B,0x95CA,0x9E2B,0xB6AD,0xC6EE,0xD74F,0xDFB0,0xE7F1,0xDFD0,0xD76F,0xC6EE,0xB68D,0xA62B,
  0x95A9,0x8548,0x74E7,0x6C86,0x5C25,0x53E4,0x53E4,0x5404,0x5BA6,0x4A06,0x0800,0x4226,0x8D0B,0x95CA,0x9E2B,0xB6AD,
  0xC6EE,0xD74F,0xDFB0,0xE7F1,0xDFD0,0xD76F,0xC6EE,0xB68D,0xA62B,0x95A9,0x8548,0x74E7,0x6C86,0x5C25,0x53E4,0x53E4,
  0x5404,0x5BA6,0x4A06,0x0800,0x4226,0x8D0B,0x95CA,0x9E2B,0xB6AD,0xC6EE,0xD74F,0xDFB0,0xE7F1,0xDFD0,0xD76F,0xC6EE,
  0xB68D,0xA62B,0x95A9,0x8548,0x74E7,0x6C86,0x5C25,0x53E4,0x53E4,0x5404,0x5BA6,0x4A06,0x0800,0x4226,0x8D0B,0x95CA,
  0x9E2B,0xB6AD,0xC6EE,0xD74F,0xDFB0,0xE7F1,0xDFD0,0xD76F,0xC6EE,0xB68D,0xA62B,0x95A9,0x8548,0x74E7,0x6C86,0x5C25,
  0x53E4,0x53E4,0x5404,0x5BA6,0x4A06,0x0800,0x4226,0x8D0B,0x95CA,0x9E2B,0xB6AD,0xC6EE,0xD74F,0xDFB0,0xE7F1,0xDFD0,
  0xD76F,0xC6EE,0xB68D,0xA62B,0x95A9,0x8548,0x74E7,0x6C86,0x5C25,0x53E4,0x53E4,0x5404,0x5BA6,0x4A06,0x0800,0x4226,
  0x8D0B,0x95CA,0x9E2B,0xB6AD,0xC6EE,0xD74F,0xDFB0,0xE7F1,0xDFD0,0xD76F,0xC6EE,0xB68D,0xA62B,0x95A9,0x8548,0x74E7,
  0x6C86,0x5C25,0x53E4,0x53E4,0x5404,0x5BA6,0x4A06,0x0800,0x4226,0x8D0B,0x95CA,0x9E2B,0xB6AD,0xC6EE,0xD74F,0xDFB0,
  0xE7F1,0xDFD0,0xD76F,0xC6EE,0xB68D,0xA62B,0x95A9,0x8548,0x74E7,0x6C86,0x5C25,0x53E4,0x53E4,0x5404,0x5BA6,0x4A06,
  0x0800,0x4226,0x8D0B,0x95CA,0x9E2B,0xB6AD,0xC6EE,0xD76F,0xDFB0,0xE7F1,0xDFB0,0xD76F,0xC6EE,0xB68D,0xA62B,0x95C9,
  0x8548,0x74E7,0x6C86,0x5C25,0x53E4,0x53E4,0x5404,0x5BA6,0x4A06,0x0800,0x4226,0x8D0B,0x95CA,0x9E2B,0xB6AD,0xC6EE,
  0xD76F,0xDFB0,0xE7F1,0xDFB0,0xD76F,0xC6EE,0xB68D,0xA62B,0x95C9,0x8548,0x74E7,0x6C86,0x5C25,0x53E4,0x53E4,0x5404,
  0x5BA6,0x4A06,0x0800,0x4226,0x8D0B,0x95CA,0x9E2B,0xB6AD,0xC6EE,0xD76F,0xDFB0,0xE7F1,0xDFB0,0xD76F,0xC6EE,0xB68D,
  0xA62B,0x95C9,0x8548,0x74E7,0x6C86,0x5C25,0x53E4,0x53E4,0x5404,0x5BA6,0x4A06,0x0800,0x4226,0x8D0B,0x95CA,0x9E2B,
  0xB6AD,0xC6EE,0xD76F,0xDFB0,0xE7F1,0xDFB0,0xD76F,0xC6EE,0xB68D,0xA62B,0x95C9,0x8548,0x74E7,0x6C86,0x5C25,0x53E4,
  0x53E4,0x5404,0x5BA6,0x4A06,0x0800,0x4226,0x8D0B,0x95CA,0x9E2B,0xB6AD,0xC6EE,0xD76F,0xDFB0,0xE7F1,0xDFB0,0xD76F,
  0xC6EE,0xB68D,0xA62B,0x95C9,0x8548,0x74E7,0x6C86,0x5C25,0x53E4,0x53E4,0x5404,0x5BA6,0x4A06,0x0800,0x4226,0x8D0B,
  0x95CA,0x9E2B,0xB6AD,0xC6EE,0xD76F,0xDFB0,0xE7F1,0xDFB0,0xD76F,0xC6EE,0xB68D,0xA62B,0x95C9,0x8548,0x74E7,0x6C86,
  0x5C25,0x53E4,0x53E4,0x5404,0x5BA6,0x4A06,0x0800,0x4226,0x8D0B,0x95CA,0x9E2B,0xB6AD,0xC6EE,0xD76F,0xDFB0,0xE7F1,
  0xDFB0,0xD76F,0xC6EE,0xB68D,0xA62B,0x95C9,0x8548,0x74E7,0x6C86,0x5C25,0x53E4,0x53E4,0x5404,0x5BA6,0x4A06,0x0800,
  0x4226,0x8D0B,0x95CA,0x9E2B,0xB6AD,0xC6EE,0xD76F,0xDFB0,0xE7F1,0xDFB0,0xD76F,0xC6EE,0xB68D,0xA62B,0x95C9,0x8548,
  0x74E7,0x6C86,0x5C25,0x53E4,0x53E4,0x5404,0x5BA6,0x4A06,0x0800,0x4226,0x8D0B,0x95CA,0x9E2B,0xB6AD,0xC6EE,0xD76F,
  0xDFB0,0xE7F1,0xDFD0,0xD76F,0xC6EE,0xB68D,0xA62B,0x95A9,0x8548,0x74E7,0x6C86,0x5C25,0x53E4,0x53E4,0x5404,0x5BA6,
  0x4A06,0x0800,0x4226,0x8D0B,0x95CA,0x9E2B,0xB6AD,0xC6EE,0xD76F,0xDFB0,0xE7F1,0xDFD0,0xD76F,0xC6EE,0xB68D,0xA62B,
  0x95A9,0x8548,0x74E7,0x6C86,0x5C25,0x53E4,0x53E4,0x5404,0x5BA6,0x4A06,0x0800,0x4226,0x8D0B,0x95CA,0x9E2B,0xB6AD,
  0xC6EE,0xD76F,0xDFB0,0xE7F1,0xDFD0,0xD76F,0xC6EE,0xB68D,0xA62B,0x95A9,0x8548,0x74E7,0x6C86,0x5C25,0x53E4,0x53E4,
  0x5404,0x5BA6,0x4A06,0x0800,0x4226,0x8D0B,0x95CA,0x9E2B,0xB6AD,0xC6EE,0xD76F,0xDFB0,0xE7F1,0xDFD0,0xD76F,0xC6EE,
  0xB68D,0xA62B,0x95A9,0x8548,0x74E7,0x6C86,0x5C25,0x53E4,0x53E4,0x5404,0x5BA6,0x4A06,0x0800,0x4226,0x8D0B,0x95CA,
  0x9E2B,0xB6AD,0xC6EE,0xD76F,0xDFB0,0xE7F1,0xDFD0,0xD76F,0xC6EE,0xB68D,0xA62B,0x95A9,0x8548,0x74E7,0x6C86,0x5C25,
  0x53E4,0x53E4,0x5404,0x5BA6,0x4A06,0x0800,0x4226,0x8D0B,0x95CA,0x9E2B,0xB6AD,0xC6EE,0xD76F,0xDFB0,0xE7F1,0xDFD0,
  0xD76F,0xC6EE,0xB68D,0xA62B,0x95A9,0x8548,0x74E7,0x6C86,0x5C25,0x53E4,0x53E4,0x5404,0x5BA6,0x4A06,0x0800,0x4226,
  0x8D0B,0x95CA,0x9E2B,0xB6AD,0xC6EE,0xD76F,0xDFB0,0xE7F1,0xDFD0,0xD76F,0xC6EE,0xB68D,0xA62B,0x95A9,0x8548,0x74E7,
  0x6C86,0x5C25,0x53E4,0x53E4,0x5404,0x5BA6,0x4A06,0x0800,0x4226,0x8D0B,0x95CA,0x9E2B,0xB6AD,0xC6EE,0xD76F,0xDFB0,
  0xE7F1,0xDFD0,0xD76F,0xC6EE,0xB68D,0xA64B,0x95A9,0x8548,0x74E7,0x6C86,0x5C25,0x53E4,0x53E4,0x5404,0x5BA6,0x4A06,
  0x0800,0x4226,0x8D0B,0x95CA,0x9E2B,0xB6AD,0xC70E,0xD76F,0xDFB0,0xE7F1,0xDFB0,0xD76F,0xC6EE,0xB68D,0xA62B,0x95C9,
  0x8548,0x74E7,0x6C86,0x5C25,0x53E4,0x53E4,0x5404,0x5BA6,0x4A06,0x0800,0x4226,0x8D0B,0x95CA,0x9E2B,0xB6AD,0xC70E,
  0xD76F,0xDFB0,0xE7F1,0xDFB0,0xD76F,0xC6EE,0xB68D,0xA62B,0x95C9,0x8548,0x74E7,0x6C86,0x5C25,0x53E4,0x53E4,0x5404,
  0x5BA6,0x4A06,0x0800,0x4226,0x8D0B,0x95CA,0x9E2B,0xB6AD,0xC70E,0xD76F,0xDFB0,0xE7F1,0xDFB0,0xD76F,0xC6EE,0xB68D,
  0xA62B,0x95C9,0x8548,0x74E7,0x6C86,0x5C25,0x53E4,0x53E4,0x5404,0x5BA6,0x4A06,0x0800,0x4226,0x8D0B,0x95CA,0x9E2B,
  0xB6AD,0xC70E,0xD76F,0xDFB0,0xE7F1,0xDFB0,0xD76F,0xC6EE,0xB68D,0xA62B,0x95C9,0x8548,0x74E7,0x6C86,0x5C25,0x53E4,
  0x53E4,0x5404,0x5BA6,0x4A06,0x0800,0x4226,0x8D0B,0x95CA,0x9E2B,0xB6AD,0xC70E,0xD76F,0xDFB0,0xE7F1,0xDFB0,0xD76F,
  0xC6EE,0xB68D,0xA62B,0x95C9,0x8548,0x74E7,0x6C86,0x5C25,0x53E4,0x53E4,0x5404,0x5BA6,0x4A06,0x0800,0x4226,0x8D0B,
  0x95CA,0x9E2B,0xB6AD,0xC70E,0xD76F,0xDFB0,0xE7F1,0xDFB0,0xD76F,0xC6EE,0xB68D,0xA62B,0x95C9,0x8548,0x74E7,0x6C86,
  0x5C25,0x53E4,0x53E4,0x5404,0x5BA6,0x4A06,0x0800,0x4226,0x8D0B,0x95CA,0x9E2B,0xB6AD,0xC70E,0xD76F,0xDFB0,0xE7F1,
  0xDFB0,0xD76F,0xC6EE,0xB68D,0xA62B,0x95C9,0x8548,0x74E7,0x6C86,0x5C25,0x53E4,0x53E4,0x5404,0x5BA6,0x4A06,0x0800,
  0x4226,0x8D0B,0x95CA,0x9E2B,0xB6AD,0xC70E,0xD76F,0xDFB0,0xE7F1,0xDFB0,0xD76F,0xC6EE,0xB68D,0xA62B,0x95C9,0x8548,
  0x74E7,0x6C86,0x5C25,0x53E4,0x53E4,0x5404,0x5BA6,0x4A06,0x0800,0x4226,0x8D0B,0x95CA,0x9E2B,0xB6AD,0xC70E,0xD76F,
  0xDFB0,0xE7F1,0xDFB0,0xD76F,0xC6EE,0xB68D,0xA62B,0x95C9,0x8548,0x74E7,0x6C86,0x5C25,0x53E4,0x53E4,0x5404,0x5BA6,
  0x4A06,0x0800,0x4226,0x8D0B,0x95CA,0x9E2B,0xB6AD,0xC70E,0xD76F,0xDFB0,0xE7F1,0xDFB0,0xD76F,0xC6EE,0xB68D,0xA62B,
  0x95C9,0x8548,0x74E7,0x6C86,0x5C25,0x53E4,0x53E4,0x5404,0x5BA6,0x4A06,0x0800,0x4226,0x8D0B,0x95CA,0x9E2B,0xB6AD,
  0xC70E,0xD76F,0xDFB0,0xE7F1,0xDFB0,0xD76F,0xC6EE,0xB68D,0xA62B,0x95C9,0x8548,0x74E7,0x6C86,0x5C25,0x53E4,0x53E4,
  0x5404,0x5BA6,0x4A06,0x0800,0x4226,0x8D0B,0x95CA,0x9E2B,0xB6AD,0xC70E,0xD76F,0xDFB0,0xE7F1,0xDFB0,0xD76F,0xC6EE,
  0xB68D,0xA62B,0x95C9,0x8548,0x74E7,0x6C86,0x5C25,0x53E4,0x53E4,0x5404,0x5BA6,0x4A06,0x0800,0x4226,0x8D0B,0x95CA,
  0x9E2B,0xB6AD,0xC70E,0xD76F,0xDFB0,0xE7F1,0xDFB0,0xD76F,0xC6EE,0xB68D,0xA62B,0x95C9,0x8548,0x74E7,0x6C86,0x5C25,
  0x53E4,0x53E4,0x5404,0x5BA6,0x4A06,0x0800,0x4226,0x8D0B,0x95CA,0x9E2B,0xB6AD,0xC70E,0xD76F,0xDFB0,0xE7F1,0xDFB0,
  0xD76F,0xC6EE,0xB68D,0xA62B,0x95C9,0x8548,0x74E7,0x6C86,0x5C25,0x53E4,0x53E4,0x5404,0x5BA6,0x4A06,0x0800,0x4226,
  0x8D0B,0x95CA,0x9E2B,0xB6AD,0xC70E,0xD76F,0xDFB0,0xE7F1,0xDFB0,0xD76F,0xC6EE,0xB68D,0xA62B,0x95C9,0x8548,0x74E7,
  0x6C86,0x5C25,0x53E4,0x53E4,0x5404,0x5BA6,0x4A06,0x0800,0x4226,0x8D0B,0x95CA,0x9E2B,0xB6AD,0xC70E,0xD76F,0xDFB0,
  0xE7F1,0xDFB0,0xD76F,0xC6EE,0xB68D,0xA62B,0x95C9,0x8548,0x74E7,0x6C86,0x5C25,0x53E4,0x53E4,0x5404,0x5BA6,0x4A06,
  0x0800,0x4226,0x8D0B,0x95CA,0xA62B,0xB6AD,0xC6EE,0xD76F,0xDFB0,0xE7F1,0xDFD0,0xD76F,0xC6EE,0xB68D,0xA64B,0x95A9,
  0x8548,0x74E7,0x6C86,0x5C25,0x53E4,0x53E4,0x5404,0x5BA6,0x4A06,0x0800,0x4226,0x8D0B,0x95CA,0xA62B,0xB6AD,0xC6EE,
  0xD76F,0xDFB0,0xE7F1,0xDFD0,0xD76F,0xC6EE,0xB68D,0xA62B,0x95A9,0x8548,0x74E7,0x6C86,0x5C25,0x53E4,0x53E4,0x5404,
  0x5BA6,0x4A06,0x0800,0x4226,0x8D0B,0x95CA,0xA62B,0xB6AD,0xC6EE,0xD76F,0xDFB0,0xE7F1,0xDFD0,0xD76F,0xC6EE,0xB68D,
  0xA62B,0x95A9,0x8548,0x74E7,0x6C86,0x5C25,0x53E4,0x53E4,0x5404,0x5BA6,0x4A06,0x0800,0x4226,0x8D0B,0x95CA,0xA62B,
  0xB6AD,0xC6EE,0xD76F,0xDFB0,0xE7F1,0xDFD0,0xD76F,0xC6EE,0xB68D,0xA62B,0x95A9,0x8548,0x74E7,0x6C86,0x5C25,0x53E4,
  0x53E4,0x5404,0x5BA6,0x4A06,0x0800,0x4226,0x8D0B,0x95CA,0xA62B,0xB6AD,0xC6EE,0xD76F,0xDFB0,0xE7F1,0xDFD0,0xD76F,
  0xC6EE,0xB68D,0xA62B,0x95A9,0x8548,0x74E7,0x6C86,0x5C25,0x53E4,0x53E4,0x5404,0x5BA6,0x4A06,0x0800,0x4226,0x8D0B,
  0x95CA,0xA62B,0xB6AD,0xC6EE,0xD76F,0xDFB0,0xE7F1,0xDFD0,0xD76F,0xC6EE,0xB68D,0xA62B,0x95A9,0x8548,0x74E7,0x6C86,
  0x5C25,0x53E4,0x53E4,0x5404,0x5BA6,0x4A06,0x0800,0x4226,0x8D0B,0x95CA,0xA62B,0xB6AD,0xC6EE,0xD76F,0xDFB0,0xE7F1,
  0xDFD0,0xD76F,0xC6EE,0xB68D,0xA62B,0x95A9,0x8548,0x74E7,0x6C86,0x5C25,0x53E4,0x53E4,0x5404,0x5BA6,0x4A06,0x0800,
  0x4226,0x8D0B,0x95CA,0xA62B,0xB6AD,0xC6EE,0xD76F,0xDFB0,0xE7F1,0xDFD0,0xD76F,0xC6EE,0xB68D,0xA62B,0x95A9,0x8548,
  0x74E7,0x6C86,0x5C25,0x53E4,0x53E4,0x5404,0x5BA6,0x4A06,0x0800,0x4226,0x8D0B,0x95CA,0x9E2B,0xB6AD,0xC6EE,0xD76F,
  0xDFB0,0xE7F1,0xDFD0,0xD76F,0xC6EE,0xB68D,0xA62B,0x95A9,0x8548,0x74E7,0x6C86,0x5C25,0x53E4,0x53E4,0x5404,0x5BA6,
  0x4A06,0x0800,0x4226,0x8D0B,0x95CA,0x9E2B,0xB6AD,0xC6EE,0xD76F,0xDFB0,0xE7F1,0xDFD0,0xD76F,0xC6EE,0xB68D,0xA62B,
  0x95A9,0x8548,0x74E7,0x6C86,0x5C25,0x53E4,0x53E4,0x5404,0x5BA6,0x4A06,0x0800,0x4226,0x8D0B,0x95CA,0x9E2B,0xB6AD,
  0xC6EE,0xD76F,0xDFB0,0xE7F1,0xDFD0,0xD76F,0xC6EE,0xB68D,0xA62B,0x95A9,0x8548,0x74E7,0x6C86,0x5C25,0x53E4,0x53E4,
  0x5404,0x5BA6,0x4A06,0x0800,0x4226,0x8D0B,0x95CA,0x9E2B,0xB6AD,0xC6EE,0xD76F,0xDFB0,0xE7F1,0xDFD0,0xD76F,0xC6EE,
  0xB68D,0xA62B,0x95A9,0x8548,0x74E7,0x6C86,0x5C25,0x53E4,0x53E4,0x5404,0x5BA6,0x4A06,0x0800,0x4226,0x8D0B,0x95CA,
  0x9E2B,0xB6AD,0xC6EE,0xD76F,0xDFB0,0xE7F1,0xDFD0,0xD76F,0xC6EE,0xB68D,0xA62B,0x95A9,0x8548,0x74E7,0x6C86,0x5C25,
  0x53E4,0x53E4,0x5404,0x5BA6,0x4A06,0x0800,0x4226,0x8D0B,0x95CA,0x9E2B,0xB6AD,0xC6EE,0xD76F,0xDFB0,0xE7F1,0xDFD0,
  0xD76F,0xC6EE,0xB68D,0xA62B,0x95A9,0x8548,0x74E7,0x6C86,0x5C25,0x53E4,0x53E4,0x5404,0x5BA6,0x4A06,0x0800,0x4226,
  0x8D0B,0x95CA,0x9E2B,0xB6AD,0xC6EE,0xD76F,0xDFB0,0xE7F1,0xDFD0,0xD76F,0xC6EE,0xB68D,0xA62B,0x95A9,0x8548,0x74E7,
  0x6C86,0x5C25,0x53E4,0x53E4,0x5404,0x5BA6,0x4A06,0x0800,0x4226,0x8D0B,0x95CA,0x9E2B,0xB6AD,0xC6EE,0xD76F,0xDFB0,
  0xE7F1,0xDFD0,0xD76F,0xC6EE,0xB68D,0xA62B,0x95A9,0x8548,0x74E7,0x6C86,0x5C25,0x53E4,0x53E4,0x5404,0x5BA6,0x4A06,
  0x0800,0x4226,0x8D0B,0x95CA,0x9E2B,0xB6AD,0xC6EE,0xD76F,0xDFB0,0xE7F1,0xDFD0,0xD76F,0xC6EE,0xB68D,0xA62B,0x95A9,
  0x8548,0x74E7,0x6C86,0x5C25,0x53E4,0x53E4,0x5404,0x5BA6,0x4A06,0x0800,0x4226,0x8D0B,0x95CA,0x9E2B,0xB6AD,0xC6EE,
  0xD76F,0xDFB0,0xE7F1,0xDFD0,0xD76F,0xC6EE,0xB68D,0xA62B,0x95A9,0x8548,0x74E7,0x6C86,0x5C25,0x53E4,0x53E4,0x5404,
  0x5BA6,0x4A06,0x0800,0x4226,0x8D0B,0x95CA,0x9E2B,0xB6AD,0xC6EE,0xD76F,0xDFB0,0xE7F1,0xDFD0,0xD76F,0xC6EE,0xB68D,
  0xA62B,0x95A9,0x8548,0x74E7,0x6C86,0x5C25,0x53E4,0x53E4,0x5404,0x5BA6,0x4A06,0x0800,0x4226,0x8D0B,0x95CA,0x9E2B,
  0xB6AD,0xC6EE,0xD76F,0xDFB0,0xE7F1,0xDFD0,0xD76F,0xC6EE,0xB68D,0xA62B,0x95A9,0x8548,0x74E7,0x6C86,0x5C25,0x53E4,
  0x53E4,0x5404,0x5BA6,0x4A06,0x0800,0x4226,0x8D0B,0x95CA,0x9E2B,0xB6AD,0xC6EE,0xD76F,0xDFB0,0xE7F1,0xDFD0,0xD76F,
  0xC6EE,0xB68D,0xA62B,0x95A9,0x8548,0x74E7,0x6C86,0x5C25,0x53E4,0x53E4,0x5404,0x5BA6,0x4A06,0x0800,0x4226,0x8D0B,
  0x95CA,0x9E2B,0xB6AD,0xC6EE,0xD76F,0xDFB0,0xE7F1,0xDFD0,0xD76F,0xC6EE,0xB68D,0xA62B,0x95A9,0x8548,0x74E7,0x6C86,
  0x5C25,0x53E4,0x53E4,0x5404,0x5BA6,0x4A06,0x0800,0x4226,0x8D0B,0x95CA,0x9E2B,0xB6AD,0xC6EE,0xD76F,0xDFB0,0xE7F1,
  0xDFD0,0xD76F,0xC6EE,0xB68D,0xA62B,0x95A9,0x8548,0x74E7,0x6C86,0x5C25,0x53E4,0x53E4,0x5404,0x5BA6,0x4A06,0x0800,
  0x4226,0x8D0B,0x95CA,0x9E2B,0xB6AD,0xC6EE,0xD76F,0xDFB0,0xE7F1,0xDFD0,0xD76F,0xC6EE,0xB68D,0xA62B,0x95A9,0x8548,
  0x74E7,0x6C86,0x5C25,0x53E4,0x53E4,0x5404,0x5BA6,0x4A06,0x0800,0x4226,0x8D0A,0x95CA,0x9E2B,0xB6AD,0xC6EE,0xD74F,
  0xDFB0,0xE7F1,0xDFB0,0xD76F,0xC6EE,0xB68D,0xA62B,0x95C9,0x8548,0x74E7,0x6C86,0x5C25,0x53E4,0x53E4,0x5404,0x5BA6,
  0x4A06,0x0800,0x4226,0x8D0A,0x95CA,0x9E2B,0xB6AD,0xC6EE,0xD74F,0xDFB0,0xE7F1,0xDFB0,0xD76F,0xC6EE,0xB68D,0xA62B,
  0x95C9,0x8548,0x74E7,0x6C86,0x5C25,0x53E4,0x53E4,0x5404,0x5BA6,0x4A06,0x0800,0x4226,0x8D0A,0x95CA,0x9E2B,0xB6AD,
  0xC6EE,0xD74F,0xDFB0,0xE7F1,0xDFB0,0xD76F,0xC6EE,0xB68D,0xA62B,0x95C9,0x8548,0x74E7,0x6C86,0x5C25,0x53E4,0x53E4,
  0x5404,0x5BA6,0x4A06,0x0800,0x4226,0x8D0A,0x95CA,0x9E2B,0xB6AD,0xC6EE,0xD74F,0xDFB0,0xE7F1,0xDFB0,0xD76F,0xC6EE,
  0xB68D,0xA62B,0x95C9,0x8548,0x74E7,0x6C86,0x5C25,0x53E4,0x53E4,0x5404,0x5BA6,0x4A06,0x0800,0x4226,0x8D0A,0x95CA,
  0x9E2B,0xB6AD,0xC6EE,0xD74F,0xDFB0,0xE7F1,0xDFB0,0xD76F,0xC6EE,0xB68D,0xA62B,0x95C9,0x8548,0x74E7,0x6C86,0x5C25,
  0x53E4,0x53E4,0x5404,0x5BA6,0x4A06,0x0800,0x4226,0x8D0A,0x95CA,0x9E2B,0xB6AD,0xC6EE,0xD74F,0xDFB0,0xE7F1,0xDFB0,
  0xD76F,0xC6EE,0xB68D,0xA62B,0x95C9,0x8548,0x74E7,0x6C86,0x5C25,0x53E4,0x53E4,0x5404,0x5BA6,0x4A06,0x0800,0x4226,
  0x8D0A,0x95CA,0x9E2B,0xB6AD,0xC6EE,0xD74F,0xDFB0,0xE7F1,0xDFB0,0xD76F,0xC6EE,0xB68D,0xA62B,0x95C9,0x8548,0x74E7,
  0x6C86,0x5C25,0x53E4,0x53E4,0x5404,0x5BA6,0x4A06,0x0800,0x4226,0x8D0A,0x95CA,0x9E2B,0xB6AD,0xC6EE,0xD74F,0xDFB0,
  0xE7F1,0xDFB0,0xD76F,0xC6EE,0xB68D,0xA62B,0x95C9,0x8548,0x74E7,0x6C86,0x5C25,0x53E4,0x53E4,0x5404,0x5BA6,0x4A06,
  0x0800,0x4226,0x8D0B,0x95CA,0x9E2B,0xB6AD,0xC6EE,0xD76F,0xDFB0,0xE7F1,0xDFD0,0xD76F,0xC6EE,0xB68D,0xA62B,0x95A9,
  0x8548,0x74E7,0x6C86,0x5C25,0x53E4,0x53E4,0x5404,0x5BA6,0x4A06,0x0800,0x4226,0x8D0B,0x95CA,0x9E2B,0xB6AD,0xC6EE,
  0xD76F,0xDFB0,0xE7F1,0xDFD0,0xD76F,0xC6EE,0xB68D,0xA62B,0x95A9,0x8548,0x74E7,0x6C86,0x5C25,0x53E4,0x53E4,0x5404,
  0x5BA6,0x4A06,0x0800,0x4226,0x8D0B,0x95CA,0x9E2B,0xB6AD,0xC6EE,0xD76F,0xDFB0,0xE7F1,0xDFD0,0xD76F,0xC6EE,0xB68D,
  0xA62B,0x95A9,0x8548,0x74E7,0x6C86,0x5C25,0x53E4,0x53E4,0x5404,0x5BA6,0x4A06,0x0800,0x4226,0x8D0B,0x95CA,0x9E2B,
  0xB6AD,0xC6EE,0xD76F,0xDFB0,0xE7F1,0xDFD0,0xD76F,0xC6EE,0xB68D,0xA62B,0x95A9,0x8548,0x74E7,0x6C86,0x5C25,0x53E4,
  0x53E4,0x5404,0x5BA6,0x4A06,0x0800,0x4226,0x8D0B,0x95CA,0x9E2B,0xB6AD,0xC6EE,0xD76F,0xDFB0,0xE7F1,0xDFD0,0xD76F,
  0xC6EE,0xB68D,0xA62B,0x95A9,0x8548,0x74E7,0x6C86,0x5C25,0x53E4,0x53E4,0x5404,0x5BA6,0x4A06,0x0800,0x4226,0x8D0B,
  0x95CA,0x9E2B,0xB6AD,0xC6EE,0xD76F,0xDFB0,0xE7F1,0xDFD0,0xD76F,0xC6EE,0xB68D,0xA62B,0x95A9,0x8548,0x74E7,0x6C86,
  0x5C25,0x53E4,0x53E4,0x5404,0x5BA6,0x4A06,0x0800,0x4226,0x8D0B,0x95CA,0x9E2B,0xB6AD,0xC6EE,0xD76F,0xDFB0,0xE7F1,
  0xDFD0,0xD76F,0xC6EE,0xB68D,0xA62B,0x95A9,0x8548,0x74E7,0x6C86,0x5C25,0x53E4,0x53E4,0x5404,0x5BA6,0x4A06,0x0800,
  0x4226,0x8D0B,0x95CA,0x9E2B,0xB6AD,0xC6EE,0xD76F,0xDFB0,0xE7F1,0xDFD0,0xD76F,0xC6EE,0xB68D,0xA62B,0x95A9,0x8548,
  0x74E7,0x6C86,0x5C25,0x53E4,0x53E4,0x5404,0x5BA6,0x4A06,0x0800,0x4226,0x8D0A,0x95CA,0x9E2B,0xB6AD,0xC6EE,0xD74F,
  0xDFB0,0xE7F1,0xDFD0,0xD76F,0xC6EE,0xB68D,0xA62B,0x95A9,0x8548,0x74E7,0x6C86,0x5C25,0x53E4,0x53E4,0x5404,0x5BA6,
  0x4A06,0x0800,0x4226,0x8D0A,0x95CA,0x9E2B,0xB6AD,0xC6EE,0xD74F,0xDFB0,0xE7F1,0xDFD0,0xD76F,0xC6EE,0xB68D,0xA62B,
  0x95A9,0x8548,0x74E7,0x6C86,0x5C25,0x53E4,0x53E4,0x5404,0x5BA6,0x4A06,0x0800,0x4226,0x8D0A,0x95CA,0x9E2B,0xB6AD,
  0xC6EE,0xD74F,0xDFB0,0xE7F1,0xDFD0,0xD76F,0xC6EE,0xB68D,0xA62B,0x95A9,0x8548,0x74E7,0x6C86,0x5C25,0x53E4,0x53E4,
  0x5404,0x5BA6,0x4A06,0x0800,0x4226,0x8D0A,0x95CA,0x9E2B,0xB6AD,0xC6EE,0xD74F,0xDFB0,0xE7F1,0xDFD0,0xD76F,0xC6EE,
  0xB68D,0xA62B,0x95A9,0x8548,0x74E7,0x6C86,0x5C25,0x53E4,0x53E4,0x5404,0x5BA6,0x4A06,0x0800,0x4226,0x8D0A,0x95CA,
  0x9E2B,0xB6AD,0xC6EE,0xD74F,0xDFB0,0xE7F1,0xDFD0,0xD76F,0xC6EE,0xB68D,0xA62B,0x95A9,0x8548,0x74E7,0x6C86,0x5C25,
  0x53E4,0x53E4,0x5404,0x5BA6,0x4A06,0x0800,0x4226,0x8D0A,0x95CA,0x9E2B,0xB6AD,0xC6EE,0xD74F,0xDFB0,0xE7F1,0xDFD0,
  0xD76F,0xC6EE,0xB68D,0xA62B,0x95A9,0x8548,0x74E7,0x6C86,0x5C25,0x53E4,0x53E4,0x5404,0x5BA6,0x4A06,0x0800,0x4226,
  0x8D0A,0x95CA,0x9E2B,0xB6AD,0xC6EE,0xD74F,0xDFB0,0xE7F1,0xDFD0,0xD76F,0xC6EE,0xB68D,0xA62B,0x95A9,0x8548,0x74E7,
  0x6C86,0x5C25,0x53E4,0x53E4,0x5404,0x5BA6,0x4A06,0x0800,0x4226,0x8D0A,0x95CA,0xA62B,0xB6AD,0xC6EE,0xD74F,0xDFB0,
  0xE7F1,0xDFD0,0xD76F,0xC6EE,0xB68D,0xA64B,0x95A9,0x8548,0x74E7,0x6C86,0x5C25,0x53E4,0x53E4,0x5404,0x5BA6,0x4A06,
  0x0800,0x4226,0x8D0B,0x95CA,0xA62B,0xB6AD,0xC6EE,0xD76F,0xDFB0,0xE7F1,0xDFD0,0xD76F,0xC6EE,0xB68D,0xA64B,0x95A9,
  0x8548,0x74E7,0x6C86,0x5C25,0x53E4,0x53E4,0x5404,0x5BA6,0x4A06,0x0800,0x4226,0x8D0B,0x95CA,0xA62B,0xB6AD,0xC6EE,
  0xD76F,0xDFB0,0xE7F1,0xDFD0,0xD76F,0xC6EE,0xB68D,0xA64B,0x95A9,0x8548,0x74E7,0x6C86,0x5C25,0x53E4,0x53E4,0x5404,
  0x5BA6,0x4A06,0x0800,0x4226,0x8D0B,0x95CA,0xA62B,0xB6AD,0xC6EE,0xD76F,0xDFB0,0xE7F1,0xDFD0,0xD76F,0xC6EE,0xB68D,
  0xA64B,0x95A9,0x8548,0x74E7,0x6C86,0x5C25,0x53E4,0x53E4,0x5404,0x5BA6,0x4A06,0x0800,0x4226,0x8D0B,0x95CA,0xA62B,
  0xB6AD,0xC6EE,0xD76F,0xDFB0,0xE7F1,0xDFD0,0xD76F,0xC6EE,0xB68D,0xA64B,0x95A9,0x8548,0x74E7,0x6C86,0x5C25,0x53E4,
  0x53E4,0x5404,0x5BA6,0x4A06,0x0800,0x4226,0x8D0B,0x95CA,0xA62B,0xB6AD,0xC6EE,0xD76F,0xDFB0,0xE7F1,0xDFD0,0xD76F,
  0xC6EE,0xB68D,0xA64B,0x95A9,0x8548,0x74E7,0x6C86,0x5C25,0x53E4,0x53E4,0x5404,0x5BA6,0x4A06,0x0800,0x4226,0x8D0B,
  0x95CA,0xA62B,0xB6AD,0xC6EE,0xD76F,0xDFB0,0xE7F1,0xDFD0,0xD76F,0xC6EE,0xB68D,0xA64B,0x95A9,0x8548,0x74E7,0x6C86,
  0x5C25,0x53E4,0x53E4,0x5404,0x5BA6,0x4A06,0x0800,0x4226,0x8D0B,0x95CA,0xA62B,0xB6AD,0xC6EE,0xD76F,0xDFB0,0xE7F1,
  0xDFD0,0xD76F,0xC6EE,0xB68D,0xA64B,0x95A9,0x8548,0x74E7,0x6C86,0x5C25,0x53E4,0x53E4,0x5404,0x5BA6,0x4A06,0x0800,
  0x4226,0x8D0B,0x95CA,0xA62B,0xB6AD,0xC6EE,0xD76F,0xDFB0,0xE7F1,0xDFD0,0xD76F,0xC6EE,0xB68D,0xA64B,0x95A9,0x8548,
  0x74E7,0x6C86,0x5C25,0x53E4,0x53E4,0x5404,0x5BA6,0x4A06,0x0800,0x4226,0x8D0B,0x95CA,0xA62B,0xB6AD,0xC6EE,0xD76F,
  0xDFB0,0xE7F1,0xDFD0,0xD76F,0xC6EE,0xB68D,0xA64B,0x95A9,0x8548,0x74E7,0x6C86,0x5C25,0x53E4,0x53E4,0x5404,0x5BA6,
  0x4A06,0x0800,0x4226,0x8D0B,0x95CA,0xA62B,0xB6AD,0xC6EE,0xD76F,0xDFB0,0xE7F1,0xDFD0,0xD76F,0xC6EE,0xB68D,0xA64B,
  0x95A9,0x8548,0x74E7,0x6C86,0x5C25,0x53E4,0x53E4,0x5404,0x5BA6,0x4A06,0x0800,0x4226,0x8D0B,0x95CA,0xA62B,0xB6AD,
  0xC6EE,0xD76F,0xDFB0,0xE7F1,0xDFD0,0xD76F,0xC6EE,0xB68D,0xA64B,0x95A9,0x8548,0x74E7,0x6C86,0x5C25,0x53E4,0x53E4,
  0x5404,0x5BA6,0x4A06,0x0800,0x4226,0x8D0B,0x95CA,0xA62B,0xB6AD,0xC6EE,0xD76F,0xDFB0,0xE7F1,0xDFD0,0xD76F,0xC6EE,
  0xB68D,0xA64B,0x95A9,0x8548,0x74E7,0x6C86,0x5C25,0x53E4,0x53E4,0x5404,0x5BA6,0x4A06,0x0800,0x4226,0x8D0B,0x95CA,
  0xA62B,0xB6AD,0xC6EE,0xD76F,0xDFB0,0xE7F1,0xDFD0,0xD76F,0xC6EE,0xB68D,0xA64B,0x95A9,0x8548,0x74E7,0x6C86,0x5C25,
  0x53E4,0x53E4,0x5404,0x5BA6,0x4A06,0x0800,0x4226,0x8D0B,0x95CA,0xA62B,0xB6AD,0xC6EE,0xD76F,0xDFB0,0xE7F1,0xDFD0,
  0xD76F,0xC6EE,0xB68D,0xA64B,0x95A9,0x8548,0x74E7,0x6C86,0x5C25,0x53E4,0x53E4,0x5404,0x5BA6,0x4A06,0x0800,0x4226,
  0x8D0B,0x95CA,0xA62B,0xB6AD,0xC6EE,0xD76F,0xDFB0,0xE7F1,0xDFD0,0xD76F,0xC6EE,0xB68D,0xA64B,0x95A9,0x8548,0x74E7,
  0x6C86,0x5C25,0x53E4,0x53E4,0x5404,0x5BA6,0x4A06,0x0800,0x4226,0x8D0B,0x95CA,0xA62B,0xB6AD,0xC6EE,0xD76F,0xDFB0,
  0xE7F1,0xDFD0,0xD76F,0xC6EE,0xB68D,0xA64B,0x95A9,0x8548,0x74E7,0x6C86,0x5C25,0x53E4,0x53E4,0x5404,0x5BA6,0x4A06,
  0x0800,0x4226,0x8D0B,0x95CA,0xA62B,0xB6AD,0xC70E,0xD76F,0xDFB0,0xE7F1,0xDFB0,0xD76F,0xC6EE,0xB68D,0xA62B,0x95C9,
  0x8548,0x74E7,0x6C86,0x5C25,0x53E4,0x53E4,0x5404,0x5BA6,0x4A06,0x0800,0x4226,0x8D0B,0x95CA,0x9E2B,0xB6AD,0xC70E,
  0xD76F,0xDFB0,0xE7F1,0xDFB0,0xD76F,0xC6EE,0xB68D,0xA62B,0x95C9,0x8548,0x74E7,0x6C86,0x5C25,0x53E4,0x53E4,0x5404,
  0x5BA6,0x4A06,0x0800,0x4226,0x8D0B,0x95CA,0x9E2B,0xB6AD,0xC70E,0xD76F,0xDFB0,0xE7F1,0xDFB0,0xD76F,0xC6EE,0xB68D,
  0xA62B,0x95C9,0x8548,0x74E7,0x6C86,0x5C25,0x53E4,0x53E4,0x5404,0x5BA6,0x4A06,0x0800,0x4226,0x8D0B,0x95CA,0x9E2B,
  0xB6AD,0xC70E,0xD76F,0xDFB0,0xE7F1,0xDFB0,0xD76F,0xC6EE,0xB68D,0xA62B,0x95C9,0x8548,0x74E7,0x6C86,0x5C25,0x53E4,
  0x53E4,0x5404,0x5BA6,0x4A06,0x0800,0x4226,0x8D0B,0x95CA,0x9E2B,0xB6AD,0xC70E,0xD76F,0xDFB0,0xE7F1,0xDFB0,0xD76F,
  0xC6EE,0xB68D,0xA62B,0x95C9,0x8548,0x74E7,0x6C86,0x5C25,0x53E4,0x53E4,0x5404,0x5BA6,0x4A06,0x0800,0x4226,0x8D0B,
  0x95CA,0x9E2B,0xB6AD,0xC70E,0xD76F,0xDFB0,0xE7F1,0xDFB0,0xD76F,0xC6EE,0xB68D,0xA62B,0x95C9,0x8548,0x74E7,0x6C86,
  0x5C25,0x53E4,0x53E4,0x5404,0x5BA6,0x4A06,0x0800,0x4226,0x8D0B,0x95CA,0x9E2B,0xB6AD,0xC70E,0xD76F,0xDFB0,0xE7F1,
  0xDFB0,0xD76F,0xC6EE,0xB68D,0xA62B,0x95C9,0x8548,0x74E7,0x6C86,0x5C25,0x53E4,0x53E4,0x5404,0x5BA6,0x4A06,0x0800,
  0x4226,0x8D0B,0x95CA,0x9E2B,0xB6AD,0xC70E,0xD76F,0xDFB0,0xE7F1,0xDFB0,0xD76F,0xC6EE,0xB68D,0xA62B,0x95C9,0x8548,
  0x74E7,0x6C86,0x5C25,0x53E4,0x53E4,0x5404,0x5BA6,0x4A06,0x0800,0x4226,0x8D0B,0x95CA,0x9E2B,0xB6AD,0xC70E,0xD76F,
  0xDFB0,0xE7F1,0xDFD0,0xD76F,0xC6EE,0xB68D,0xA62B,0x95A9,0x8548,0x74E7,0x6C86,0x5C25,0x53E4,0x53E4,0x5404,0x5BA6,
  0x4A06,0x0800,0x4226,0x8D0B,0x95CA,0x9E2B,0xB6AD,0xC70E,0xD76F,0xDFB0,0xE7F1,0xDFD0,0xD76F,0xC6EE,0xB68D,0xA62B,
  0x95A9,0x8548,0x74E7,0x6C86,0x5C25,0x53E4,0x53E4,0x5404,0x5BA6,0x4A06,0x0800,0x4226,0x8D0B,0x95CA,0x9E2B,0xB6AD,
  0xC70E,0xD76F,0xDFB0,0xE7F1,0xDFD0,0xD76F,0xC6EE,0xB68D,0xA62B,0x95A9,0x8548,0x74E7,0x6C86,0x5C25,0x53E4,0x53E4,
  0x5404,0x5BA6,0x4A06,0x0800,0x4226,0x8D0B,0x95CA,0x9E2B,0xB6AD,0xC70E,0xD76F,0xDFB0,0xE7F1,0xDFD0,0xD76F,0xC6EE,
  0xB68D,0xA62B,0x95A9,0x8548,0x74E7,0x6C86,0x5C25,0x53E4,0x53E4,0x5404,0x5BA6,0x4A06,0x0800,0x4226,0x8D0B,0x95CA,
  0x9E2B,0xB6AD,0xC70E,0xD76F,0xDFB0,0xE7F1,0xDFD0,0xD76F,0xC6EE,0xB68D,0xA62B,0x95A9,0x8548,0x74E7,0x6C86,0x5C25,
  0x53E4,0x53E4,0x5404,0x5BA6,0x4A06,0x0800,0x4226,0x8D0B,0x95CA,0x9E2B,0xB6AD,0xC70E,0xD76F,0xDFB0,0xE7F1,0xDFD0,
  0xD76F,0xC6EE,0xB68D,0xA62B,0x95A9,0x8548,0x74E7,0x6C86,0x5C25,0x53E4,0x53E4,0x5404,0x5BA6,0x4A06,0x0800,0x4226,
  0x8D0B,0x95CA,0x9E2B,0xB6AD,0xC70E,0xD76F,0xDFB0,0xE7F1,0xDFD0,0xD76F,0xC6EE,0xB68D,0xA62B,0x95A9,0x8548,0x74E7,
  0x6C86,0x5C25,0x53E4,0x53E4,0x5404,0x5BA6,0x4A06,0x0800,0x4226,0x8D0B,0x95CA,0x9E2B,0xB6AD,0xC70E,0xD76F,0xDFB0,
  0xE7F1,0xDFD0,0xD76F,0xC6EE,0xB68D,0xA62B,0x95A9,0x8548,0x74E7,0x6C86,0x5C25,0x53E4,0x53E4,0x5404,0x5BA6,0x4A06,
};

// /mnt/user-data/uploads/59894__4_.png  137x251
const int bg_tile_w = 137;
const int bg_tile_h = 251;
const uint16_t bg_tile[] PROGMEM = {
  0x4E19,0x4E19,0x4E19,0x4E19,0x4E19,0x4E19,0x4E19,0x4E19,0x4E19,0x4E19,0x4E19,0x4E19,0x4E19,0x4E19,0x4E19,0x4E19,
  0x4E19,0x4E19,0x4E19,0x4E19,0x4E19,0x4E19,0x4E19,0x4E19,0x4E19,0x4E19,0x4E19,0x4E19,0x4E19,0x4E19,0x4E19,0x4E19,
  0x4E19,0x4E19,0x4E19,0x4E19,0x4E19,0x4E19,0x4E19,0x4E19,0x4E19,0x4E19,0x4E19,0x4E19,0x4E19,0x4E19,0x4E19,0x4E19,
  0x4E19,0x4E19,0x4E19,0x4E19,0x4E19,0x4E19,0x4E19,0x4E19,0x4E19,0x4E19,0x4E19,0x4E19,0x4E19,0x4E19,0x4E19,0x4E19,
  0x4E19,0x4E19,0x4E19,0x4E19,0x4E19,0x4E19,0x4E19,0x4E19,0x4E19,0x4E19,0x4E19,0x4E19,0x4E19,0x4E19,0x4E19,0x4E19,
  0x4E19,0x4E19,0x4E19,0x4E19,0x4E19,0x4E19,0x4E19,0x4E19,0x4E19,0x4E19,0x4E19,0x4E19,0x4E19,0x4E19,0x4E19,0x4E19,
  0x4E19,0x4E19,0x4E19,0x4E19,0x4E19,0x4E19,0x4E19,0x4E19,0x4E19,0x4E19,0x4E19,0x4E19,0x4E19,0x4E19,0x4E19,0x4E19,
  0x4E19,0x4E19,0x4E19,0x4E19,0x4E19,0x4E19,0x4E19,0x4E19,0x4E19,0x4E19,0x4E19,0x4E19,0x4E19,0x4E19,0x4E19,0x4E19,
  0x4E19,0x4E19,0x4E19,0x4E19,0x4E19,0x4E19,0x4E19,0x4E19,0x4E19,0x4E19,0x4E19,0x4E19,0x4E19,0x4E19,0x4E19,0x4E19,
  0x4E19,0x4E19,0x4E19,0x4E19,0x4E19,0x4E19,0x4E19,0x4E19,0x4E19,0x4E19,0x4E19,0x4E19,0x4E19,0x4E19,0x4E19,0x4E19,
  0x4E19,0x4E19,0x4E19,0x4E19,0x4E19,0x4E19,0x4E19,0x4E19,0x4E19,0x4E19,0x4E19,0x4E19,0x4E19,0x4E19,0x4E19,0x4E19,
  0x4E19,0x4E19,0x4E19,0x4E19,0x4E19,0x4E19,0x4E19,0x4E19,0x4E19,0x4E19,0x4E19,0x4E19,0x4E19,0x4E19,0x4E19,0x4E19,
  0x4E19,0x4E19,0x4E19,0x4E19,0x4E19,0x4E19,0x4E19,0x4E19,0x4E19,0x4E19,0x4E19,0x4E19,0x4E19,0x4E19,0x4E19,0x4E19,
  0x4E19,0x4E19,0x4E19,0x4E19,0x4E19,0x4E19,0x4E19,0x4E19,0x4E19,0x4E19,0x4E19,0x4E19,0x4E19,0x4E19,0x4E19,0x4E19,
  0x4E19,0x4E19,0x4E19,0x4E19,0x4E19,0x4E19,0x4E19,0x4E19,0x4E19,0x4E19,0x4E19,0x4E19,0x4E19,0x4E19,0x4E19,0x4E19,
  0x4E19,0x4E19,0x4E19,0x4E19,0x4E19,0x4E19,0x4E19,0x4E19,0x4E19,0x4E19,0x4E19,0x4E19,0x4E19,0x4E19,0x4E19,0x4E19,
  0x4E19,0x4E19,0x4E19,0x4E19,0x4E19,0x4E19,0x4E19,0x4E19,0x4E19,0x4E19,0x4E19,0x4E19,0x4E19,0x4E19,0x4E19,0x4E19,
  0x4E19,0x4E19,0x4E19,0x4E19,0x4E19,0x4E19,0x4E19,0x4E19,0x4E19,0x4E19,0x4E19,0x4E19,0x4E19,0x4E19,0x4E19,0x4E19,
  0x4E19,0x4E19,0x4E19,0x4E19,0x4E19,0x4E19,0x4E19,0x4E19,0x4E19,0x4E19,0x4E19,0x4E19,0x4E19,0x4E19,0x4E19,0x4E19,
  0x4E19,0x4E19,0x4E19,0x4E19,0x4E19,0x4E19,0x4E19,0x4E19,0x4E19,0x4E19,0x4E19,0x4E19,0x4E19,0x4E19,0x4E19,0x4E19,
  0x4E19,0x4E19,0x4E19,0x4E19,0x4E19,0x4E19,0x4E19,0x4E19,0x4E19,0x4E19,0x4E19,0x4E19,0x4E19,0x4E19,0x4E19,0x4E19,
  0x4E19,0x4E19,0x4E19,0x4E19,0x4E19,0x4E19,0x4E19,0x4E19,0x4E19,0x4E19,0x4E19,0x4E19,0x4E19,0x4E19,0x4E19,0x4E19,
  0x4E19,0x4E19,0x4E19,0x4E19,0x4E19,0x4E19,0x4E19,0x4E19,0x4E19,0x4E19,0x4E19,0x4E19,0x4E19,0x4E19,0x4E19,0x4E19,
  0x4E19,0x4E19,0x4E19,0x4E19,0x4E19,0x4E19,0x4E19,0x4E19,0x4E19,0x4E19,0x4E19,0x4E19,0x4E19,0x4E19,0x4E19,0x4E19,
  0x4E19,0x4E19,0x4E19,0x4E19,0x4E19,0x4E19,0x4E19,0x4E19,0x4E19,0x4E19,0x4E19,0x4E19,0x4E19,0x4E19,0x4E19,0x4E19,
  0x4E19,0x4E19,0x4E19,0x4E19,0x4E19,0x4E19,0x4E19,0x4E19,0x4E19,0x4E19,0x4E19,0x4E19,0x4E19,0x4E19,0x4E19,0x4E19,
  0x4E19,0x4E19,0x4E19,0x4E19,0x4E19,0x4E19,0x4E19,0x4E19,0x4E19,0x4E19,0x4E19,0x4E19,0x4E19,0x4E19,0x4E19,0x4E19,
  0x4E19,0x4E19,0x4E19,0x4E19,0x4E19,0x4E19,0x4E19,0x4E19,0x4E19,0x4E19,0x4E19,0x4E19,0x4E19,0x4E19,0x4E19,0x4E19,
  0x4E19,0x4E19,0x4E19,0x4E19,0x4E19,0x4E19,0x4E19,0x4E19,0x4E19,0x4E19,0x4E19,0x4E19,0x4E19,0x4E19,0x4E19,0x4E19,
  0x4E19,0x4E19,0x4E19,0x4E19,0x4E19,0x4E19,0x4E19,0x4E19,0x4E19,0x4E19,0x4E19,0x4E19,0x4E19,0x4E19,0x4E19,0x4E19,
  0x4E19,0x4E19,0x4E19,0x4E19,0x4E19,0x4E19,0x4E19,0x4E19,0x4E19,0x4E19,0x4E19,0x4E19,0x4E19,0x4E19,0x4E19,0x4E19,
  0x4E19,0x4E19,0x4E19,0x4E19,0x4E19,0x4E19,0x4E19,0x4E19,0x4E19,0x4E19,0x4E19,0x4E19,0x4E19,0x4E19,0x4E19,0x4E19,
  0x4E19,0x4E19,0x4E19,0x4E19,0x4E19,0x4E19,0x4E19,0x4E19,0x4E19,0x4E19,0x4E19,0x4E19,0x4E19,0x4E19,0x4E19,0x4E19,
  0x4E19,0x4E19,0x4E19,0x4E19,0x4E19,0x4E19,0x4E19,0x4E19,0x4E19,0x4E19,0x4E19,0x4E19,0x4E19,0x4E19,0x4E19,0x4E19,
  0x4E19,0x4E19,0x4E19,0x4E19,0x4E19,0x4E19,0x4E19,0x4E19,0x4E19,0x4E19,0x4E19,0x4E19,0x4E19,0x4E19,0x4E19,0x4E19,
  0x4E19,0x4E19,0x4E19,0x4E19,0x4E19,0x4E19,0x4E19,0x4E19,0x4E19,0x4E19,0x4E19,0x4E19,0x4E19,0x4E19,0x4E19,0x4E19,
  0x4E19,0x4E19,0x4E19,0x4E19,0x4E19,0x4E19,0x4E19,0x4E19,0x4E19,0x4E19,0x4E19,0x4E19,0x4E19,0x4E19,0x4E19,0x4E19,
  0x4E19,0x4E19,0x4E19,0x4E19,0x4E19,0x4E19,0x4E19,0x4E19,0x4E19,0x4E19,0x4E19,0x4E19,0x4E19,0x4E19,0x4E19,0x4E19,
  0x4E19,0x4E19,0x4E19,0x4E19,0x4E19,0x4E19,0x4E19,0x4E19,0x4E19,0x4E19,0x4E19,0x4E19,0x4E19,0x4E19,0x4E19,0x4E19,
  0x4E19,0x4E19,0x4E19,0x4E19,0x4E19,0x4E19,0x4E19,0x4E19,0x4E19,0x4E19,0x4E19,0x4E19,0x4E19,0x4E19,0x4E19,0x4E19,
  0x4E19,0x4E19,0x4E19,0x4E19,0x4E19,0x4E19,0x4E19,0x4E19,0x4E19,0x4E19,0x4E19,0x4E19,0x4E19,0x4E19,0x4E19,0x4E19,
  0x4E19,0x4E19,0x4E19,0x4E19,0x4E19,0x4E19,0x4E19,0x4E19,0x4E19,0x4E19,0x4E19,0x4E19,0x4E19,0x4E19,0x4E19,0x4E19,
  0x4E19,0x4E19,0x4E19,0x4E19,0x4E19,0x4E19,0x4E19,0x4E19,0x4E19,0x4E19,0x4E19,0x4E19,0x4E19,0x4E19,0x4E19,0x4E19,
  0x4E19,0x4E19,0x4E19,0x4E19,0x4E19,0x4E19,0x4E19,0x4E19,0x4E19,0x4E19,0x4E19,0x4E19,0x4E19,0x4E19,0x4E19,0x4E19,
  0x4E19,0x4E19,0x4E19,0x4E19,0x4E19,0x4E19,0x4E19,0x4E19,0x4E19,0x4E19,0x4E19,0x4E19,0x4E19,0x4E19,0x4E19,0x4E19,
  0x4E19,0x4E19,0x4E19,0x4E19,0x4E19,0x4E19,0x4E19,0x4E19,0x4E19,0x4E19,0x4E19,0x4E19,0x4E19,0x4E19,0x4E19,0x4E19,
  0x4E19,0x4E19,0x4E19,0x4E19,0x4E19,0x4E19,0x4E19,0x4E19,0x4E19,0x4E19,0x4E19,0x4E19,0x4E19,0x4E19,0x4E19,0x4E19,
  0x4E19,0x4E19,0x4E19,0x4E19,0x4E19,0x4E19,0x4E19,0x4E19,0x4E19,0x4E19,0x4E19,0x4E19,0x4E19,0x4E19,0x4E19,0x4E19,
  0x4E19,0x4E19,0x4E19,0x4E19,0x4E19,0x4E19,0x4E19,0x4E19,0x4E19,0x4E19,0x4E19,0x4E19,0x4E19,0x4E19,0x4E19,0x4E19,
  0x4E19,0x4E19,0x4E19,0x4E19,0x4E19,0x4E19,0x4E19,0x4E19,0x4E19,0x4E19,0x4E19,0x4E19,0x4E19,0x4E19,0x4E19,0x4E19,
  0x4E19,0x4E19,0x4E19,0x4E19,0x4E19,0x4E19,0x4E19,0x4E19,0x4E19,0x4E19,0x4E19,0x4E19,0x4E19,0x4E19,0x4E19,0x4E19,
  0x4E19,0x4E19,0x4E19,0x4E19,0x4E19,0x4E19,0x4E19,0x4E19,0x4E19,0x4E19,0x4E19,0x4E19,0x4E19,0x4E19,0x4E19,0x4E19,
  0x4E19,0x4E19,0x4E19,0x4E19,0x4E19,0x4E19,0x4E19,0x4E19,0x4E19,0x4E19,0x4E19,0x4E19,0x4E19,0x4E19,0x4E19,0x4E19,
  0x4E19,0x4E19,0x4E19,0x4E19,0x4E19,0x4E19,0x4E19,0x4E19,0x4E19,0x4E19,0x4E19,0x4E19,0x4E19,0x4E19,0x4E19,0x4E19,
  0x4E19,0x4E19,0x4E19,0x4E19,0x4E19,0x4E19,0x4E19,0x4E19,0x4E19,0x4E19,0x4E19,0x4E19,0x4E19,0x4E19,0x4E19,0x4E19,
  0x4E19,0x4E19,0x4E19,0x4E19,0x4E19,0x4E19,0x4E19,0x4E19,0x4E19,0x4E19,0x4E19,0x4E19,0x4E19,0x4E19,0x4E19,0x4E19,
  0x4E19,0x4E19,0x4E19,0x4E19,0x4E19,0x4E19,0x4E19,0x4E19,0x4E19,0x4E19,0x4E19,0x4E19,0x4E19,0x4E19,0x4E19,0x4E19,
  0x4E19,0x4E19,0x4E19,0x4E19,0x4E19,0x4E19,0x4E19,0x4E19,0x4E19,0x4E19,0x4E19,0x4E19,0x4E19,0x4E19,0x4E19,0x4E19,
  0x4E19,0x4E19,0x4E19,0x4E19,0x4E19,0x4E19,0x4E19,0x4E19,0x4E19,0x4E19,0x4E19,0x4E19,0x4E19,0x4E19,0x4E19,0x4E19,
  0x4E19,0x4E19,0x4E19,0x4E19,0x4E19,0x4E19,0x4E19,0x4E19,0x4E19,0x4E19,0x4E19,0x4E19,0x4E19,0x4E19,0x4E19,0x4E19,
  0x4E19,0x4E19,0x4E19,0x4E19,0x4E19,0x4E19,0x4E19,0x4E19,0x4E19,0x4E19,0x4E19,0x4E19,0x4E19,0x4E19,0x4E19,0x4E19,
  0x4E19,0x4E19,0x4E19,0x4E19,0x4E19,0x4E19,0x4E19,0x4E19,0x4E19,0x4E19,0x4E19,0x4E19,0x4E19,0x4E19,0x4E19,0x4E19,
  0x4E19,0x4E19,0x4E19,0x4E19,0x4E19,0x4E19,0x4E19,0x4E19,0x4E19,0x4E19,0x4E19,0x4E19,0x4E19,0x4E19,0x4E19,0x4E19,
  0x4E19,0x4E19,0x4E19,0x4E19,0x4E19,0x4E19,0x4E19,0x4E19,0x4E19,0x4E19,0x4E19,0x4E19,0x4E19,0x4E19,0x4E19,0x4E19,
  0x4E19,0x4E19,0x4E19,0x4E19,0x4E19,0x4E19,0x4E19,0x4E19,0x4E19,0x4E19,0x4E19,0x4E19,0x4E19,0x4E19,0x4E19,0x4E19,
  0x4E19,0x4E19,0x4E19,0x4E19,0x4E19,0x4E19,0x4E19,0x4E19,0x4E19,0x4E19,0x4E19,0x4E19,0x4E19,0x4E19,0x4E19,0x4E19,
  0x4E19,0x4E19,0x4E19,0x4E19,0x4E19,0x4E19,0x4E19,0x4E19,0x4E19,0x4E19,0x4E19,0x4E19,0x4E19,0x4E19,0x4E19,0x4E19,
  0x4E19,0x4E19,0x4E19,0x4E19,0x4E19,0x4E19,0x4E19,0x4E19,0x4E19,0x4E19,0x4E19,0x4E19,0x4E19,0x4E19,0x4E19,0x4E19,
  0x4E19,0x4E19,0x4E19,0x4E19,0x4E19,0x4E19,0x4E19,0x4E19,0x4E19,0x4E19,0x4E19,0x4E19,0x4E19,0x4E19,0x4E19,0x4E19,
  0x4E19,0x4E19,0x4E19,0x4E19,0x4E19,0x4E19,0x4E19,0x4E19,0x4E19,0x4E19,0x4E19,0x4E19,0x4E19,0x4E19,0x4E19,0x4E19,
  0x4E19,0x4E19,0x4E19,0x4E19,0x4E19,0x4E19,0x4E19,0x4E19,0x4E19,0x4E19,0x4E19,0x4E19,0x4E19,0x4E19,0x4E19,0x4E19,
  0x4E19,0x4E19,0x4E19,0x4E19,0x4E19,0x4E19,0x4E19,0x4E19,0x4E19,0x4E19,0x4E19,0x4E19,0x4E19,0x4E19,0x4E19,0x4E19,
  0x4E19,0x4E19,0x4E19,0x4E19,0x4E19,0x4E19,0x4E19,0x4E19,0x4E19,0x4E19,0x4E19,0x4E19,0x4E19,0x4E19,0x4E19,0x4E19,
  0x4E19,0x4E19,0x4E19,0x4E19,0x4E19,0x4E19,0x4E19,0x4E19,0x4E19,0x4E19,0x4E19,0x4E19,0x4E19,0x4E19,0x4E19,0x4E19,
  0x4E19,0x4E19,0x4E19,0x4E19,0x4E19,0x4E19,0x4E19,0x4E19,0x4E19,0x4E19,0x4E19,0x4E19,0x4E19,0x4E19,0x4E19,0x4E19,
  0x4E19,0x4E19,0x4E19,0x4E19,0x4E19,0x4E19,0x4E19,0x4E19,0x4E19,0x4E19,0x4E19,0x4E19,0x4E19,0x4E19,0x4E19,0x4E19,
  0x4E19,0x4E19,0x4E19,0x4E19,0x4E19,0x4E19,0x4E19,0x4E19,0x4E19,0x4E19,0x4E19,0x4E19,0x4E19,0x4E19,0x4E19,0x4E19,
  0x4E19,0x4E19,0x4E19,0x4E19,0x4E19,0x4E19,0x4E19,0x4E19,0x4E19,0x4E19,0x4E19,0x4E19,0x4E19,0x4E19,0x4E19,0x4E19,
  0x4E19,0x4E19,0x4E19,0x4E19,0x4E19,0x4E19,0x4E19,0x4E19,0x4E19,0x4E19,0x4E19,0x4E19,0x4E19,0x4E19,0x4E19,0x4E19,
  0x4E19,0x4E19,0x4E19,0x4E19,0x4E19,0x4E19,0x4E19,0x4E19,0x4E19,0x4E19,0x4E19,0x4E19,0x4E19,0x4E19,0x4E19,0x4E19,
  0x4E19,0x4E19,0x4E19,0x4E19,0x4E19,0x4E19,0x4E19,0x4E19,0x4E19,0x4E19,0x4E19,0x4E19,0x4E19,0x4E19,0x4E19,0x4E19,
  0x4E19,0x4E19,0x4E19,0x4E19,0x4E19,0x4E19,0x4E19,0x4E19,0x4E19,0x4E19,0x4E19,0x4E19,0x4E19,0x4E19,0x4E19,0x4E19,
  0x4E19,0x4E19,0x4E19,0x4E19,0x4E19,0x4E19,0x4E19,0x4E19,0x4E19,0x4E19,0x4E19,0x4E19,0x4E19,0x4E19,0x4E19,0x4E19,
  0x4E19,0x4E19,0x4E19,0x4E19,0x4E19,0x4E19,0x4E19,0x4E19,0x4E19,0x4E19,0x4E19,0x4E19,0x4E19,0x4E19,0x4E19,0x4E19,
  0x4E19,0x4E19,0x4E19,0x4E19,0x4E19,0x4E19,0x4E19,0x4E19,0x4E19,0x4E19,0x4E19,0x4E19,0x4E19,0x4E19,0x4E19,0x4E19,
  0x4E19,0x4E19,0x4E19,0x4E19,0x4E19,0x4E19,0x4E19,0x4E19,0x4E19,0x4E19,0x4E19,0x4E19,0x4E19,0x4E19,0x4E19,0x4E19,
  0x4E19,0x4E19,0x4E19,0x4E19,0x4E19,0x4E19,0x4E19,0x4E19,0x4E19,0x4E19,0x4E19,0x4E19,0x4E19,0x4E19,0x4E19,0x4E19,
  0x4E19,0x4E19,0x4E19,0x4E19,0x4E19,0x4E19,0x4E19,0x4E19,0x4E19,0x4E19,0x4E19,0x4E19,0x4E19,0x4E19,0x4E19,0x4E19,
  0x4E19,0x4E19,0x4E19,0x4E19,0x4E19,0x4E19,0x4E19,0x4E19,0x4E19,0x4E19,0x4E19,0x4E19,0x4E19,0x4E19,0x4E19,0x4E19,
  0x4E19,0x4E19,0x4E19,0x4E19,0x4E19,0x4E19,0x4E19,0x4E19,0x4E19,0x4E19,0x4E19,0x4E19,0x4E19,0x4E19,0x4E19,0x4E19,
  0x4E19,0x4E19,0x4E19,0x4E19,0x4E19,0x4E19,0x4E19,0x4E19,0x4E19,0x4E19,0x4E19,0x4E19,0x4E19,0x4E19,0x4E19,0x4E19,
  0x4E19,0x4E19,0x4E19,0x4E19,0x4E19,0x4E19,0x4E19,0x4E19,0x4E19,0x4E19,0x4E19,0x4E19,0x4E19,0x4E19,0x4E19,0x4E19,
  0x4E19,0x4E19,0x4E19,0x4E19,0x4E19,0x4E19,0x4E19,0x4E19,0x4E19,0x4E19,0x4E19,0x4E19,0x4E19,0x4E19,0x4E19,0x4E19,
  0x4E19,0x4E19,0x4E19,0x4E19,0x4E19,0x4E19,0x4E19,0x4E19,0x4E19,0x4E19,0x4E19,0x4E19,0x4E19,0x4E19,0x4E19,0x4E19,
  0x4E19,0x4E19,0x4E19,0x4E19,0x4E19,0x4E19,0x4E19,0x4E19,0x4E19,0x4E19,0x4E19,0x4E19,0x4E19,0x4E19,0x4E19,0x4E19,
  0x4E19,0x4E19,0x4E19,0x4E19,0x4E19,0x4E19,0x4E19,0x4E19,0x4E19,0x4E19,0x4E19,0x4E19,0x4E19,0x4E19,0x4E19,0x4E19,
  0x4E19,0x4E19,0x4E19,0x4E19,0x4E19,0x4E19,0x4E19,0x4E19,0x4E19,0x4E19,0x4E19,0x4E19,0x4E19,0x4E19,0x4E19,0x4E19,
  0x4E19,0x4E19,0x4E19,0x4E19,0x4E19,0x4E19,0x4E19,0x4E19,0x4E19,0x4E19,0x4E19,0x4E19,0x4E19,0x4E19,0x4E19,0x4E19,
  0x4E19,0x4E19,0x4E19,0x4E19,0x4E19,0x4E19,0x4E19,0x4E19,0x4E19,0x4E19,0x4E19,0x4E19,0x4E19,0x4E19,0x4E19,0x4E19,
  0x4E19,0x4E19,0x4E19,0x4E19,0x4E19,0x4E19,0x4E19,0x4E19,0x4E19,0x4E19,0x4E19,0x4E19,0x4E19,0x4E19,0x4E19,0x4E19,
  0x4E19,0x4E19,0x4E19,0x4E19,0x4E19,0x4E19,0x4E19,0x4E19,0x4E19,0x4E19,0x4E19,0x4E19,0x4E19,0x4E19,0x4E19,0x4E19,
  0x4E19,0x4E19,0x4E19,0x4E19,0x4E19,0x4E19,0x4E19,0x4E19,0x4E19,0x4E19,0x4E19,0x4E19,0x4E19,0x4E19,0x4E19,0x4E19,
  0x4E19,0x4E19,0x4E19,0x4E19,0x4E19,0x4E19,0x4E19,0x4E19,0x4E19,0x4E19,0x4E19,0x4E19,0x4E19,0x4E19,0x4E19,0x4E19,
  0x4E19,0x4E19,0x4E19,0x4E19,0x4E19,0x4E19,0x4E19,0x4E19,0x4E19,0x4E19,0x4E19,0x4E19,0x4E19,0x4E19,0x4E19,0x4E19,
  0x4E19,0x4E19,0x4E19,0x4E19,0x4E19,0x4E19,0x4E19,0x4E19,0x4E19,0x4E19,0x4E19,0x4E19,0x4E19,0x4E19,0x4E19,0x4E19,
  0x4E19,0x4E19,0x4E19,0x4E19,0x4E19,0x4E19,0x4E19,0x4E19,0x4E19,0x4E19,0x4E19,0x4E19,0x4E19,0x4E19,0x4E19,0x4E19,
  0x4E19,0x4E19,0x4E19,0x4E19,0x4E19,0x4E19,0x4E19,0x4E19,0x4E19,0x4E19,0x4E19,0x4E19,0x4E19,0x4E19,0x4E19,0x4E19,
  0x4E19,0x4E19,0x4E19,0x4E19,0x4E19,0x4E19,0x4E19,0x4E19,0x4E19,0x4E19,0x4E19,0x4E19,0x4E19,0x4E19,0x4E19,0x4E19,
  0x4E19,0x4E19,0x4E19,0x4E19,0x4E19,0x4E19,0x4E19,0x4E19,0x4E19,0x4E19,0x4E19,0x4E19,0x4E19,0x4E19,0x4E19,0x4E19,
  0x4E19,0x4E19,0x4E19,0x4E19,0x4E19,0x4E19,0x4E19,0x4E19,0x4E19,0x4E19,0x4E19,0x4E19,0x4E19,0x4E19,0x4E19,0x4E19,
  0x4E19,0x4E19,0x4E19,0x4E19,0x4E19,0x4E19,0x4E19,0x4E19,0x4E19,0x4E19,0x4E19,0x4E19,0x4E19,0x4E19,0x4E19,0x4E19,
  0x4E19,0x4E19,0x4E19,0x4E19,0x4E19,0x4E19,0x4E19,0x4E19,0x4E19,0x4E19,0x4E19,0x4E19,0x4E19,0x4E19,0x4E19,0x4E19,
  0x4E19,0x4E19,0x4E19,0x4E19,0x4E19,0x4E19,0x4E19,0x4E19,0x4E19,0x4E19,0x4E19,0x4E19,0x4E19,0x4E19,0x4E19,0x4E19,
  0x4E19,0x4E19,0x4E19,0x4E19,0x4E19,0x4E19,0x4E19,0x4E19,0x4E19,0x4E19,0x4E19,0x4E19,0x4E19,0x4E19,0x4E19,0x4E19,
  0x4E19,0x4E19,0x4E19,0x4E19,0x4E19,0x4E19,0x4E19,0x4E19,0x4E19,0x4E19,0x4E19,0x4E19,0x4E19,0x4E19,0x4E19,0x4E19,
  0x4E19,0x4E19,0x4E19,0x4E19,0x4E19,0x4E19,0x4E19,0x4E19,0x4E19,0x4E19,0x4E19,0x4E19,0x4E19,0x4E19,0x4E19,0x4E19,
  0x4E19,0x4E19,0x4E19,0x4E19,0x4E19,0x4E19,0x4E19,0x4E19,0x4E19,0x4E19,0x4E19,0x4E19,0x4E19,0x4E19,0x4E19,0x4E19,
  0x4E19,0x4E19,0x4E19,0x4E19,0x4E19,0x4E19,0x4E19,0x4E19,0x4E19,0x4E19,0x4E19,0x4E19,0x4E19,0x4E19,0x4E19,0x4E19,
  0x4E19,0x4E19,0x4E19,0x4E19,0x4E19,0x4E19,0x4E19,0x4E19,0x4E19,0x4E19,0x4E19,0x4E19,0x4E19,0x4E19,0x4E19,0x4E19,
  0x4E19,0x4E19,0x4E19,0x4E19,0x4E19,0x4E19,0x4E19,0x4E19,0x4E19,0x4E19,0x4E19,0x4E19,0x4E19,0x4E19,0x4E19,0x4E19,
  0x4E19,0x4E19,0x4E19,0x4E19,0x4E19,0x4E19,0x4E19,0x4E19,0x4E19,0x4E19,0x4E19,0x4E19,0x4E19,0x4E19,0x4E19,0x4E19,
  0x4E19,0x4E19,0x4E19,0x4E19,0x4E19,0x4E19,0x4E19,0x4E19,0x4E19,0x4E19,0x4E19,0x4E19,0x4E19,0x4E19,0x4E19,0x4E19,
  0x4E19,0x4E19,0x4E19,0x4E19,0x4E19,0x4E19,0x4E19,0x4E19,0x4E19,0x4E19,0x4E19,0x4E19,0x4E19,0x4E19,0x4E19,0x4E19,
  0x4E19,0x4E19,0x4E19,0x4E19,0x4E19,0x4E19,0x4E19,0x4E19,0x4E19,0x4E19,0x4E19,0x4E19,0x4E19,0x4E19,0x4E19,0x4E19,
  0x4E19,0x4E19,0x4E19,0x4E19,0x4E19,0x4E19,0x4E19,0x4E19,0x4E19,0x4E19,0x4E19,0x4E19,0x4E19,0x4E19,0x4E19,0x4E19,
  0x4E19,0x4E19,0x4E19,0x4E19,0x4E19,0x4E19,0x4E19,0x4E19,0x4E19,0x4E19,0x4E19,0x4E19,0x4E19,0x4E19,0x4E19,0x4E19,
  0x4E19,0x4E19,0x4E19,0x4E19,0x4E19,0x4E19,0x4E19,0x4E19,0x4E19,0x4E19,0x4E19,0x4E19,0x4E19,0x4E19,0x4E19,0x4E19,
  0x4E19,0x4E19,0x4E19,0x4E19,0x4E19,0x4E19,0x4E19,0x4E19,0x4E19,0x4E19,0x4E19,0x4E19,0x4E19,0x4E19,0x4E19,0x4E19,
  0x4E19,0x4E19,0x4E19,0x4E19,0x4E19,0x4E19,0x4E19,0x4E19,0x4E19,0x4E19,0x4E19,0x4E19,0x4E19,0x4E19,0x4E19,0x4E19,
  0x4E19,0x4E19,0x4E19,0x4E19,0x4E19,0x4E19,0x4E19,0x4E19,0x4E19,0x4E19,0x4E19,0x4E19,0x4E19,0x4E19,0x4E19,0x4E19,
  0x4E19,0x4E19,0x4E19,0x4E19,0x4E19,0x4E19,0x4E19,0x4E19,0x4E19,0x4E19,0x4E19,0x4E19,0x4E19,0x4E19,0x4E19,0x4E19,
  0x4E19,0x4E19,0x4E19,0x4E19,0x4E19,0x4E19,0x4E19,0x4E19,0x4E19,0x4E19,0x4E19,0x4E19,0x4E19,0x4E19,0x4E19,0x4E19,
  0x4E19,0x4E19,0x4E19,0x4E19,0x4E19,0x4E19,0x4E19,0x4E19,0x4E19,0x4E19,0x4E19,0x4E19,0x4E19,0x4E19,0x4E19,0x4E19,
  0x4E19,0x4E19,0x4E19,0x4E19,0x4E19,0x4E19,0x4E19,0x4E19,0x4E19,0x4E19,0x4E19,0x4E19,0x4E19,0x4E19,0x4E19,0x4E19,
  0x4E19,0x4E19,0x4E19,0x4E19,0x4E19,0x4E19,0x4E19,0x4E19,0x4E19,0x4E19,0x4E19,0x4E19,0x4E19,0x4E19,0x4E19,0x4E19,
  0x4E19,0x4E19,0x4E19,0x4E19,0x4E19,0x4E19,0x4E19,0x4E19,0x4E19,0x4E19,0x4E19,0x4E19,0x4E19,0x4E19,0x4E19,0x4E19,
  0x4E19,0x4E19,0x4E19,0x4E19,0x4E19,0x4E19,0x4E19,0x4E19,0x4E19,0x4E19,0x4E19,0x4E19,0x4E19,0x4E19,0x4E19,0x4E19,
  0x4E19,0x4E19,0x4E19,0x4E19,0x4E19,0x4E19,0x4E19,0x4E19,0x4E19,0x4E19,0x4E19,0x4E19,0x4E19,0x4E19,0x4E19,0x4E19,
  0x4E19,0x4E19,0x4E19,0x4E19,0x4E19,0x4E19,0x4E19,0x4E19,0x4E19,0x4E19,0x4E19,0x4E19,0x4E19,0x4E19,0x4E19,0x4E19,
  0x4E19,0x4E19,0x4E19,0x4E19,0x4E19,0x4E19,0x4E19,0x4E19,0x4E19,0x4E19,0x4E19,0x4E19,0x4E19,0x4E19,0x4E19,0x4E19,
  0x4E19,0x4E19,0x4E19,0x4E19,0x4E19,0x4E19,0x4E19,0x4E19,0x4E19,0x4E19,0x4E19,0x4E19,0x4E19,0x4E19,0x4E19,0x4E19,
  0x4E19,0x4E19,0x4E19,0x4E19,0x4E19,0x4E19,0x4E19,0x4E19,0x4E19,0x4E19,0x4E19,0x4E19,0x4E19,0x4E19,0x4E19,0x4E19,
  0x4E19,0x4E19,0x4E19,0x4E19,0x4E19,0x4E19,0x4E19,0x4E19,0x4E19,0x4E19,0x4E19,0x4E19,0x4E19,0x4E19,0x4E19,0x4E19,
  0x4E19,0x4E19,0x4E19,0x4E19,0x4E19,0x4E19,0x4E19,0x4E19,0x4E19,0x4E19,0x4E19,0x4E19,0x4E19,0x4E19,0x4E19,0x4E19,
  0x4E19,0x4E19,0x4E19,0x4E19,0x4E19,0x4E19,0x4E19,0x4E19,0x4E19,0x4E19,0x4E19,0x4E19,0x4E19,0x4E19,0x4E19,0x4E19,
  0x4E19,0x4E19,0x4E19,0x4E19,0x4E19,0x4E19,0x4E19,0x4E19,0x4E19,0x4E19,0x4E19,0x4E19,0x4E19,0x4E19,0x4E19,0x4E19,
  0x4E19,0x4E19,0x4E19,0x4E19,0x4E19,0x4E19,0x4E19,0x4E19,0x4E19,0x4E19,0x4E19,0x4E19,0x4E19,0x4E19,0x4E19,0x4E19,
  0x4E19,0x4E19,0x4E19,0x4E19,0x4E19,0x4E19,0x4E19,0x4E19,0x4E19,0x4E19,0x4E19,0x4E19,0x4E19,0x4E19,0x4E19,0x4E19,
  0x4E19,0x4E19,0x4E19,0x4E19,0x4E19,0x4E19,0x4E19,0x4E19,0x4E19,0x4E19,0x4E19,0x4E19,0x4E19,0x4E19,0x4E19,0x4E19,
  0x4E19,0x4E19,0x4E19,0x4E19,0x4E19,0x4E19,0x4E19,0x4E19,0x4E19,0x4E19,0x4E19,0x4E19,0x4E19,0x4E19,0x4E19,0x4E19,
  0x4E19,0x4E19,0x4E19,0x4E19,0x4E19,0x4E19,0x4E19,0x4E19,0x4E19,0x4E19,0x4E19,0x4E19,0x4E19,0x4E19,0x4E19,0x4E19,
  0x4E19,0x4E19,0x4E19,0x4E19,0x4E19,0x4E19,0x4E19,0x4E19,0x4E19,0x4E19,0x4E19,0x4E19,0x4E19,0x4E19,0x4E19,0x4E19,
  0x4E19,0x4E19,0x4E19,0x4E19,0x4E19,0x4E19,0x4E19,0x4E19,0x4E19,0x4E19,0x4E19,0x4E19,0x4E19,0x4E19,0x4E19,0x4E19,
  0x4E19,0x4E19,0x4E19,0x4E19,0x4E19,0x4E19,0x4E19,0x4E19,0x4E19,0x4E19,0x4E19,0x4E19,0x4E19,0x4E19,0x4E19,0x4E19,
  0x4E19,0x4E19,0x4E19,0x4E19,0x4E19,0x4E19,0x4E19,0x4E19,0x4E19,0x4E19,0x4E19,0x4E19,0x4E19,0x4E19,0x4E19,0x4E19,
  0x4E19,0x4E19,0x4E19,0x4E19,0x4E19,0x4E19,0x4E19,0x4E19,0x4E19,0x4E19,0x4E19,0x4E19,0x4E19,0x4E19,0x4E19,0x4E19,
  0x4E19,0x4E19,0x4E19,0x4E19,0x4E19,0x4E19,0x4E19,0x4E19,0x4E19,0x4E19,0x4E19,0x4E19,0x4E19,0x4E19,0x4E19,0x4E19,
  0x4E19,0x4E19,0x4E19,0x4E19,0x4E19,0x4E19,0x4E19,0x4E19,0x4E19,0x4E19,0x4E19,0x4E19,0x4E19,0x4E19,0x4E19,0x4E19,
  0x4E19,0x4E19,0x4E19,0x4E19,0x4E19,0x4E19,0x4E19,0x4E19,0x4E19,0x4E19,0x4E19,0x4E19,0x4E19,0x4E19,0x4E19,0x4E19,
  0x4E19,0x4E19,0x4E19,0x4E19,0x4E19,0x4E19,0x4E19,0x4E19,0x4E19,0x4E19,0x4E19,0x4E19,0x4E19,0x4E19,0x4E19,0x4E19,
  0x4E19,0x4E19,0x4E19,0x4E19,0x4E19,0x4E19,0x4E19,0x4E19,0x4E19,0x4E19,0x4E19,0x4E19,0x4E19,0x4E19,0x4E19,0x4E19,
  0x4E19,0x4E19,0x4E19,0x4E19,0x4E19,0x4E19,0x4E19,0x4E19,0x4E19,0x4E19,0x4E19,0x4E19,0x4E19,0x4E19,0x4E19,0x4E19,
  0x4E19,0x4E19,0x4E19,0x4E19,0x4E19,0x4E19,0x4E19,0x4E19,0x4E19,0x4E19,0x4E19,0x4E19,0x4E19,0x4E19,0x4E19,0x4E19,
  0x4E19,0x4E19,0x4E19,0x4E19,0x4E19,0x4E19,0x4E19,0x4E19,0x4E19,0x4E19,0x4E19,0x4E19,0x4E19,0x4E19,0x4E19,0x4E19,
  0x4E19,0x4E19,0x4E19,0x4E19,0x4E19,0x4E19,0x4E19,0x4E19,0x4E19,0x4E19,0x4E19,0x4E19,0x4E19,0x4E19,0x4E19,0x4E19,
  0x4E19,0x4E19,0x4E19,0x4E19,0x4E19,0x4E19,0x4E19,0x4E19,0x4E19,0x4E19,0x4E19,0x4E19,0x4E19,0x4E19,0x4E19,0x4E19,
  0x4E19,0x4E19,0x4E19,0x4E19,0x4E19,0x4E19,0x4E19,0x4E19,0x4E19,0x4E19,0x4E19,0x4E19,0x4E19,0x4E19,0x4E19,0x4E19,
  0x4E19,0x4E19,0x4E19,0x4E19,0x4E19,0x4E19,0x4E19,0x4E19,0x4E19,0x4E19,0x4E19,0x4E19,0x4E19,0x4E19,0x4E19,0x4E19,
  0x4E19,0x4E19,0x4E19,0x4E19,0x4E19,0x4E19,0x4E19,0x4E19,0x4E19,0x4E19,0x4E19,0x4E19,0x4E19,0x4E19,0x4E19,0x4E19,
  0x4E19,0x4E19,0x4E19,0x4E19,0x4E19,0x4E19,0x4E19,0x4E19,0x4E19,0x4E19,0x4E19,0x4E19,0x4E19,0x4E19,0x4E19,0x4E19,
  0x4E19,0x4E19,0x4E19,0x4E19,0x4E19,0x4E19,0x4E19,0x4E19,0x4E19,0x4E19,0x4E19,0x4E19,0x4E19,0x4E19,0x4E19,0x4E19,
  0x4E19,0x4E19,0x4E19,0x4E19,0x4E19,0x4E19,0x4E19,0x4E19,0x4E19,0x4E19,0x4E19,0x4E19,0x4E19,0x4E19,0x4E19,0x4E19,
  0x4E19,0x4E19,0x4E19,0x4E19,0x4E19,0x4E19,0x4E19,0x4E19,0x4E19,0x4E19,0x4E19,0x4E19,0x4E19,0x4E19,0x4E19,0x4E19,
  0x4E19,0x4E19,0x4E19,0x4E19,0x4E19,0x4E19,0x4E19,0x4E19,0x4E19,0x4E19,0x4E19,0x4E19,0x4E19,0x4E19,0x4E19,0x4E19,
  0x4E19,0x4E19,0x4E19,0x4E19,0x4E19,0x4E19,0x4E19,0x4E19,0x4E19,0x4E19,0x4E19,0x4E19,0x4E19,0x4E19,0x4E19,0x4E19,
  0x4E19,0x4E19,0x4E19,0x4E19,0x4E19,0x4E19,0x4E19,0x4E19,0x4E19,0x4E19,0x4E19,0x4E19,0x4E19,0x4E19,0x4E19,0x4E19,
  0x4E19,0x4E19,0x4E19,0x4E19,0x4E19,0x4E19,0x4E19,0x4E19,0x4E19,0x4E19,0x4E19,0x4E19,0x4E19,0x4E19,0x4E19,0x4E19,
  0x4E19,0x4E19,0x4E19,0x4E19,0x4E19,0x4E19,0x4E19,0x4E19,0x4E19,0x4E19,0x4E19,0x4E19,0x4E19,0x4E19,0x4E19,0x4E19,
  0x4E19,0x4E19,0x4E19,0x4E19,0x4E19,0x4E19,0x4E19,0x4E19,0x4E19,0x4E19,0x4E19,0x4E19,0x4E19,0x4E19,0x4E19,0x4E19,
  0x4E19,0x4E19,0x4E19,0x4E19,0x4E19,0x4E19,0x4E19,0x4E19,0x4E19,0x4E19,0x4E19,0x4E19,0x4E19,0x4E19,0x4E19,0x4E19,
  0x4E19,0x4E19,0x4E19,0x4E19,0x4E19,0x4E19,0x4E19,0x4E19,0x4E19,0x4E19,0x4E19,0x4E19,0x4E19,0x4E19,0x4E19,0x4E19,
  0x4E19,0x4E19,0x4E19,0x4E19,0x4E19,0x4E19,0x4E19,0x4E19,0x4E19,0x4E19,0x4E19,0x4E19,0x4E19,0x4E19,0x4E19,0x4E19,
  0x4E19,0x4E19,0x4E19,0x4E19,0x4E19,0x4E19,0x4E19,0x4E19,0x4E19,0x4E19,0x4E19,0x4E19,0x4E19,0x4E19,0x4E19,0x4E19,
  0x4E19,0x4E19,0x4E19,0x4E19,0x4E19,0x4E19,0x4E19,0x4E19,0x4E19,0x4E19,0x4E19,0x4E19,0x4E19,0x4E19,0x4E19,0x4E19,
  0x4E19,0x4E19,0x4E19,0x4E19,0x4E19,0x4E19,0x4E19,0x4E19,0x4E19,0x4E19,0x4E19,0x4E19,0x4E19,0x4E19,0x4E19,0x4E19,
  0x4E19,0x4E19,0x4E19,0x4E19,0x4E19,0x4E19,0x4E19,0x4E19,0x4E19,0x4E19,0x4E19,0x4E19,0x4E19,0x4E19,0x4E19,0x4E19,
  0x4E19,0x4E19,0x4E19,0x4E19,0x4E19,0x4E19,0x4E19,0x4E19,0x4E19,0x4E19,0x4E19,0x4E19,0x4E19,0x4E19,0x4E19,0x4E19,
  0x4E19,0x4E19,0x4E19,0x4E19,0x4E19,0x4E19,0x4E19,0x4E19,0x4E19,0x4E19,0x4E19,0x4E19,0x4E19,0x4E19,0x4E19,0x4E19,
  0x4E19,0x4E19,0x4E19,0x4E19,0x4E19,0x4E19,0x4E19,0x4E19,0x4E19,0x4E19,0x4E19,0x4E19,0x4E19,0x4E19,0x4E19,0x4E19,
  0x4E19,0x4E19,0x4E19,0x4E19,0x4E19,0x4E19,0x4E19,0x4E19,0x4E19,0x4E19,0x4E19,0x4E19,0x4E19,0x4E19,0x4E19,0x4E19,
  0x4E19,0x4E19,0x4E19,0x4E19,0x4E19,0x4E19,0x4E19,0x4E19,0x4E19,0x4E19,0x4E19,0x4E19,0x4E19,0x4E19,0x4E19,0x4E19,
  0x4E19,0x4E19,0x4E19,0x4E19,0x4E19,0x4E19,0x4E19,0x4E19,0x4E19,0x4E19,0x4E19,0x4E19,0x4E19,0x4E19,0x4E19,0x4E19,
  0x4E19,0x4E19,0x4E19,0x4E19,0x4E19,0x4E19,0x4E19,0x4E19,0x4E19,0x4E19,0x4E19,0x4E19,0x4E19,0x4E19,0x4E19,0x4E19,
  0x4E19,0x4E19,0x4E19,0x4E19,0x4E19,0x4E19,0x4E19,0x4E19,0x4E19,0x4E19,0x4E19,0x4E19,0x4E19,0x4E19,0x4E19,0x4E19,
  0x4E19,0x4E19,0x4E19,0x4E19,0x4E19,0x4E19,0x4E19,0x4E19,0x4E19,0x4E19,0x4E19,0x4E19,0x4E19,0x4E19,0x4E19,0x4E19,
  0x4E19,0x4E19,0x4E19,0x4E19,0x4E19,0x4E19,0x4E19,0x4E19,0x4E19,0x4E19,0x4E19,0x4E19,0x4E19,0x4E19,0x4E19,0x4E19,
  0x4E19,0x4E19,0x4E19,0x4E19,0x4E19,0x4E19,0x4E19,0x4E19,0x4E19,0x4E19,0x4E19,0x4E19,0x4E19,0x4E19,0x4E19,0x4E19,
  0x4E19,0x4E19,0x4E19,0x4E19,0x4E19,0x4E19,0x4E19,0x4E19,0x4E19,0x4E19,0x4E19,0x4E19,0x4E19,0x4E19,0x4E19,0x4E19,
  0x4E19,0x4E19,0x4E19,0x4E19,0x4E19,0x4E19,0x4E19,0x4E19,0x4E19,0x4E19,0x4E19,0x4E19,0x4E19,0x4E19,0x4E19,0x4E19,
  0x4E19,0x4E19,0x4E19,0x4E19,0x4E19,0x4E19,0x4E19,0x4E19,0x4E19,0x4E19,0x4E19,0x4E19,0x4E19,0x4E19,0x4E19,0x4E19,
  0x4E19,0x4E19,0x4E19,0x4E19,0x4E19,0x4E19,0x4E19,0x4E19,0x4E19,0x4E19,0x4E19,0x4E19,0x4E19,0x4E19,0x4E19,0x4E19,
  0x4E19,0x4E19,0x4E19,0x4E19,0x4E19,0x4E19,0x4E19,0x4E19,0x4E19,0x4E19,0x4E19,0x4E19,0x4E19,0x4E19,0x4E19,0x4E19,
  0x4E19,0x4E19,0x4E19,0x4E19,0x4E19,0x4E19,0x4E19,0x4E19,0x4E19,0x4E19,0x4E19,0x4E19,0x4E19,0x4E19,0x4E19,0x4E19,
  0x4E19,0x4E19,0x4E19,0x4E19,0x4E19,0x4E19,0x4E19,0x4E19,0x4E19,0x4E19,0x4E19,0x4E19,0x4E19,0x4E19,0x4E19,0x4E19,
  0x4E19,0x4E19,0x4E19,0x4E19,0x4E19,0x4E19,0x4E19,0x4E19,0x4E19,0x4E19,0x4E19,0x4E19,0x4E19,0x4E19,0x4E19,0x4E19,
  0x4E19,0x4E19,0x4E19,0x4E19,0x4E19,0x4E19,0x4E19,0x4E19,0x4E19,0x4E19,0x4E19,0x4E19,0x4E19,0x4E19,0x4E19,0x4E19,
  0x4E19,0x4E19,0x4E19,0x4E19,0x4E19,0x4E19,0x4E19,0x4E19,0x4E19,0x4E19,0x4E19,0x4E19,0x4E19,0x4E19,0x4E19,0x4E19,
  0x4E19,0x4E19,0x4E19,0x4E19,0x4E19,0x4E19,0x4E19,0x4E19,0x4E19,0x4E19,0x4E19,0x4E19,0x4E19,0x4E19,0x4E19,0x4E19,
  0x4E19,0x4E19,0x4E19,0x4E19,0x4E19,0x4E19,0x4E19,0x4E19,0x4E19,0x4E19,0x4E19,0x4E19,0x4E19,0x4E19,0x4E19,0x4E19,
  0x4E19,0x4E19,0x4E19,0x4E19,0x4E19,0x4E19,0x4E19,0x4E19,0x4E19,0x4E19,0x4E19,0x4E19,0x4E19,0x4E19,0x4E19,0x4E19,
  0x4E19,0x4E19,0x4E19,0x4E19,0x4E19,0x4E19,0x4E19,0x4E19,0x4E19,0x4E19,0x4E19,0x4E19,0x4E19,0x4E19,0x4E19,0x4E19,
  0x4E19,0x4E19,0x4E19,0x4E19,0x4E19,0x4E19,0x4E19,0x4E19,0x4E19,0x4E19,0x4E19,0x4E19,0x4E19,0x4E19,0x4E19,0x4E19,
  0x4E19,0x4E19,0x4E19,0x4E19,0x4E19,0x4E19,0x4E19,0x4E19,0x4E19,0x4E19,0x4E19,0x4E19,0x4E19,0x4E19,0x4E19,0x4E19,
  0x4E19,0x4E19,0x4E19,0x4E19,0x4E19,0x4E19,0x4E19,0x4E19,0x4E19,0x4E19,0x4E19,0x4E19,0x4E19,0x4E19,0x4E19,0x4E19,
  0x4E19,0x4E19,0x4E19,0x4E19,0x4E19,0x4E19,0x4E19,0x4E19,0x4E19,0x4E19,0x4E19,0x4E19,0x4E19,0x4E19,0x4E19,0x4E19,
  0x4E19,0x4E19,0x4E19,0x4E19,0x4E19,0x4E19,0x4E19,0x4E19,0x4E19,0x4E19,0x4E19,0x4E19,0x4E19,0x4E19,0x4E19,0x4E19,
  0x4E19,0x4E19,0x4E19,0x4E19,0x4E19,0x4E19,0x4E19,0x4E19,0x4E19,0x4E19,0x4E19,0x4E19,0x4E19,0x4E19,0x4E19,0x4E19,
  0x4E19,0x4E19,0x4E19,0x4E19,0x4E19,0x4E19,0x4E19,0x4E19,0x4E19,0x4E19,0x4E19,0x4E19,0x4E19,0x4E19,0x4E19,0x4E19,
  0x4E19,0x4E19,0x4E19,0x4E19,0x4E19,0x4E19,0x4E19,0x4E19,0x4E19,0x4E19,0x4E19,0x4E19,0x4E19,0x4E19,0x4E19,0x4E19,
  0x4E19,0x4E19,0x4E19,0x4E19,0x4E19,0x4E19,0x4E19,0x4E19,0x4E19,0x4E19,0x4E19,0x4E19,0x4E19,0x4E19,0x4E19,0x4E19,
  0x4E19,0x4E19,0x4E19,0x4E19,0x4E19,0x4E19,0x4E19,0x4E19,0x4E19,0x4E19,0x4E19,0x4E19,0x4E19,0x4E19,0x4E19,0x4E19,
  0x4E19,0x4E19,0x4E19,0x4E19,0x4E19,0x4E19,0x4E19,0x4E19,0x4E19,0x4E19,0x4E19,0x4E19,0x4E19,0x4E19,0x4E19,0x4E19,
  0x4E19,0x4E19,0x4E19,0x4E19,0x4E19,0x4E19,0x4E19,0x4E19,0x4E19,0x4E19,0x4E19,0x4E19,0x4E19,0x4E19,0x4E19,0x4E19,
  0x4E19,0x4E19,0x4E19,0x4E19,0x4E19,0x4E19,0x4E19,0x4E19,0x4E19,0x4E19,0x4E19,0x4E19,0x4E19,0x4E19,0x4E19,0x4E19,
  0x4E19,0x4E19,0x4E19,0x4E19,0x4E19,0x4E19,0x4E19,0x4E19,0x4E19,0x4E19,0x4E19,0x4E19,0x4E19,0x4E19,0x4E19,0x4E19,
  0x4E19,0x4E19,0x4E19,0x4E19,0x4E19,0x4E19,0x4E19,0x4E19,0x4E19,0x4E19,0x4E19,0x4E19,0x4E19,0x4E19,0x4E19,0x4E19,
  0x4E19,0x4E19,0x4E19,0x4E19,0x4E19,0x4E19,0x4E19,0x4E19,0x4E19,0x4E19,0x4E19,0x4E19,0x4E19,0x4E19,0x4E19,0x4E19,
  0x4E19,0x4E19,0x4E19,0x4E19,0x4E19,0x4E19,0x4E19,0x4E19,0x4E19,0x4E19,0x4E19,0x4E19,0x4E19,0x4E19,0x4E19,0x4E19,
  0x4E19,0x4E19,0x4E19,0x4E19,0x4E19,0x4E19,0x4E19,0x4E19,0x4E19,0x4E19,0x4E19,0x4E19,0x4E19,0x4E19,0x4E19,0x4E19,
  0x4E19,0x4E19,0x4E19,0x4E19,0x4E19,0x4E19,0x4E19,0x4E19,0x4E19,0x4E19,0x4E19,0x4E19,0x4E19,0x4E19,0x4E19,0x4E19,
  0x4E19,0x4E19,0x4E19,0x4E19,0x4E19,0x4E19,0x4E19,0x4E19,0x4E19,0x4E19,0x4E19,0x4E19,0x4E19,0x4E19,0x4E19,0x4E19,
  0x4E19,0x4E19,0x4E19,0x4E19,0x4E19,0x4E19,0x4E19,0x4E19,0x4E19,0x4E19,0x4E19,0x4E19,0x4E19,0x4E19,0x4E19,0x4E19,
  0x4E19,0x4E19,0x4E19,0x4E19,0x4E19,0x4E19,0x4E19,0x4E19,0x4E19,0x4E19,0x4E19,0x4E19,0x4E19,0x4E19,0x4E19,0x4E19,
  0x4E19,0x4E19,0x4E19,0x4E19,0x4E19,0x4E19,0x4E19,0x4E19,0x4E19,0x4E19,0x4E19,0x4E19,0x4E19,0x4E19,0x4E19,0x4E19,
  0x4E19,0x4E19,0x4E19,0x4E19,0x4E19,0x4E19,0x4E19,0x4E19,0x4E19,0x4E19,0x4E19,0x4E19,0x4E19,0x4E19,0x4E19,0x4E19,
  0x4E19,0x4E19,0x4E19,0x4E19,0x4E19,0x4E19,0x4E19,0x4E19,0x4E19,0x4E19,0x4E19,0x4E19,0x4E19,0x4E19,0x4E19,0x4E19,
  0x4E19,0x4E19,0x4E19,0x4E19,0x4E19,0x4E19,0x4E19,0x4E19,0x4E19,0x4E19,0x4E19,0x4E19,0x4E19,0x4E19,0x4E19,0x4E19,
  0x4E19,0x4E19,0x4E19,0x4E19,0x4E19,0x4E19,0x4E19,0x4E19,0x4E19,0x4E19,0x4E19,0x4E19,0x4E19,0x4E19,0x4E19,0x4E19,
  0x4E19,0x4E19,0x4E19,0x4E19,0x4E19,0x4E19,0x4E19,0x4E19,0x4E19,0x4E19,0x4E19,0x4E19,0x4E19,0x4E19,0x4E19,0x4E19,
  0x4E19,0x4E19,0x4E19,0x4E19,0x4E19,0x4E19,0x4E19,0x4E19,0x4E19,0x4E19,0x4E19,0x4E19,0x4E19,0x4E19,0x4E19,0x4E19,
  0x4E19,0x4E19,0x4E19,0x4E19,0x4E19,0x4E19,0x4E19,0x4E19,0x4E19,0x4E19,0x4E19,0x4E19,0x4E19,0x4E19,0x4E19,0x4E19,
  0x4E19,0x4E19,0x4E19,0x4E19,0x4E19,0x4E19,0x4E19,0x4E19,0x4E19,0x4E19,0x4E19,0x4E19,0x4E19,0x4E19,0x4E19,0x4E19,
  0x4E19,0x4E19,0x4E19,0x4E19,0x4E19,0x4E19,0x4E19,0x4E19,0x4E19,0x4E19,0x4E19,0x4E19,0x4E19,0x4E19,0x4E19,0x4E19,
  0x4E19,0x4E19,0x4E19,0x4E19,0x4E19,0x4E19,0x4E19,0x4E19,0x4E19,0x4E19,0x4E19,0x4E19,0x4E19,0x4E19,0x4E19,0x4E19,
  0x4E19,0x4E19,0x4E19,0x4E19,0x4E19,0x4E19,0x4E19,0x4E19,0x4E19,0x4E19,0x4E19,0x4E19,0x4E19,0x4E19,0x4E19,0x4E19,
  0x4E19,0x4E19,0x4E19,0x4E19,0x4E19,0x4E19,0x4E19,0x4E19,0x4E19,0x4E19,0x4E19,0x4E19,0x4E19,0x4E19,0x4E19,0x4E19,
  0x4E19,0x4E19,0x4E19,0x4E19,0x4E19,0x4E19,0x4E19,0x4E19,0x4E19,0x4E19,0x4E19,0x4E19,0x4E19,0x4E19,0x4E19,0x4E19,
  0x4E19,0x4E19,0x4E19,0x4E19,0x4E19,0x4E19,0x4E19,0x4E19,0x4E19,0x4E19,0x4E19,0x4E19,0x4E19,0x4E19,0x4E19,0x4E19,
  0x4E19,0x4E19,0x4E19,0x4E19,0x4E19,0x4E19,0x4E19,0x4E19,0x4E19,0x4E19,0x4E19,0x4E19,0x4E19,0x4E19,0x4E19,0x4E19,
  0x4E19,0x4E19,0x4E19,0x4E19,0x4E19,0x4E19,0x4E19,0x4E19,0x4E19,0x4E19,0x4E19,0x4E19,0x4E19,0x4E19,0x4E19,0x4E19,
  0x4E19,0x4E19,0x4E19,0x4E19,0x4E19,0x4E19,0x4E19,0x4E19,0x4E19,0x4E19,0x4E19,0x4E19,0x4E19,0x4E19,0x4E19,0x4E19,
  0x4E19,0x4E19,0x4E19,0x4E19,0x4E19,0x4E19,0x4E19,0x4E19,0x4E19,0x4E19,0x4E19,0x4E19,0x4E19,0x4E19,0x4E19,0x4E19,
  0x4E19,0x4E19,0x4E19,0x4E19,0x4E19,0x4E19,0x4E19,0x4E19,0x4E19,0x4E19,0x4E19,0x4E19,0x4E19,0x4E19,0x4E19,0x4E19,
  0x4E19,0x4E19,0x4E19,0x4E19,0x4E19,0x4E19,0x4E19,0x4E19,0x4E19,0x4E19,0x4E19,0x4E19,0x4E19,0x4E19,0x4E19,0x4E19,
  0x4E19,0x4E19,0x4E19,0x4E19,0x4E19,0x4E19,0x4E19,0x4E19,0x4E19,0x4E19,0x4E19,0x4E19,0x4E19,0x4E19,0x4E19,0x4E19,
  0x4E19,0x4E19,0x4E19,0x4E19,0x4E19,0x4E19,0x4E19,0x4E19,0x4E19,0x4E19,0x4E19,0x4E19,0x4E19,0x4E19,0x4E19,0x4E19,
  0x4E19,0x4E19,0x4E19,0x4E19,0x4E19,0x4E19,0x4E19,0x4E19,0x4E19,0x4E19,0x4E19,0x4E19,0x4E19,0x4E19,0x4E19,0x4E19,
  0x4E19,0x4E19,0x4E19,0x4E19,0x4E19,0x4E19,0x4E19,0x4E19,0x4E19,0x4E19,0x4E19,0x4E19,0x4E19,0x4E19,0x4E19,0x4E19,
  0x4E19,0x4E19,0x4E19,0x4E19,0x4E19,0x4E19,0x4E19,0x4E19,0x4E19,0x4E19,0x4E19,0x4E19,0x4E19,0x4E19,0x4E19,0x4E19,
  0x4E19,0x4E19,0x4E19,0x4E19,0x4E19,0x4E19,0x4E19,0x4E19,0x4E19,0x4E19,0x4E19,0x4E19,0x4E19,0x4E19,0x4E19,0x4E19,
  0x4E19,0x4E19,0x4E19,0x4E19,0x4E19,0x4E19,0x4E19,0x4E19,0x4E19,0x4E19,0x4E19,0x4E19,0x4E19,0x4E19,0x4E19,0x4E19,
  0x4E19,0x4E19,0x4E19,0x4E19,0x4E19,0x4E19,0x4E19,0x4E19,0x4E19,0x4E19,0x4E19,0x4E19,0x4E19,0x4E19,0x4E19,0x4E19,
  0x4E19,0x4E19,0x4E19,0x4E19,0x4E19,0x4E19,0x4E19,0x4E19,0x4E19,0x4E19,0x4E19,0x4E19,0x4E19,0x4E19,0x4E19,0x4E19,
  0x4E19,0x4E19,0x4E19,0x4E19,0x4E19,0x4E19,0x4E19,0x4E19,0x4E19,0x4E19,0x4E19,0x4E19,0x4E19,0x4E19,0x4E19,0x4E19,
  0x4E19,0x4E19,0x4E19,0x4E19,0x4E19,0x4E19,0x4E19,0x4E19,0x4E19,0x4E19,0x4E19,0x4E19,0x4E19,0x4E19,0x4E19,0x4E19,
  0x4E19,0x4E19,0x4E19,0x4E19,0x4E19,0x4E19,0x4E19,0x4E19,0x4E19,0x4E19,0x4E19,0x4E19,0x4E19,0x4E19,0x4E19,0x4E19,
  0x4E19,0x4E19,0x4E19,0x4E19,0x4E19,0x4E19,0x4E19,0x4E19,0x4E19,0x4E19,0x4E19,0x4E19,0x4E19,0x4E19,0x4E19,0x4E19,
  0x4E19,0x4E19,0x4E19,0x4E19,0x4E19,0x4E19,0x4E19,0x4E19,0x4E19,0x4E19,0x4E19,0x4E19,0x4E19,0x4E19,0x4E19,0x4E19,
  0x4E19,0x4E19,0x4E19,0x4E19,0x4E19,0x4E19,0x4E19,0x4E19,0x4E19,0x4E19,0x4E19,0x4E19,0x4E19,0x4E19,0x4E19,0x4E19,
  0x4E19,0x4E19,0x4E19,0x4E19,0x4E19,0x4E19,0x4E19,0x4E19,0x4E19,0x4E19,0x4E19,0x4E19,0x4E19,0x4E19,0x4E19,0x4E19,
  0x4E19,0x4E19,0x4E19,0x4E19,0x4E19,0x4E19,0x4E19,0x4E19,0x4E19,0x4E19,0x4E19,0x4E19,0x4E19,0x4E19,0x4E19,0x4E19,
  0x4E19,0x4E19,0x4E19,0x4E19,0x4E19,0x4E19,0x4E19,0x4E19,0x4E19,0x4E19,0x4E19,0x4E19,0x4E19,0x4E19,0x4E19,0x4E19,
  0x4E19,0x4E19,0x4E19,0x4E19,0x4E19,0x4E19,0x4E19,0x4E19,0x4E19,0x4E19,0x4E19,0x4E19,0x4E19,0x4E19,0x4E19,0x4E19,
  0x4E19,0x4E19,0x4E19,0x4E19,0x4E19,0x4E19,0x4E19,0x4E19,0x4E19,0x4E19,0x4E19,0x4E19,0x4E19,0x4E19,0x4E19,0x4E19,
  0x4E19,0x4E19,0x4E19,0x4E19,0x4E19,0x4E19,0x4E19,0x4E19,0x4E19,0x4E19,0x4E19,0x4E19,0x4E19,0x4E19,0x4E19,0x4E19,
  0x4E19,0x4E19,0x4E19,0x4E19,0x4E19,0x4E19,0x4E19,0x4E19,0x4E19,0x4E19,0x4E19,0x4E19,0x4E19,0x4E19,0x4E19,0x4E19,
  0x4E19,0x4E19,0x4E19,0x4E19,0x4E19,0x4E19,0x4E19,0x4E19,0x4E19,0x4E19,0x4E19,0x4E19,0x4E19,0x4E19,0x4E19,0x4E19,
  0x4E19,0x4E19,0x4E19,0x4E19,0x4E19,0x4E19,0x4E19,0x4E19,0x4E19,0x4E19,0x4E19,0x4E19,0x4E19,0x4E19,0x4E19,0x4E19,
  0x4E19,0x4E19,0x4E19,0x4E19,0x4E19,0x4E19,0x4E19,0x4E19,0x4E19,0x4E19,0x4E19,0x4E19,0x4E19,0x4E19,0x4E19,0x4E19,
  0x4E19,0x4E19,0x4E19,0x4E19,0x4E19,0x4E19,0x4E19,0x4E19,0x4E19,0x4E19,0x4E19,0x4E19,0x4E19,0x4E19,0x4E19,0x4E19,
  0x4E19,0x4E19,0x4E19,0x4E19,0x4E19,0x4E19,0x4E19,0x4E19,0x4E19,0x4E19,0x4E19,0x4E19,0x4E19,0x4E19,0x4E19,0x4E19,
  0x4E19,0x4E19,0x4E19,0x4E19,0x4E19,0x4E19,0x4E19,0x4E19,0x4E19,0x4E19,0x4E19,0x4E19,0x4E19,0x4E19,0x4E19,0x4E19,
  0x4E19,0x4E19,0x4E19,0x4E19,0x4E19,0x4E19,0x4E19,0x4E19,0x4E19,0x4E19,0x4E19,0x4E19,0x4E19,0x4E19,0x4E19,0x4E19,
  0x4E19,0x4E19,0x4E19,0x4E19,0x4E19,0x4E19,0x4E19,0x4E19,0x4E19,0x4E19,0x4E19,0x4E19,0x4E19,0x4E19,0x4E19,0x4E19,
  0x4E19,0x4E19,0x4E19,0x4E19,0x4E19,0x4E19,0x4E19,0x4E19,0x4E19,0x4E19,0x4E19,0x4E19,0x4E19,0x4E19,0x4E19,0x4E19,
  0x4E19,0x4E19,0x4E19,0x4E19,0x4E19,0x4E19,0x4E19,0x4E19,0x4E19,0x4E19,0x4E19,0x4E19,0x4E19,0x4E19,0x4E19,0x4E19,
  0x4E19,0x4E19,0x4E19,0x4E19,0x4E19,0x4E19,0x4E19,0x4E19,0x4E19,0x4E19,0x4E19,0x4E19,0x4E19,0x4E19,0x4E19,0x4E19,
  0x4E19,0x4E19,0x4E19,0x4E19,0x4E19,0x4E19,0x4E19,0x4E19,0x4E19,0x4E19,0x4E19,0x4E19,0x4E19,0x4E19,0x4E19,0x4E19,
  0x4E19,0x4E19,0x4E19,0x4E19,0x4E19,0x4E19,0x4E19,0x4E19,0x4E19,0x4E19,0x4E19,0x4E19,0x4E19,0x4E19,0x4E19,0x4E19,
  0x4E19,0x4E19,0x4E19,0x4E19,0x4E19,0x4E19,0x4E19,0x4E19,0x4E19,0x4E19,0x4E19,0x4E19,0x4E19,0x4E19,0x4E19,0x4E19,
  0x4E19,0x4E19,0x4E19,0x4E19,0x4E19,0x4E19,0x4E19,0x4E19,0x4E19,0x4E19,0x4E19,0x4E19,0x4E19,0x4E19,0x4E19,0x4E19,
  0x4E19,0x4E19,0x4E19,0x4E19,0x4E19,0x4E19,0x4E19,0x4E19,0x4E19,0x4E19,0x4E19,0x4E19,0x4E19,0x4E19,0x4E19,0x4E19,
  0x4E19,0x4E19,0x4E19,0x4E19,0x4E19,0x4E19,0x4E19,0x4E19,0x4E19,0x4E19,0x4E19,0x4E19,0x4E19,0x4E19,0x4E19,0x4E19,
  0x4E19,0x4E19,0x4E19,0x4E19,0x4E19,0x4E19,0x4E19,0x4E19,0x4E19,0x4E19,0x4E19,0x4E19,0x4E19,0x4E19,0x4E19,0x4E19,
  0x4E19,0x4E19,0x4E19,0x4E19,0x4E19,0x4E19,0x4E19,0x4E19,0x4E19,0x4E19,0x4E19,0x4E19,0x4E19,0x4E19,0x4E19,0x4E19,
  0x4E19,0x4E19,0x4E19,0x4E19,0x4E19,0x4E19,0x4E19,0x4E19,0x4E19,0x4E19,0x4E19,0x4E19,0x4E19,0x4E19,0x4E19,0x4E19,
  0x4E19,0x4E19,0x4E19,0x4E19,0x4E19,0x4E19,0x4E19,0x4E19,0x4E19,0x4E19,0x4E19,0x4E19,0x4E19,0x4E19,0x4E19,0x4E19,
  0x4E19,0x4E19,0x4E19,0x4E19,0x4E19,0x4E19,0x4E19,0x4E19,0x4E19,0x4E19,0x4E19,0x4E19,0x4E19,0x4E19,0x4E19,0x4E19,
  0x4E19,0x4E19,0x4E19,0x4E19,0x4E19,0x4E19,0x4E19,0x4E19,0x4E19,0x4E19,0x4E19,0x4E19,0x4E19,0x4E19,0x4E19,0x4E19,
  0x4E19,0x4E19,0x4E19,0x4E19,0x4E19,0x4E19,0x4E19,0x4E19,0x4E19,0x4E19,0x4E19,0x4E19,0x4E19,0x4E19,0x4E19,0x4E19,
  0x4E19,0x4E19,0x4E19,0x4E19,0x4E19,0x4E19,0x4E19,0x4E19,0x4E19,0x4E19,0x4E19,0x4E19,0x4E19,0x4E19,0x4E19,0x4E19,
  0x4E19,0x4E19,0x4E19,0x4E19,0x4E19,0x4E19,0x4E19,0x4E19,0x4E19,0x4E19,0x4E19,0x4E19,0x4E19,0x4E19,0x4E19,0x4E19,
  0x4E19,0x4E19,0x4E19,0x4E19,0x4E19,0x4E19,0x4E19,0x4E19,0x4E19,0x4E19,0x4E19,0x4E19,0x4E19,0x4E19,0x4E19,0x4E19,
  0x4E19,0x4E19,0x4E19,0x4E19,0x4E19,0x4E19,0x4E19,0x4E19,0x4E19,0x4E19,0x4E19,0x4E19,0x4E19,0x4E19,0x4E19,0x4E19,
  0x4E19,0x4E19,0x4E19,0x4E19,0x4E19,0x4E19,0x4E19,0x4E19,0x4E19,0x4E19,0x4E19,0x4E19,0x4E19,0x4E19,0x4E19,0x4E19,
  0x4E19,0x4E19,0x4E19,0x4E19,0x4E19,0x4E19,0x4E19,0x4E19,0x4E19,0x4E19,0x4E19,0x4E19,0x4E19,0x4E19,0x4E19,0x4E19,
  0x4E19,0x4E19,0x4E19,0x4E19,0x4E19,0x4E19,0x4E19,0x4E19,0x4E19,0x4E19,0x4E19,0x4E19,0x4E19,0x4E19,0x4E19,0x4E19,
  0x4E19,0x4E19,0x4E19,0x4E19,0x4E19,0x4E19,0x4E19,0x4E19,0x4E19,0x4E19,0x4E19,0x4E19,0x4E19,0x4E19,0x4E19,0x4E19,
  0x4E19,0x4E19,0x4E19,0x4E19,0x4E19,0x4E19,0x4E19,0x4E19,0x4E19,0x4E19,0x4E19,0x4E19,0x4E19,0x4E19,0x4E19,0x4E19,
  0x4E19,0x4E19,0x4E19,0x4E19,0x4E19,0x4E19,0x4E19,0x4E19,0x4E19,0x4E19,0x4E19,0x4E19,0x4E19,0x4E19,0x4E19,0x4E19,
  0x4E19,0x4E19,0x4E19,0x4E19,0x4E19,0x4E19,0x4E19,0x4E19,0x4E19,0x4E19,0x4E19,0x4E19,0x4E19,0x4E19,0x4E19,0x4E19,
  0x4E19,0x4E19,0x4E19,0x4E19,0x4E19,0x4E19,0x4E19,0x4E19,0x4E19,0x4E19,0x4E19,0x4E19,0x4E19,0x4E19,0x4E19,0x4E19,
  0x4E19,0x4E19,0x4E19,0x4E19,0x4E19,0x4E19,0x4E19,0x4E19,0x4E19,0x4E19,0x4E19,0x4E19,0x4E19,0x4E19,0x4E19,0x4E19,
  0x4E19,0x4E19,0x4E19,0x4E19,0x4E19,0x4E19,0x4E19,0x4E19,0x4E19,0x4E19,0x4E19,0x4E19,0x4E19,0x4E19,0x4E19,0x4E19,
  0x4E19,0x4E19,0x4E19,0x4E19,0x4E19,0x4E19,0x4E19,0x4E19,0x4E19,0x4E19,0x4E19,0x4E19,0x4E19,0x4E19,0x4E19,0x4E19,
  0x4E19,0x4E19,0x4E19,0x4E19,0x4E19,0x4E19,0x4E19,0x4E19,0x4E19,0x4E19,0x4E19,0x4E19,0x4E19,0x4E19,0x4E19,0x4E19,
  0x4E19,0x4E19,0x4E19,0x4E19,0x4E19,0x4E19,0x4E19,0x4E19,0x4E19,0x4E19,0x4E19,0x4E19,0x4E19,0x4E19,0x4E19,0x4E19,
  0x4E19,0x4E19,0x4E19,0x4E19,0x4E19,0x4E19,0x4E19,0x4E19,0x4E19,0x4E19,0x4E19,0x4E19,0x4E19,0x4E19,0x4E19,0x4E19,
  0x4E19,0x4E19,0x4E19,0x4E19,0x4E19,0x4E19,0x4E19,0x4E19,0x4E19,0x4E19,0x4E19,0x4E19,0x4E19,0x4E19,0x4E19,0x4E19,
  0x4E19,0x4E19,0x4E19,0x4E19,0x4E19,0x4E19,0x4E19,0x4E19,0x4E19,0x4E19,0x4E19,0x4E19,0x4E19,0x4E19,0x4E19,0x4E19,
  0x4E19,0x4E19,0x4E19,0x4E19,0x4E19,0x4E19,0x4E19,0x4E19,0x4E19,0x4E19,0x4E19,0x4E19,0x4E19,0x4E19,0x4E19,0x4E19,
  0x4E19,0x4E19,0x4E19,0x4E19,0x4E19,0x4E19,0x4E19,0x4E19,0x4E19,0x4E19,0x4E19,0x4E19,0x4E19,0x4E19,0x4E19,0x4E19,
  0x4E19,0x4E19,0x4E19,0x4E19,0x4E19,0x4E19,0x4E19,0x4E19,0x4E19,0x4E19,0x4E19,0x4E19,0x4E19,0x4E19,0x4E19,0x4E19,
  0x4E19,0x4E19,0x4E19,0x4E19,0x4E19,0x4E19,0x4E19,0x4E19,0x4E19,0x4E19,0x4E19,0x4E19,0x4E19,0x4E19,0x4E19,0x4E19,
  0x4E19,0x4E19,0x4E19,0x4E19,0x4E19,0x4E19,0x4E19,0x4E19,0x4E19,0x4E19,0x4E19,0x4E19,0x4E19,0x4E19,0x4E19,0x4E19,
  0x4E19,0x4E19,0x4E19,0x4E19,0x4E19,0x4E19,0x4E19,0x4E19,0x4E19,0x4E19,0x4E19,0x4E19,0x4E19,0x4E19,0x4E19,0x4E19,
  0x4E19,0x4E19,0x4E19,0x4E19,0x4E19,0x4E19,0x4E19,0x4E19,0x4E19,0x4E19,0x4E19,0x4E19,0x4E19,0x4E19,0x4E19,0x4E19,
  0x4E19,0x4E19,0x4E19,0x4E19,0x4E19,0x4E19,0x4E19,0x4E19,0x4E19,0x4E19,0x4E19,0x4E19,0x4E19,0x4E19,0x4E19,0x4E19,
  0x4E19,0x4E19,0x4E19,0x4E19,0x4E19,0x4E19,0x4E19,0x4E19,0x4E19,0x4E19,0x4E19,0x4E19,0x4E19,0x4E19,0x4E19,0x4E19,
  0x4E19,0x4E19,0x4E19,0x4E19,0x4E19,0x4E19,0x4E19,0x4E19,0x4E19,0x4E19,0x4E19,0x4E19,0x4E19,0x4E19,0x4E19,0x4E19,
  0x4E19,0x4E19,0x4E19,0x4E19,0x4E19,0x4E19,0x4E19,0x4E19,0x4E19,0x4E19,0x4E19,0x4E19,0x4E19,0x4E19,0x4E19,0x4E19,
  0x4E19,0x4E19,0x4E19,0x4E19,0x4E19,0x4E19,0x4E19,0x4E19,0x4E19,0x4E19,0x4E19,0x4E19,0x4E19,0x4E19,0x4E19,0x4E19,
  0x4E19,0x4E19,0x4E19,0x4E19,0x4E19,0x4E19,0x4E19,0x4E19,0x4E19,0x4E19,0x4E19,0x4E19,0x4E19,0x4E19,0x4E19,0x4E19,
  0x4E19,0x4E19,0x4E19,0x4E19,0x4E19,0x4E19,0x4E19,0x4E19,0x4E19,0x4E19,0x4E19,0x4E19,0x4E19,0x4E19,0x4E19,0x4E19,
  0x4E19,0x4E19,0x4E19,0x4E19,0x4E19,0x4E19,0x4E19,0x4E19,0x4E19,0x4E19,0x4E19,0x4E19,0x4E19,0x4E19,0x4E19,0x4E19,
  0x4E19,0x4E19,0x4E19,0x4E19,0x4E19,0x4E19,0x4E19,0x4E19,0x4E19,0x4E19,0x4E19,0x4E19,0x4E19,0x4E19,0x4E19,0x4E19,
  0x4E19,0x4E19,0x4E19,0x4E19,0x4E19,0x4E19,0x4E19,0x4E19,0x4E19,0x4E19,0x4E19,0x4E19,0x4E19,0x4E19,0x4E19,0x4E19,
  0x4E19,0x4E19,0x4E19,0x4E19,0x4E19,0x4E19,0x4E19,0x4E19,0x4E19,0x4E19,0x4E19,0x4E19,0x4E19,0x4E19,0x4E19,0x4E19,
  0x4E19,0x4E19,0x4E19,0x4E19,0x4E19,0x4E19,0x4E19,0x4E19,0x4E19,0x4E19,0x4E19,0x4E19,0x4E19,0x4E19,0x4E19,0x4E19,
  0x4E19,0x4E19,0x4E19,0x4E19,0x4E19,0x4E19,0x4E19,0x4E19,0x4E19,0x4E19,0x4E19,0x4E19,0x4E19,0x4E19,0x4E19,0x4E19,
  0x4E19,0x4E19,0x4E19,0x4E19,0x4E19,0x4E19,0x4E19,0x4E19,0x4E19,0x4E19,0x4E19,0x4E19,0x4E19,0x4E19,0x4E19,0x4E19,
  0x4E19,0x4E19,0x4E19,0x4E19,0x4E19,0x4E19,0x4E19,0x4E19,0x4E19,0x4E19,0x4E19,0x4E19,0x4E19,0x4E19,0x4E19,0x4E19,
  0x4E19,0x4E19,0x4E19,0x4E19,0x4E19,0x4E19,0x4E19,0x4E19,0x4E19,0x4E19,0x4E19,0x4E19,0x4E19,0x4E19,0x4E19,0x4E19,
  0x4E19,0x4E19,0x4E19,0x4E19,0x4E19,0x4E19,0x4E19,0x4E19,0x4E19,0x4E19,0x4E19,0x4E19,0x4E19,0x4E19,0x4E19,0x4E19,
  0x4E19,0x4E19,0x4E19,0x4E19,0x4E19,0x4E19,0x4E19,0x4E19,0x4E19,0x4E19,0x4E19,0x4E19,0x4E19,0x4E19,0x4E19,0x4E19,
  0x4E19,0x4E19,0x4E19,0x4E19,0x4E19,0x4E19,0x4E19,0x4E19,0x4E19,0x4E19,0x4E19,0x4E19,0x4E19,0x4E19,0x4E19,0x4E19,
  0x4E19,0x4E19,0x4E19,0x4E19,0x4E19,0x4E19,0x4E19,0x4E19,0x4E19,0x4E19,0x4E19,0x4E19,0x4E19,0x4E19,0x4E19,0x4E19,
  0x4E19,0x4E19,0x4E19,0x4E19,0x4E19,0x4E19,0x4E19,0x4E19,0x4E19,0x4E19,0x4E19,0x4E19,0x4E19,0x4E19,0x4E19,0x4E19,
  0x4E19,0x4E19,0x4E19,0x4E19,0x4E19,0x4E19,0x4E19,0x4E19,0x4E19,0x4E19,0x4E19,0x4E19,0x4E19,0x4E19,0x4E19,0x4E19,
  0x4E19,0x4E19,0x4E19,0x4E19,0x4E19,0x4E19,0x4E19,0x4E19,0x4E19,0x4E19,0x4E19,0x4E19,0x4E19,0x4E19,0x4E19,0x4E19,
  0x4E19,0x4E19,0x4E19,0x4E19,0x4E19,0x4E19,0x4E19,0x4E19,0x4E19,0x4E19,0x4E19,0x4E19,0x4E19,0x4E19,0x4E19,0x4E19,
  0x4E19,0x4E19,0x4E19,0x4E19,0x4E19,0x4E19,0x4E19,0x4E19,0x4E19,0x4E19,0x4E19,0x4E19,0x4E19,0x4E19,0x4E19,0x4E19,
  0x4E19,0x4E19,0x4E19,0x4E19,0x4E19,0x4E19,0x4E19,0x4E19,0x4E19,0x4E19,0x4E19,0x4E19,0x4E19,0x4E19,0x4E19,0x4E19,
  0x4E19,0x4E19,0x4E19,0x4E19,0x4E19,0x4E19,0x4E19,0x4E19,0x4E19,0x4E19,0x4E19,0x4E19,0x4E19,0x4E19,0x4E19,0x4E19,
  0x4E19,0x4E19,0x4E19,0x4E19,0x4E19,0x4E19,0x4E19,0x4E19,0x4E19,0x4E19,0x4E19,0x4E19,0x4E19,0x4E19,0x4E19,0x4E19,
  0x4E19,0x4E19,0x4E19,0x4E19,0x4E19,0x4E19,0x4E19,0x4E19,0x4E19,0x4E19,0x4E19,0x4E19,0x4E19,0x4E19,0x4E19,0x4E19,
  0x4E19,0x4E19,0x4E19,0x4E19,0x4E19,0x4E19,0x4E19,0x4E19,0x4E19,0x4E19,0x4E19,0x4E19,0x4E19,0x4E19,0x4E19,0x4E19,
  0x4E19,0x4E19,0x4E19,0x4E19,0x4E19,0x4E19,0x4E19,0x4E19,0x4E19,0x4E19,0x4E19,0x4E19,0x4E19,0x4E19,0x4E19,0x4E19,
  0x4E19,0x4E19,0x4E19,0x4E19,0x4E19,0x4E19,0x4E19,0x4E19,0x4E19,0x4E19,0x4E19,0x4E19,0x4E19,0x4E19,0x4E19,0x4E19,
  0x4E19,0x4E19,0x4E19,0x4E19,0x4E19,0x4E19,0x4E19,0x4E19,0x4E19,0x4E19,0x4E19,0x4E19,0x4E19,0x4E19,0x4E19,0x4E19,
  0x4E19,0x4E19,0x4E19,0x4E19,0x4E19,0x4E19,0x4E19,0x4E19,0x4E19,0x4E19,0x4E19,0x4E19,0x4E19,0x4E19,0x4E19,0x4E19,
  0x4E19,0x4E19,0x4E19,0x4E19,0x4E19,0x4E19,0x4E19,0x4E19,0x4E19,0x4E19,0x4E19,0x4E19,0x4E19,0x4E19,0x4E19,0x4E19,
  0x4E19,0x4E19,0x4E19,0x4E19,0x4E19,0x4E19,0x4E19,0x4E19,0x4E19,0x4E19,0x4E19,0x4E19,0x4E19,0x4E19,0x4E19,0x4E19,
  0x4E19,0x4E19,0x4E19,0x4E19,0x4E19,0x4E19,0x4E19,0x4E19,0x4E19,0x4E19,0x4E19,0x4E19,0x4E19,0x4E19,0x4E19,0x4E19,
  0x4E19,0x4E19,0x4E19,0x4E19,0x4E19,0x4E19,0x4E19,0x4E19,0x4E19,0x4E19,0x4E19,0x4E19,0x4E19,0x4E19,0x4E19,0x4E19,
  0x4E19,0x4E19,0x4E19,0x4E19,0x4E19,0x4E19,0x4E19,0x4E19,0x4E19,0x4E19,0x4E19,0x4E19,0x4E19,0x4E19,0x4E19,0x4E19,
  0x4E19,0x4E19,0x4E19,0x4E19,0x4E19,0x4E19,0x4E19,0x4E19,0x4E19,0x4E19,0x4E19,0x4E19,0x4E19,0x4E19,0x4E19,0x4E19,
  0x4E19,0x4E19,0x4E19,0x4E19,0x4E19,0x4E19,0x4E19,0x4E19,0x4E19,0x4E19,0x4E19,0x4E19,0x4E19,0x4E19,0x4E19,0x4E19,
  0x4E19,0x4E19,0x4E19,0x4E19,0x4E19,0x4E19,0x4E19,0x4E19,0x4E19,0x4E19,0x4E19,0x4E19,0x4E19,0x4E19,0x4E19,0x4E19,
  0x4E19,0x4E19,0x4E19,0x4E19,0x4E19,0x4E19,0x4E19,0x4E19,0x4E19,0x4E19,0x4E19,0x4E19,0x4E19,0x4E19,0x4E19,0x4E19,
  0x4E19,0x4E19,0x4E19,0x4E19,0x4E19,0x4E19,0x4E19,0x4E19,0x4E19,0x4E19,0x4E19,0x4E19,0x4E19,0x4E19,0x4E19,0x4E19,
  0x4E19,0x4E19,0x4E19,0x4E19,0x4E19,0x4E19,0x4E19,0x4E19,0x4E19,0x4E19,0x4E19,0x4E19,0x4E19,0x4E19,0x4E19,0x4E19,
  0x4E19,0x4E19,0x4E19,0x4E19,0x4E19,0x4E19,0x4E19,0x4E19,0x4E19,0x4E19,0x4E19,0x4E19,0x4E19,0x4E19,0x4E19,0x4E19,
  0x4E19,0x4E19,0x4E19,0x4E19,0x4E19,0x4E19,0x4E19,0x4E19,0x4E19,0x4E19,0x4E19,0x4E19,0x4E19,0x4E19,0x4E19,0x4E19,
  0x4E19,0x4E19,0x4E19,0x4E19,0x4E19,0x4E19,0x4E19,0x4E19,0x4E19,0x4E19,0x4E19,0x4E19,0x4E19,0x4E19,0x4E19,0x4E19,
  0x4E19,0x4E19,0x4E19,0x4E19,0x4E19,0x4E19,0x4E19,0x4E19,0x4E19,0x4E19,0x4E19,0x4E19,0x4E19,0x4E19,0x4E19,0x4E19,
  0x4E19,0x4E19,0x4E19,0x4E19,0x4E19,0x4E19,0x4E19,0x4E19,0x4E19,0x4E19,0x4E19,0x4E19,0x4E19,0x4E19,0x4E19,0x4E19,
  0x4E19,0x4E19,0x4E19,0x4E19,0x4E19,0x4E19,0x4E19,0x4E19,0x4E19,0x4E19,0x4E19,0x4E19,0x4E19,0x4E19,0x4E19,0x4E19,
  0x4E19,0x4E19,0x4E19,0x4E19,0x4E19,0x4E19,0x4E19,0x4E19,0x4E19,0x4E19,0x4E19,0x4E19,0x4E19,0x4E19,0x4E19,0x4E19,
  0x4E19,0x4E19,0x4E19,0x4E19,0x4E19,0x4E19,0x4E19,0x4E19,0x4E19,0x4E19,0x4E19,0x4E19,0x4E19,0x4E19,0x4E19,0x4E19,
  0x4E19,0x4E19,0x4E19,0x4E19,0x4E19,0x4E19,0x4E19,0x4E19,0x4E19,0x4E19,0x4E19,0x4E19,0x4E19,0x4E19,0x4E19,0x4E19,
  0x4E19,0x4E19,0x4E19,0x4E19,0x4E19,0x4E19,0x4E19,0x4E19,0x4E19,0x4E19,0x4E19,0x4E19,0x4E19,0x4E19,0x4E19,0x4E19,
  0x4E19,0x4E19,0x4E19,0x4E19,0x4E19,0x4E19,0x4E19,0x4E19,0x4E19,0x4E19,0x4E19,0x4E19,0x4E19,0x4E19,0x4E19,0x4E19,
  0x4E19,0x4E19,0x4E19,0x4E19,0x4E19,0x4E19,0x4E19,0x4E19,0x4E19,0x4E19,0x4E19,0x4E19,0x4E19,0x4E19,0x4E19,0x4E19,
  0x4E19,0x4E19,0x4E19,0x4E19,0x4E19,0x4E19,0x4E19,0x4E19,0x4E19,0x4E19,0x4E19,0x4E19,0x4E19,0x4E19,0x4E19,0x4E19,
  0x4E19,0x4E19,0x4E19,0x4E19,0x4E19,0x4E19,0x4E19,0x4E19,0x4E19,0x4E19,0x4E19,0x4E19,0x4E19,0x4E19,0x4E19,0x4E19,
  0x4E19,0x4E19,0x4E19,0x4E19,0x4E19,0x4E19,0x4E19,0x4E19,0x4E19,0x4E19,0x4E19,0x4E19,0x4E19,0x4E19,0x4E19,0x4E19,
  0x4E19,0x4E19,0x4E19,0x4E19,0x4E19,0x4E19,0x4E19,0x4E19,0x4E19,0x4E19,0x4E19,0x4E19,0x4E19,0x4E19,0x4E19,0x4E19,
  0x4E19,0x4E19,0x4E19,0x4E19,0x4E19,0x4E19,0x4E19,0x4E19,0x4E19,0x4E19,0x4E19,0x4E19,0x4E19,0x4E19,0x4E19,0x4E19,
  0x4E19,0x4E19,0x4E19,0x4E19,0x4E19,0x4E19,0x4E19,0x4E19,0x4E19,0x4E19,0x4E19,0x4E19,0x4E19,0x4E19,0x4E19,0x4E19,
  0x4E19,0x4E19,0x4E19,0x4E19,0x4E19,0x4E19,0x4E19,0x4E19,0x4E19,0x4E19,0x4E19,0x4E19,0x4E19,0x4E19,0x4E19,0x4E19,
  0x4E19,0x4E19,0x4E19,0x4E19,0x4E19,0x4E19,0x4E19,0x4E19,0x4E19,0x4E19,0x4E19,0x4E19,0x4E19,0x4E19,0x4E19,0x4E19,
  0x4E19,0x4E19,0x4E19,0x4E19,0x4E19,0x4E19,0x4E19,0x4E19,0x4E19,0x4E19,0x4E19,0x4E19,0x4E19,0x4E19,0x4E19,0x4E19,
  0x4E19,0x4E19,0x4E19,0x4E19,0x4E19,0x4E19,0x4E19,0x4E19,0x4E19,0x4E19,0x4E19,0x4E19,0x4E19,0x4E19,0x4E19,0x4E19,
  0x4E19,0x4E19,0x4E19,0x4E19,0x4E19,0x4E19,0x4E19,0x4E19,0x4E19,0x4E19,0x4E19,0x4E19,0x4E19,0x4E19,0x4E19,0x4E19,
  0x4E19,0x4E19,0x4E19,0x4E19,0x4E19,0x4E19,0x4E19,0x4E19,0x4E19,0x4E19,0x4E19,0x4E19,0x4E19,0x4E19,0x4E19,0x4E19,
  0x4E19,0x4E19,0x4E19,0x4E19,0x4E19,0x4E19,0x4E19,0x4E19,0x4E19,0x4E19,0x4E19,0x4E19,0x4E19,0x4E19,0x4E19,0x4E19,
  0x4E19,0x4E19,0x4E19,0x4E19,0x4E19,0x4E19,0x4E19,0x4E19,0x4E19,0x4E19,0x4E19,0x4E19,0x4E19,0x4E19,0x4E19,0x4E19,
  0x4E19,0x4E19,0x4E19,0x4E19,0x4E19,0x4E19,0x4E19,0x4E19,0x4E19,0x4E19,0x4E19,0x4E19,0x4E19,0x4E19,0x4E19,0x4E19,
  0x4E19,0x4E19,0x4E19,0x4E19,0x4E19,0x4E19,0x4E19,0x4E19,0x4E19,0x4E19,0x4E19,0x4E19,0x4E19,0x4E19,0x4E19,0x4E19,
  0x4E19,0x4E19,0x4E19,0x4E19,0x4E19,0x4E19,0x4E19,0x4E19,0x4E19,0x4E19,0x4E19,0x4E19,0x4E19,0x4E19,0x4E19,0x4E19,
  0x4E19,0x4E19,0x4E19,0x4E19,0x4E19,0x4E19,0x4E19,0x4E19,0x4E19,0x4E19,0x4E19,0x4E19,0x4E19,0x4E19,0x4E19,0x4E19,
  0x4E19,0x4E19,0x4E19,0x4E19,0x4E19,0x4E19,0x4E19,0x4E19,0x4E19,0x4E19,0x4E19,0x4E19,0x4E19,0x4E19,0x4E19,0x4E19,
  0x4E19,0x4E19,0x4E19,0x4E19,0x4E19,0x4E19,0x4E19,0x4E19,0x4E19,0x4E19,0x4E19,0x4E19,0x4E19,0x4E19,0x4E19,0x4E19,
  0x4E19,0x4E19,0x4E19,0x4E19,0x4E19,0x4E19,0x4E19,0x4E19,0x4E19,0x4E19,0x4E19,0x4E19,0x4E19,0x4E19,0x4E19,0x4E19,
  0x4E19,0x4E19,0x4E19,0x4E19,0x4E19,0x4E19,0x4E19,0x4E19,0x4E19,0x4E19,0x4E19,0x4E19,0x4E19,0x4E19,0x4E19,0x4E19,
  0x4E19,0x4E19,0x4E19,0x4E19,0x4E19,0x4E19,0x4E19,0x4E19,0x4E19,0x4E19,0x4E19,0x4E19,0x4E19,0x4E19,0x4E19,0x4E19,
  0x4E19,0x4E19,0x4E19,0x4E19,0x4E19,0x4E19,0x4E19,0x4E19,0x4E19,0x4E19,0x4E19,0x4E19,0x4E19,0x4E19,0x4E19,0x4E19,
  0x4E19,0x4E19,0x4E19,0x4E19,0x4E19,0x4E19,0x4E19,0x4E19,0x4E19,0x4E19,0x4E19,0x4E19,0x4E19,0x4E19,0x4E19,0x4E19,
  0x4E19,0x4E19,0x4E19,0x4E19,0x4E19,0x4E19,0x4E19,0x4E19,0x4E19,0x4E19,0x4E19,0x4E19,0x4E19,0x4E19,0x4E19,0x4E19,
  0x4E19,0x4E19,0x4E19,0x4E19,0x4E19,0x4E19,0x4E19,0x4E19,0x4E19,0x4E19,0x4E19,0x4E19,0x4E19,0x4E19,0x4E19,0x4E19,
  0x4E19,0x4E19,0x4E19,0x4E19,0x4E19,0x4E19,0x4E19,0x4E19,0x4E19,0x4E19,0x4E19,0x4E19,0x4E19,0x4E19,0x4E19,0x4E19,
  0x4E19,0x4E19,0x4E19,0x4E19,0x4E19,0x4E19,0x4E19,0x4E19,0x4E19,0x4E19,0x4E19,0x4E19,0x4E19,0x4E19,0x4E19,0x4E19,
  0x4E19,0x4E19,0x4E19,0x4E19,0x4E19,0x4E19,0x4E19,0x4E19,0x4E19,0x4E19,0x4E19,0x4E19,0x4E19,0x4E19,0x4E19,0x4E19,
  0x4E19,0x4E19,0x4E19,0x4E19,0x4E19,0x4E19,0x4E19,0x4E19,0x4E19,0x4E19,0x4E19,0x4E19,0x4E19,0x4E19,0x4E19,0x4E19,
  0x4E19,0x4E19,0x4E19,0x4E19,0x4E19,0x4E19,0x4E19,0x4E19,0x4E19,0x4E19,0x4E19,0x4E19,0x4E19,0x4E19,0x4E19,0x4E19,
  0x4E19,0x4E19,0x4E19,0x4E19,0x4E19,0x4E19,0x4E19,0x4E19,0x4E19,0x4E19,0x4E19,0x4E19,0x4E19,0x4E19,0x4E19,0x4E19,
  0x4E19,0x4E19,0x4E19,0x4E19,0x4E19,0x4E19,0x4E19,0x4E19,0x4E19,0x4E19,0x4E19,0x4E19,0x4E19,0x4E19,0x4E19,0x4E19,
  0x4E19,0x4E19,0x4E19,0x4E19,0x4E19,0x4E19,0x4E19,0x4E19,0x4E19,0x4E19,0x4E19,0x4E19,0x4E19,0x4E19,0x4E19,0x4E19,
  0x4E19,0x4E19,0x4E19,0x4E19,0x4E19,0x4E19,0x4E19,0x4E19,0x4E19,0x4E19,0x4E19,0x4E19,0x4E19,0x4E19,0x4E19,0x4E19,
  0x4E19,0x4E19,0x4E19,0x4E19,0x4E19,0x4E19,0x4E19,0x4E19,0x4E19,0x4E19,0x4E19,0x4E19,0x4E19,0x4E19,0x4E19,0x4E19,
  0x4E19,0x4E19,0x4E19,0x4E19,0x4E19,0x4E19,0x4E19,0x4E19,0x4E19,0x4E19,0x4E19,0x4E19,0x4E19,0x4E19,0x4E19,0x4E19,
  0x4E19,0x4E19,0x4E19,0x4E19,0x4E19,0x4E19,0x4E19,0x4E19,0x4E19,0x4E19,0x4E19,0x4E19,0x4E19,0x4E19,0x4E19,0x4E19,
  0x4E19,0x4E19,0x4E19,0x4E19,0x4E19,0x4E19,0x4E19,0x4E19,0x4E19,0x4E19,0x4E19,0x4E19,0x4E19,0x4E19,0x4E19,0x4E19,
  0x4E19,0x4E19,0x4E19,0x4E19,0x4E19,0x4E19,0x4E19,0x4E19,0x4E19,0x4E19,0x4E19,0x4E19,0x4E19,0x4E19,0x4E19,0x4E19,
  0x4E19,0x4E19,0x4E19,0x4E19,0x4E19,0x4E19,0x4E19,0x4E19,0x4E19,0x4E19,0x4E19,0x4E19,0x4E19,0x4E19,0x4E19,0x4E19,
  0x4E19,0x4E19,0x4E19,0x4E19,0x4E19,0x4E19,0x4E19,0x4E19,0x4E19,0x4E19,0x4E19,0x4E19,0x4E19,0x4E19,0x4E19,0x4E19,
  0x4E19,0x4E19,0x4E19,0x4E19,0x4E19,0x4E19,0x4E19,0x4E19,0x4E19,0x4E19,0x4E19,0x4E19,0x4E19,0x4E19,0x4E19,0x4E19,
  0x4E19,0x4E19,0x4E19,0x4E19,0x4E19,0x4E19,0x4E19,0x4E19,0x4E19,0x4E19,0x4E19,0x4E19,0x4E19,0x4E19,0x4E19,0x4E19,
  0x4E19,0x4E19,0x4E19,0x4E19,0x4E19,0x4E19,0x4E19,0x4E19,0x4E19,0x4E19,0x4E19,0x4E19,0x4E19,0x4E19,0x4E19,0x4E19,
  0x4E19,0x4E19,0x4E19,0x4E19,0x4E19,0x4E19,0x4E19,0x4E19,0x4E19,0x4E19,0x4E19,0x4E19,0x4E19,0x4E19,0x4E19,0x4E19,
  0x4E19,0x4E19,0x4E19,0x4E19,0x4E19,0x4E19,0x4E19,0x4E19,0x4E19,0x4E19,0x4E19,0x4E19,0x4E19,0x4E19,0x4E19,0x4E19,
  0x4E19,0x4E19,0x4E19,0x4E19,0x4E19,0x4E19,0x4E19,0x4E19,0x4E19,0x4E19,0x4E19,0x4E19,0x4E19,0x4E19,0x4E19,0x4E19,
  0x4E19,0x4E19,0x4E19,0x4E19,0x4E19,0x4E19,0x4E19,0x4E19,0x4E19,0x4E19,0x4E19,0x4E19,0x4E19,0x4E19,0x4E19,0x4E19,
  0x4E19,0x4E19,0x4E19,0x4E19,0x4E19,0x4E19,0x4E19,0x4E19,0x4E19,0x4E19,0x4E19,0x4E19,0x4E19,0x4E19,0x4E19,0x4E19,
  0x4E19,0x4E19,0x4E19,0x4E19,0x4E19,0x4E19,0x4E19,0x4E19,0x4E19,0x4E19,0x4E19,0x4E19,0x4E19,0x4E19,0x4E19,0x4E19,
  0x4E19,0x4E19,0x4E19,0x4E19,0x4E19,0x4E19,0x4E19,0x4E19,0x4E19,0x4E19,0x4E19,0x4E19,0x4E19,0x4E19,0x4E19,0x4E19,
  0x4E19,0x4E19,0x4E19,0x4E19,0x4E19,0x4E19,0x4E19,0x4E19,0x4E19,0x4E19,0x4E19,0x4E19,0x4E19,0x4E19,0x4E19,0x4E19,
  0x4E19,0x4E19,0x4E19,0x4E19,0x4E19,0x4E19,0x4E19,0x4E19,0x4E19,0x4E19,0x4E19,0x4E19,0x4E19,0x4E19,0x4E19,0x4E19,
  0x4E19,0x4E19,0x4E19,0x4E19,0x4E19,0x4E19,0x4E19,0x4E19,0x4E19,0x4E19,0x4E19,0x4E19,0x4E19,0x4E19,0x4E19,0x4E19,
  0x4E19,0x4E19,0x4E19,0x4E19,0x4E19,0x4E19,0x4E19,0x4E19,0x4E19,0x4E19,0x4E19,0x4E19,0x4E19,0x4E19,0x4E19,0x4E19,
  0x4E19,0x4E19,0x4E19,0x4E19,0x4E19,0x4E19,0x4E19,0x4E19,0x4E19,0x4E19,0x4E19,0x4E19,0x4E19,0x4E19,0x4E19,0x4E19,
  0x4E19,0x4E19,0x4E19,0x4E19,0x4E19,0x4E19,0x4E19,0x4E19,0x4E19,0x4E19,0x4E19,0x4E19,0x4E19,0x4E19,0x4E19,0x4E19,
  0x4E19,0x4E19,0x4E19,0x4E19,0x4E19,0x4E19,0x4E19,0x4E19,0x4E19,0x4E19,0x4E19,0x4E19,0x4E19,0x4E19,0x4E19,0x4E19,
  0x4E19,0x4E19,0x4E19,0x4E19,0x4E19,0x4E19,0x4E19,0x4E19,0x4E19,0x4E19,0x4E19,0x4E19,0x4E19,0x4E19,0x4E19,0x4E19,
  0x4E19,0x4E19,0x4E19,0x4E19,0x4E19,0x4E19,0x4E19,0x4E19,0x4E19,0x4E19,0x4E19,0x4E19,0x4E19,0x4E19,0x4E19,0x4E19,
  0x4E19,0x4E19,0x4E19,0x4E19,0x4E19,0x4E19,0x4E19,0x4E19,0x4E19,0x4E19,0x4E19,0x4E19,0x4E19,0x4E19,0x4E19,0x4E19,
  0x4E19,0x4E19,0x4E19,0x4E19,0x4E19,0x4E19,0x4E19,0x4E19,0x4E19,0x4E19,0x4E19,0x4E19,0x4E19,0x4E19,0x4E19,0x4E19,
  0x4E19,0x4E19,0x4E19,0x4E19,0x4E19,0x4E19,0x4E19,0x4E19,0x4E19,0x4E19,0x4E19,0x4E19,0x4E19,0x4E19,0x4E19,0x4E19,
  0x4E19,0x4E19,0x4E19,0x4E19,0x4E19,0x4E19,0x4E19,0x4E19,0x4E19,0x4E19,0x4E19,0x4E19,0x4E19,0x4E19,0x4E19,0x4E19,
  0x4E19,0x4E19,0x4E19,0x4E19,0x4E19,0x4E19,0x4E19,0x4E19,0x4E19,0x4E19,0x4E19,0x4E19,0x4E19,0x4E19,0x4E19,0x4E19,
  0x4E19,0x4E19,0x4E19,0x4E19,0x4E19,0x4E19,0x4E19,0x4E19,0x4E19,0x4E19,0x4E19,0x4E19,0x4E19,0x4E19,0x4E19,0x4E19,
  0x4E19,0x4E19,0x4E19,0x4E19,0x4E19,0x4E19,0x4E19,0x4E19,0x4E19,0x4E19,0x4E19,0x4E19,0x4E19,0x4E19,0x4E19,0x4E19,
  0x4E19,0x4E19,0x4E19,0x4E19,0x4E19,0x4E19,0x4E19,0x4E19,0x4E19,0x4E19,0x4E19,0x4E19,0x4E19,0x4E19,0x4E19,0x4E19,
  0x4E19,0x4E19,0x4E19,0x4E19,0x4E19,0x4E19,0x4E19,0x4E19,0x4E19,0x4E19,0x4E19,0x4E19,0x4E19,0x4E19,0x4E19,0x4E19,
  0x4E19,0x4E19,0x4E19,0x4E19,0x4E19,0x4E19,0x4E19,0x4E19,0x4E19,0x4E19,0x4E19,0x4E19,0x4E19,0x4E19,0x4E19,0x4E19,
  0x4E19,0x4E19,0x4E19,0x4E19,0x4E19,0x4E19,0x4E19,0x4E19,0x4E19,0x4E19,0x4E19,0x4E19,0x4E19,0x4E19,0x4E19,0x4E19,
  0x4E19,0x4E19,0x4E19,0x4E19,0x4E19,0x4E19,0x4E19,0x4E19,0x4E19,0x4E19,0x4E19,0x4E19,0x4E19,0x4E19,0x4E19,0x4E19,
  0x4E19,0x4E19,0x4E19,0x4E19,0x4E19,0x4E19,0x4E19,0x4E19,0x4E19,0x4E19,0x4E19,0x4E19,0x4E19,0x4E19,0x4E19,0x4E19,
  0x4E19,0x4E19,0x4E19,0x4E19,0x4E19,0x4E19,0x4E19,0x4E19,0x4E19,0x4E19,0x4E19,0x4E19,0x4E19,0x4E19,0x4E19,0x4E19,
  0x4E19,0x4E19,0x4E19,0x4E19,0x4E19,0x4E19,0x4E19,0x4E19,0x4E19,0x4E19,0x4E19,0x4E19,0x4E19,0x4E19,0x4E19,0x4E19,
  0x4E19,0x4E19,0x4E19,0x4E19,0x4E19,0x4E19,0x4E19,0x4E19,0x4E19,0x4E19,0x4E19,0x4E19,0x4E19,0x4E19,0x4E19,0x4E19,
  0x4E19,0x4E19,0x4E19,0x4E19,0x4E19,0x4E19,0x4E19,0x4E19,0x4E19,0x4E19,0x4E19,0x4E19,0x4E19,0x4E19,0x4E19,0x4E19,
  0x4E19,0x4E19,0x4E19,0x4E19,0x4E19,0x4E19,0x4E19,0x4E19,0x4E19,0x4E19,0x4E19,0x4E19,0x4E19,0x4E19,0x4E19,0x4E19,
  0x4E19,0x4E19,0x4E19,0x4E19,0x4E19,0x4E19,0x4E19,0x4E19,0x4E19,0x4E19,0x4E19,0x4E19,0x4E19,0x4E19,0x4E19,0x4E19,
  0x4E19,0x4E19,0x4E19,0x4E19,0x4E19,0x4E19,0x4E19,0x4E19,0x4E19,0x4E19,0x4E19,0x4E19,0x4E19,0x4E19,0x4E19,0x4E19,
  0x4E19,0x4E19,0x4E19,0x4E19,0x4E19,0x4E19,0x4E19,0x4E19,0x4E19,0x4E19,0x4E19,0x4E19,0x4E19,0x4E19,0x4E19,0x4E19,
  0x4E19,0x4E19,0x4E19,0x4E19,0x4E19,0x4E19,0x4E19,0x4E19,0x4E19,0x4E19,0x4E19,0x4E19,0x4E19,0x4E19,0x4E19,0x4E19,
  0x4E19,0x4E19,0x4E19,0x4E19,0x4E19,0x4E19,0x4E19,0x4E19,0x4E19,0x4E19,0x4E19,0x4E19,0x4E19,0x4E19,0x4E19,0x4E19,
  0x4E19,0x4E19,0x4E19,0x4E19,0x4E19,0x4E19,0x4E19,0x4E19,0x4E19,0x4E19,0x4E19,0x4E19,0x4E19,0x4E19,0x4E19,0x4E19,
  0x4E19,0x4E19,0x4E19,0x4E19,0x4E19,0x4E19,0x4E19,0x4E19,0x4E19,0x4E19,0x4E19,0x4E19,0x4E19,0x4E19,0x4E19,0x4E19,
  0x4E19,0x4E19,0x4E19,0x4E19,0x4E19,0x4E19,0x4E19,0x4E19,0x4E19,0x4E19,0x4E19,0x4E19,0x4E19,0x4E19,0x4E19,0x4E19,
  0x4E19,0x4E19,0x4E19,0x4E19,0x4E19,0x4E19,0x4E19,0x4E19,0x4E19,0x4E19,0x4E19,0x4E19,0x4E19,0x4E19,0x4E19,0x4E19,
  0x4E19,0x4E19,0x4E19,0x4E19,0x4E19,0x4E19,0x4E19,0x4E19,0x4E19,0x4E19,0x4E19,0x4E19,0x4E19,0x4E19,0x4E19,0x4E19,
  0x4E19,0x4E19,0x4E19,0x4E19,0x4E19,0x4E19,0x4E19,0x4E19,0x4E19,0x4E19,0x4E19,0x4E19,0x4E19,0x4E19,0x4E19,0x4E19,
  0x4E19,0x4E19,0x4E19,0x4E19,0x4E19,0x4E19,0x4E19,0x4E19,0x4E19,0x4E19,0x4E19,0x4E19,0x4E19,0x4E19,0x4E19,0x4E19,
  0x4E19,0x4E19,0x4E19,0x4E19,0x4E19,0x4E19,0x4E19,0x4E19,0x4E19,0x4E19,0x4E19,0x4E19,0x4E19,0x4E19,0x4E19,0x4E19,
  0x4E19,0x4E19,0x4E19,0x4E19,0x4E19,0x4E19,0x4E19,0x4E19,0x4E19,0x4E19,0x4E19,0x4E19,0x4E19,0x4E19,0x4E19,0x4E19,
  0x4E19,0x4E19,0x4E19,0x4E19,0x4E19,0x4E19,0x4E19,0x4E19,0x4E19,0x4E19,0x4E19,0x4E19,0x4E19,0x4E19,0x4E19,0x4E19,
  0x4E19,0x4E19,0x4E19,0x4E19,0x4E19,0x4E19,0x4E19,0x4E19,0x4E19,0x4E19,0x4E19,0x4E19,0x4E19,0x4E19,0x4E19,0x4E19,
  0x4E19,0x4E19,0x4E19,0x4E19,0x4E19,0x4E19,0x4E19,0x4E19,0x4E19,0x4E19,0x4E19,0x4E19,0x4E19,0x4E19,0x4E19,0x4E19,
  0x4E19,0x4E19,0x4E19,0x4E19,0x4E19,0x4E19,0x4E19,0x4E19,0x4E19,0x4E19,0x4E19,0x4E19,0x4E19,0x4E19,0x4E19,0x4E19,
  0x4E19,0x4E19,0x4E19,0x4E19,0x4E19,0x4E19,0x4E19,0x4E19,0x4E19,0x4E19,0x4E19,0x4E19,0x4E19,0x4E19,0x4E19,0x4E19,
  0x4E19,0x4E19,0x4E19,0x4E19,0x4E19,0x4E19,0x4E19,0x4E19,0x4E19,0x4E19,0x4E19,0x4E19,0x4E19,0x4E19,0x4E19,0x4E19,
  0x4E19,0x4E19,0x4E19,0x4E19,0x4E19,0x4E19,0x4E19,0x4E19,0x4E19,0x4E19,0x4E19,0x4E19,0x4E19,0x4E19,0x4E19,0x4E19,
  0x4E19,0x4E19,0x4E19,0x4E19,0x4E19,0x4E19,0x4E19,0x4E19,0x4E19,0x4E19,0x4E19,0x4E19,0x4E19,0x4E19,0x4E19,0x4E19,
  0x4E19,0x4E19,0x4E19,0x4E19,0x4E19,0x4E19,0x4E19,0x4E19,0x4E19,0x4E19,0x4E19,0x4E19,0x4E19,0x4E19,0x4E19,0x4E19,
  0x4E19,0x4E19,0x4E19,0x4E19,0x4E19,0x4E19,0x4E19,0x4E19,0x4E19,0x4E19,0x4E19,0x4E19,0x4E19,0x4E19,0x4E19,0x4E19,
  0x4E19,0x4E19,0x4E19,0x4E19,0x4E19,0x4E19,0x4E19,0x4E19,0x4E19,0x4E19,0x4E19,0x4E19,0x4E19,0x4E19,0x4E19,0x4E19,
  0x4E19,0x4E19,0x4E19,0x4E19,0x4E19,0x4E19,0x4E19,0x4E19,0x4E19,0x4E19,0x4E19,0x4E19,0x4E19,0x4E19,0x4E19,0x4E19,
  0x4E19,0x4E19,0x4E19,0x4E19,0x4E19,0x4E19,0x4E19,0x4E19,0x4E19,0x4E19,0x4E19,0x4E19,0x4E19,0x4E19,0x4E19,0x4E19,
  0x4E19,0x4E19,0x4E19,0x4E19,0x4E19,0x4E19,0x4E19,0x4E19,0x4E19,0x4E19,0x4E19,0x4E19,0x4E19,0x4E19,0x4E19,0x4E19,
  0x4E19,0x4E19,0x4E19,0x4E19,0x4E19,0x4E19,0x4E19,0x4E19,0x4E19,0x4E19,0x4E19,0x4E19,0x4E19,0x4E19,0x4E19,0x4E19,
  0x4E19,0x4E19,0x4E19,0x4E19,0x4E19,0x4E19,0x4E19,0x4E19,0x4E19,0x4E19,0x4E19,0x4E19,0x4E19,0x4E19,0x4E19,0x4E19,
  0x4E19,0x4E19,0x4E19,0x4E19,0x4E19,0x4E19,0x4E19,0x4E19,0x4E19,0x4E19,0x4E19,0x4E19,0x4E19,0x4E19,0x4E19,0x4E19,
  0x4E19,0x4E19,0x4E19,0x4E19,0x4E19,0x4E19,0x4E19,0x4E19,0x4E19,0x4E19,0x4E19,0x4E19,0x4E19,0x4E19,0x4E19,0x4E19,
  0x4E19,0x4E19,0x4E19,0x4E19,0x4E19,0x4E19,0x4E19,0x4E19,0x4E19,0x4E19,0x4E19,0x4E19,0x4E19,0x4E19,0x4E19,0x4E19,
  0x4E19,0x4E19,0x4E19,0x4E19,0x4E19,0x4E19,0x4E19,0x4E19,0x4E19,0x4E19,0x4E19,0x4E19,0x4E19,0x4E19,0x4E19,0x4E19,
  0x4E19,0x4E19,0x4E19,0x4E19,0x4E19,0x4E19,0x4E19,0x4E19,0x4E19,0x4E19,0x4E19,0x4E19,0x4E19,0x4E19,0x4E19,0x4E19,
  0x4E19,0x4E19,0x4E19,0x4E19,0x4E19,0x4E19,0x4E19,0x4E19,0x4E19,0x4E19,0x4E19,0x4E19,0x4E19,0x4E19,0x4E19,0x4E19,
  0x4E19,0x4E19,0x4E19,0x4E19,0x4E19,0x4E19,0x4E19,0x4E19,0x4E19,0x4E19,0x4E19,0x4E19,0x4E19,0x4E19,0x4E19,0x4E19,
  0x4E19,0x4E19,0x4E19,0x4E19,0x4E19,0x4E19,0x4E19,0x4E19,0x4E19,0x4E19,0x4E19,0x4E19,0x4E19,0x4E19,0x4E19,0x4E19,
  0x4E19,0x4E19,0x4E19,0x4E19,0x4E19,0x4E19,0x4E19,0x4E19,0x4E19,0x4E19,0x4E19,0x4E19,0x4E19,0x4E19,0x4E19,0x4E19,
  0x4E19,0x4E19,0x4E19,0x4E19,0x4E19,0x4E19,0x4E19,0x4E19,0x4E19,0x4E19,0x4E19,0x4E19,0x4E19,0x4E19,0x4E19,0x4E19,
  0x4E19,0x4E19,0x4E19,0x4E19,0x4E19,0x4E19,0x4E19,0x4E19,0x4E19,0x4E19,0x4E19,0x4E19,0x4E19,0x4E19,0x4E19,0x4E19,
  0x4E19,0x4E19,0x4E19,0x4E19,0x4E19,0x4E19,0x4E19,0x4E19,0x4E19,0x4E19,0x4E19,0x4E19,0x4E19,0x4E19,0x4E19,0x4E19,
  0x4E19,0x4E19,0x4E19,0x4E19,0x4E19,0x4E19,0x4E19,0x4E19,0x4E19,0x4E19,0x4E19,0x4E19,0x4E19,0x4E19,0x4E19,0x4E19,
  0x4E19,0x4E19,0x4E19,0x4E19,0x4E19,0x4E19,0x4E19,0x4E19,0x4E19,0x4E19,0x4E19,0x4E19,0x4E19,0x4E19,0x4E19,0x4E19,
  0x4E19,0x4E19,0x4E19,0x4E19,0x4E19,0x4E19,0x4E19,0x4E19,0x4E19,0x4E19,0x4E19,0x4E19,0x4E19,0x4E19,0x4E19,0x4E19,
  0x4E19,0x4E19,0x4E19,0x4E19,0x4E19,0x4E19,0x4E19,0x4E19,0x4E19,0x4E19,0x4E19,0x4E19,0x4E19,0x4E19,0x4E19,0x4E19,
  0x4E19,0x4E19,0x4E19,0x4E19,0x4E19,0x4E19,0x4E19,0x4E19,0x4E19,0x4E19,0x4E19,0x4E19,0x4E19,0x4E19,0x4E19,0x4E19,
  0x4E19,0x4E19,0x4E19,0x4E19,0x4E19,0x4E19,0x4E19,0x4E19,0x4E19,0x4E19,0x4E19,0x4E19,0x4E19,0x4E19,0x4E19,0x4E19,
  0x4E19,0x4E19,0x4E19,0x4E19,0x4E19,0x4E19,0x4E19,0x4E19,0x4E19,0x4E19,0x4E19,0x4E19,0x4E19,0x4E19,0x4E19,0x4E19,
  0x4E19,0x4E19,0x4E19,0x4E19,0x4E19,0x4E19,0x4E19,0x4E19,0x4E19,0x4E19,0x4E19,0x4E19,0x4E19,0x4E19,0x4E19,0x4E19,
  0x4E19,0x4E19,0x4E19,0x4E19,0x4E19,0x4E19,0x4E19,0x4E19,0x4E19,0x4E19,0x4E19,0x4E19,0x4E19,0x4E19,0x4E19,0x4E19,
  0x4E19,0x4E19,0x4E19,0x4E19,0x4E19,0x4E19,0x4E19,0x4E19,0x4E19,0x4E19,0x4E19,0x4E19,0x4E19,0x4E19,0x4E19,0x4E19,
  0x4E19,0x4E19,0x4E19,0x4E19,0x4E19,0x4E19,0x4E19,0x4E19,0x4E19,0x4E19,0x4E19,0x4E19,0x4E19,0x4E19,0x4E19,0x4E19,
  0x4E19,0x4E19,0x4E19,0x4E19,0x4E19,0x4E19,0x4E19,0x4E19,0x4E19,0x4E19,0x4E19,0x4E19,0x4E19,0x4E19,0x4E19,0x4E19,
  0x4E19,0x4E19,0x4E19,0x4E19,0x4E19,0x4E19,0x4E19,0x4E19,0x4E19,0x4E19,0x4E19,0x4E19,0x4E19,0x4E19,0x4E19,0x4E19,
  0x4E19,0x4E19,0x4E19,0x4E19,0x4E19,0x4E19,0x4E19,0x4E19,0x4E19,0x4E19,0x4E19,0x4E19,0x4E19,0x4E19,0x4E19,0x4E19,
  0x4E19,0x4E19,0x4E19,0x4E19,0x4E19,0x4E19,0x4E19,0x4E19,0x4E19,0x4E19,0x4E19,0x4E19,0x4E19,0x4E19,0x4E19,0x4E19,
  0x4E19,0x4E19,0x4E19,0x4E19,0x4E19,0x4E19,0x4E19,0x4E19,0x4E19,0x4E19,0x4E19,0x4E19,0x4E19,0x4E19,0x4E19,0x4E19,
  0x4E19,0x4E19,0x4E19,0x4E19,0x4E19,0x4E19,0x4E19,0x4E19,0x4E19,0x4E19,0x4E19,0x4E19,0x4E19,0x4E19,0x4E19,0x4E19,
  0x4E19,0x4E19,0x4E19,0x4E19,0x4E19,0x4E19,0x4E19,0x4E19,0x4E19,0x4E19,0x4E19,0x4E19,0x4E19,0x4E19,0x4E19,0x4E19,
  0x4E19,0x4E19,0x4E19,0x4E19,0x4E19,0x4E19,0x4E19,0x4E19,0x4E19,0x4E19,0x4E19,0x4E19,0x4E19,0x4E19,0x4E19,0x4E19,
  0x4E19,0x4E19,0x4E19,0x4E19,0x4E19,0x4E19,0x4E19,0x4E19,0x4E19,0x4E19,0x4E19,0x4E19,0x4E19,0x4E19,0x4E19,0x4E19,
  0x4E19,0x4E19,0x4E19,0x4E19,0x4E19,0x4E19,0x4E19,0x4E19,0x4E19,0x4E19,0x4E19,0x4E19,0x4E19,0x4E19,0x4E19,0x4E19,
  0x4E19,0x4E19,0x4E19,0x4E19,0x4E19,0x4E19,0x4E19,0x4E19,0x4E19,0x4E19,0x4E19,0x4E19,0x4E19,0x4E19,0x4E19,0x4E19,
  0x4E19,0x4E19,0x4E19,0x4E19,0x4E19,0x4E19,0x4E19,0x4E19,0x4E19,0x4E19,0x4E19,0x4E19,0x4E19,0x4E19,0x4E19,0x4E19,
  0x4E19,0x4E19,0x4E19,0x4E19,0x4E19,0x4E19,0x4E19,0x4E19,0x4E19,0x4E19,0x4E19,0x4E19,0x4E19,0x4E19,0x4E19,0x4E19,
  0x4E19,0x4E19,0x4E19,0x4E19,0x4E19,0x4E19,0x4E19,0x4E19,0x4E19,0x4E19,0x4E19,0x4E19,0x4E19,0x4E19,0x4E19,0x4E19,
  0x4E19,0x4E19,0x4E19,0x4E19,0x4E19,0x4E19,0x4E19,0x4E19,0x4E19,0x4E19,0x4E19,0x4E19,0x4E19,0x4E19,0x4E19,0x4E19,
  0x4E19,0x4E19,0x4E19,0x4E19,0x4E19,0x4E19,0x4E19,0x4E19,0x4E19,0x4E19,0x4E19,0x4E19,0x4E19,0x4E19,0x4E19,0x4E19,
  0x4E19,0x4E19,0x4E19,0x4E19,0x4E19,0x4E19,0x4E19,0x4E19,0x4E19,0x4E19,0x4E19,0x4E19,0x4E19,0x4E19,0x4E19,0x4E19,
  0x4E19,0x4E19,0x4E19,0x4E19,0x4E19,0x4E19,0x4E19,0x4E19,0x4E19,0x4E19,0x4E19,0x4E19,0x4E19,0x4E19,0x4E19,0x4E19,
  0x4E19,0x4E19,0x4E19,0x4E19,0x4E19,0x4E19,0x4E19,0x4E19,0x4E19,0x4E19,0x4E19,0x4E19,0x4E19,0x4E19,0x4E19,0x4E19,
  0x4E19,0x4E19,0x4E19,0x4E19,0x4E19,0x4E19,0x4E19,0x4E19,0x4E19,0x4E19,0x4E19,0x4E19,0x4E19,0x4E19,0x4E19,0x4E19,
  0x4E19,0x4E19,0x4E19,0x4E19,0x4E19,0x4E19,0x4E19,0x4E19,0x4E19,0x4E19,0x4E19,0x4E19,0x4E19,0x4E19,0x4E19,0x4E19,
  0x4E19,0x4E19,0x4E19,0x4E19,0x4E19,0x4E19,0x4E19,0x4E19,0x4E19,0x4E19,0x4E19,0x4E19,0x4E19,0x4E19,0x4E19,0x4E19,
  0x4E19,0x4E19,0x4E19,0x4E19,0x4E19,0x4E19,0x4E19,0x4E19,0x4E19,0x4E19,0x4E19,0x4E19,0x4E19,0x4E19,0x4E19,0x4E19,
  0x4E19,0x4E19,0x4E19,0x4E19,0x4E19,0x4E19,0x4E19,0x4E19,0x4E19,0x4E19,0x4E19,0x4E19,0x4E19,0x4E19,0x4E19,0x4E19,
  0x4E19,0x4E19,0x4E19,0x4E19,0x4E19,0x4E19,0x4E19,0x4E19,0x4E19,0x4E19,0x4E19,0x4E19,0x4E19,0x4E19,0x4E19,0x4E19,
  0x4E19,0x4E19,0x4E19,0x4E19,0x4E19,0x4E19,0x4E19,0x4E19,0x4E19,0x4E19,0x4E19,0x4E19,0x4E19,0x4E19,0x4E19,0x4E19,
  0x4E19,0x4E19,0x4E19,0x4E19,0x4E19,0x4E19,0x4E19,0x4E19,0x4E19,0x4E19,0x4E19,0x4E19,0x4E19,0x4E19,0x4E19,0x4E19,
  0x4E19,0x4E19,0x4E19,0x4E19,0x4E19,0x4E19,0x4E19,0x4E19,0x4E19,0x4E19,0x4E19,0x4E19,0x4E19,0x4E19,0x4E19,0x4E19,
  0x4E19,0x4E19,0x4E19,0x4E19,0x4E19,0x4E19,0x4E19,0x4E19,0x4E19,0x4E19,0x4E19,0x4E19,0x4E19,0x4E19,0x4E19,0x4E19,
  0x4E19,0x4E19,0x4E19,0x4E19,0x4E19,0x4E19,0x4E19,0x4E19,0x4E19,0x4E19,0x4E19,0x4E19,0x4E19,0x4E19,0x4E19,0x4E19,
  0x4E19,0x4E19,0x4E19,0x4E19,0x4E19,0x4E19,0x4E19,0x4E19,0x4E19,0x4E19,0x4E19,0x4E19,0x4E19,0x4E19,0x4E19,0x4E19,
  0x4E19,0x4E19,0x4E19,0x4E19,0x4E19,0x4E19,0x4E19,0x4E19,0x4E19,0x4E19,0x4E19,0x4E19,0x4E19,0x4E19,0x4E19,0x4E19,
  0x4E19,0x4E19,0x4E19,0x4E19,0x4E19,0x4E19,0x4E19,0x4E19,0x4E19,0x4E19,0x4E19,0x4E19,0x4E19,0x4E19,0x4E19,0x4E19,
  0x4E19,0x4E19,0x4E19,0x4E19,0x4E19,0x4E19,0x4E19,0x4E19,0x4E19,0x4E19,0x4E19,0x4E19,0x4E19,0x4E19,0x4E19,0x4E19,
  0x4E19,0x4E19,0x4E19,0x4E19,0x4E19,0x4E19,0x4E19,0x4E19,0x4E19,0x4E19,0x4E19,0x4E19,0x4E19,0x4E19,0x4E19,0x4E19,
  0x4E19,0x4E19,0x4E19,0x4E19,0x4E19,0x4E19,0x4E19,0x4E19,0x4E19,0x4E19,0x4E19,0x4E19,0x4E19,0x4E19,0x4E19,0x4E19,
  0x4E19,0x4E19,0x4E19,0x4E19,0x4E19,0x4E19,0x4E19,0x4E19,0x4E19,0x4E19,0x4E19,0x4E19,0x4E19,0x4E19,0x4E19,0x4E19,
  0x4E19,0x4E19,0x4E19,0x4E19,0x4E19,0x4E19,0x4E19,0x4E19,0x4E19,0x4E19,0x4E19,0x4E19,0x4E19,0x4E19,0x4E19,0x4E19,
  0x4E19,0x4E19,0x4E19,0x4E19,0x4E19,0x4E19,0x4E19,0x4E19,0x4E19,0x4E19,0x4E19,0x4E19,0x4E19,0x4E19,0x4E19,0x4E19,
  0x4E19,0x4E19,0x4E19,0x4E19,0x4E19,0x4E19,0x4E19,0x4E19,0x4E19,0x4E19,0x4E19,0x4E19,0x4E19,0x4E19,0x4E19,0x4E19,
  0x4E19,0x4E19,0x4E19,0x4E19,0x4E19,0x4E19,0x4E19,0x4E19,0x4E19,0x4E19,0x4E19,0x4E19,0x4E19,0x4E19,0x4E19,0x4E19,
  0x4E19,0x4E19,0x4E19,0x4E19,0x4E19,0x4E19,0x4E19,0x4E19,0x4E19,0x4E19,0x4E19,0x4E19,0x4E19,0x4E19,0x4E19,0x4E19,
  0x4E19,0x4E19,0x4E19,0x4E19,0x4E19,0x4E19,0x4E19,0x4E19,0x4E19,0x4E19,0x4E19,0x4E19,0x4E19,0x4E19,0x4E19,0x4E19,
  0x4E19,0x4E19,0x4E19,0x4E19,0x4E19,0x4E19,0x4E19,0x4E19,0x4E19,0x4E19,0x4E19,0x4E19,0x4E19,0x4E19,0x4E19,0x4E19,
  0x4E19,0x4E19,0x4E19,0x4E19,0x4E19,0x4E19,0x4E19,0x4E19,0x4E19,0x4E19,0x4E19,0x4E19,0x4E19,0x4E19,0x4E19,0x4E19,
  0x4E19,0x4E19,0x4E19,0x4E19,0x4E19,0x4E19,0x4E19,0x4E19,0x4E19,0x4E19,0x4E19,0x4E19,0x4E19,0x4E19,0x4E19,0x4E19,
  0x4E19,0x4E19,0x4E19,0x4E19,0x4E19,0x4E19,0x4E19,0x4E19,0x4E19,0x4E19,0x4E19,0x4E19,0x4E19,0x4E19,0x4E19,0x4E19,
  0x4E19,0x4E19,0x4E19,0x4E19,0x4E19,0x4E19,0x4E19,0x4E19,0x4E19,0x4E19,0x4E19,0x4E19,0x4E19,0x4E19,0x4E19,0x4E19,
  0x4E19,0x4E19,0x4E19,0x4E19,0x4E19,0x4E19,0x4E19,0x4E19,0x4E19,0x4E19,0x4E19,0x4E19,0x4E19,0x4E19,0x4E19,0x4E19,
  0x4E19,0x4E19,0x4E19,0x4E19,0x4E19,0x4E19,0x4E19,0x4E19,0x4E19,0x4E19,0x4E19,0x4E19,0x4E19,0x4E19,0x4E19,0x4E19,
  0x4E19,0x4E19,0x4E19,0x4E19,0x4E19,0x4E19,0x4E19,0x4E19,0x4E19,0x4E19,0x4E19,0x4E19,0x4E19,0x4E19,0x4E19,0x4E19,
  0x4E19,0x4E19,0x4E19,0x4E19,0x4E19,0x4E19,0x4E19,0x4E19,0x4E19,0x4E19,0x4E19,0x4E19,0x4E19,0x4E19,0x4E19,0x4E19,
  0x4E19,0x4E19,0x4E19,0x4E19,0x4E19,0x4E19,0x4E19,0x4E19,0x4E19,0x4E19,0x4E19,0x4E19,0x4E19,0x4E19,0x4E19,0x4E19,
  0x4E19,0x4E19,0x4E19,0x4E19,0x4E19,0x4E19,0x4E19,0x4E19,0x4E19,0x4E19,0x4E19,0x4E19,0x4E19,0x4E19,0x4E19,0x4E19,
  0x4E19,0x4E19,0x4E19,0x4E19,0x4E19,0x4E19,0x4E19,0x4E19,0x4E19,0x4E19,0x4E19,0x4E19,0x4E19,0x4E19,0x4E19,0x4E19,
  0x4E19,0x4E19,0x4E19,0x4E19,0x4E19,0x4E19,0x4E19,0x4E19,0x4E19,0x4E19,0x4E19,0x4E19,0x4E19,0x4E19,0x4E19,0x4E19,
  0x4E19,0x4E19,0x4E19,0x4E19,0x4E19,0x4E19,0x4E19,0x4E19,0x4E19,0x4E19,0x4E19,0x4E19,0x4E19,0x4E19,0x4E19,0x4E19,
  0x4E19,0x4E19,0x4E19,0x4E19,0x4E19,0x4E19,0x4E19,0x4E19,0x4E19,0x4E19,0x4E19,0x4E19,0x4E19,0x4E19,0x4E19,0x4E19,
  0x4E19,0x4E19,0x4E19,0x4E19,0x4E19,0x4E19,0x4E19,0x4E19,0x4E19,0x4E19,0x4E19,0x4E19,0x4E19,0x4E19,0x4E19,0x4E19,
  0x4E19,0x4E19,0x4E19,0x4E19,0x4E19,0x4E19,0x4E19,0x4E19,0x4E19,0x4E19,0x4E19,0x4E19,0x4E19,0x4E19,0x4E19,0x4E19,
  0x4E19,0x4E19,0x4E19,0x4E19,0x4E19,0x4E19,0x4E19,0x4E19,0x4E19,0x4E19,0x4E19,0x4E19,0x4E19,0x4E19,0x4E19,0x4E19,
  0x4E19,0x4E19,0x4E19,0x4E19,0x4E19,0x4E19,0x4E19,0x4E19,0x4E19,0x4E19,0x4E19,0x4E19,0x4E19,0x4E19,0x4E19,0x4E19,
  0x4E19,0x4E19,0x4E19,0x4E19,0x4E19,0x4E19,0x4E19,0x4E19,0x4E19,0x4E19,0x4E19,0x4E19,0x4E19,0x4E19,0x4E19,0x4E19,
  0x4E19,0x4E19,0x4E19,0x4E19,0x4E19,0x4E19,0x4E19,0x4E19,0x4E19,0x4E19,0x4E19,0x4E19,0x4E19,0x4E19,0x4E19,0x4E19,
  0x4E19,0x4E19,0x4E19,0x4E19,0x4E19,0x4E19,0x4E19,0x4E19,0x4E19,0x4E19,0x4E19,0x4E19,0x4E19,0x4E19,0x4E19,0x4E19,
  0x4E19,0x4E19,0x4E19,0x4E19,0x4E19,0x4E19,0x4E19,0x4E19,0x4E19,0x4E19,0x4E19,0x4E19,0x4E19,0x4E19,0x4E19,0x4E19,
  0x4E19,0x4E19,0x4E19,0x4E19,0x4E19,0x4E19,0x4E19,0x4E19,0x4E19,0x4E19,0x4E19,0x4E19,0x4E19,0x4E19,0x4E19,0x4E19,
  0x4E19,0x4E19,0x4E19,0x4E19,0x4E19,0x4E19,0x4E19,0x4E19,0x4E19,0x4E19,0x4E19,0x4E19,0x4E19,0x4E19,0x4E19,0x4E19,
  0x4E19,0x4E19,0x4E19,0x4E19,0x4E19,0x4E19,0x4E19,0x4E19,0x4E19,0x4E19,0x4E19,0x4E19,0x4E19,0x4E19,0x4E19,0x4E19,
  0x4E19,0x4E19,0x4E19,0x4E19,0x4E19,0x4E19,0x4E19,0x4E19,0x4E19,0x4E19,0x4E19,0x4E19,0x4E19,0x4E19,0x4E19,0x4E19,
  0x4E19,0x4E19,0x4E19,0x4E19,0x4E19,0x4E19,0x4E19,0x4E19,0x4E19,0x4E19,0x4E19,0x4E19,0x4E19,0x4E19,0x4E19,0x4E19,
  0x4E19,0x4E19,0x4E19,0x4E19,0x4E19,0x4E19,0x4E19,0x4E19,0x4E19,0x4E19,0x4E19,0x4E19,0x4E19,0x4E19,0x4E19,0x4E19,
  0x4E19,0x4E19,0x4E19,0x4E19,0x4E19,0x4E19,0x4E19,0x4E19,0x4E19,0x4E19,0x4E19,0x4E19,0x4E19,0x4E19,0x4E19,0x4E19,
  0x4E19,0x4E19,0x4E19,0x4E19,0x4E19,0x4E19,0x4E19,0x4E19,0x4E19,0x4E19,0x4E19,0x4E19,0x4E19,0x4E19,0x4E19,0x4E19,
  0x4E19,0x4E19,0x4E19,0x4E19,0x4E19,0x4E19,0x4E19,0x4E19,0x4E19,0x4E19,0x4E19,0x4E19,0x4E19,0x4E19,0x4E19,0x4E19,
  0x4E19,0x4E19,0x4E19,0x4E19,0x4E19,0x4E19,0x4E19,0x4E19,0x4E19,0x4E19,0x4E19,0x4E19,0x4E19,0x4E19,0x4E19,0x4E19,
  0x4E19,0x4E19,0x4E19,0x4E19,0x4E19,0x4E19,0x4E19,0x4E19,0x4E19,0x4E19,0x4E19,0x4E19,0x4E19,0x4E19,0x4E19,0x4E19,
  0x4E19,0x4E19,0x4E19,0x4E19,0x4E19,0x4E19,0x4E19,0x4E19,0x4E19,0x4E19,0x4E19,0x4E19,0x4E19,0x4E19,0x4E19,0x4E19,
  0x4E19,0x4E19,0x4E19,0x4E19,0x4E19,0x4E19,0x4E19,0x4E19,0x4E19,0x4E19,0x4E19,0x4E19,0x4E19,0x4E19,0x4E19,0x4E19,
  0x4E19,0x4E19,0x4E19,0x4E19,0x4E19,0x4E19,0x4E19,0x4E19,0x4E19,0x4E19,0x4E19,0x4E19,0x4E19,0x4E19,0x4E19,0x4E19,
  0x4E19,0x4E19,0x4E19,0x4E19,0x4E19,0x4E19,0x4E19,0x4E19,0x4E19,0x4E19,0x4E19,0x4E19,0x4E19,0x4E19,0x4E19,0x4E19,
  0x4E19,0x4E19,0x4E19,0x4E19,0x4E19,0x4E19,0x4E19,0x4E19,0x4E19,0x4E19,0x4E19,0x4E19,0x4E19,0x4E19,0x4E19,0x4E19,
  0x4E19,0x4E19,0x4E19,0x4E19,0x4E19,0x4E19,0x4E19,0x4E19,0x4E19,0x4E19,0x4E19,0x4E19,0x4E19,0x4E19,0x4E19,0x4E19,
  0x4E19,0x4E19,0x4E19,0x4E19,0x4E19,0x4E19,0x4E19,0x4E19,0x4E19,0x4E19,0x4E19,0x4E19,0x4E19,0x4E19,0x4E19,0x4E19,
  0x4E19,0x4E19,0x4E19,0x4E19,0x4E19,0x4E19,0x4E19,0x4E19,0x4E19,0x4E19,0x4E19,0x4E19,0x4E19,0x4E19,0x4E19,0x4E19,
  0x4E19,0x4E19,0x4E19,0x4E19,0x4E19,0x4E19,0x4E19,0x4E19,0x4E19,0x4E19,0x4E19,0x4E19,0x4E19,0x4E19,0x4E19,0x4E19,
  0x4E19,0x4E19,0x4E19,0x4E19,0x4E19,0x4E19,0x4E19,0x4E19,0x4E19,0x4E19,0x4E19,0x4E19,0x4E19,0x4E19,0x4E19,0x4E19,
  0x4E19,0x4E19,0x4E19,0x4E19,0x4E19,0x4E19,0x4E19,0x4E19,0x4E19,0x4E19,0x4E19,0x4E19,0x4E19,0x4E19,0x4E19,0x4E19,
  0x4E19,0x4E19,0x4E19,0x4E19,0x4E19,0x4E19,0x4E19,0x4E19,0x4E19,0x4E19,0x4E19,0x4E19,0x4E19,0x4E19,0x4E19,0x4E19,
  0x4E19,0x4E19,0x4E19,0x4E19,0x4E19,0x4E19,0x4E19,0x4E19,0x4E19,0x4E19,0x4E19,0x4E19,0x4E19,0x4E19,0x4E19,0x4E19,
  0x4E19,0x4E19,0x4E19,0x4E19,0x4E19,0x4E19,0x4E19,0x4E19,0x4E19,0x4E19,0x4E19,0x4E19,0x4E19,0x4E19,0x4E19,0x4E19,
  0x4E19,0x4E19,0x4E19,0x4E19,0x4E19,0x4E19,0x4E19,0x4E19,0x4E19,0x4E19,0x4E19,0x4E19,0x4E19,0x4E19,0x4E19,0x4E19,
  0x4E19,0x4E19,0x4E19,0x4E19,0x4E19,0x4E19,0x4E19,0x4E19,0x4E19,0x4E19,0x4E19,0x4E19,0x4E19,0x4E19,0x4E19,0x4E19,
  0x4E19,0x4E19,0x4E19,0x4E19,0x4E19,0x4E19,0x4E19,0x4E19,0x4E19,0x4E19,0x4E19,0x4E19,0x4E19,0x4E19,0x4E19,0x4E19,
  0x4E19,0x4E19,0x4E19,0x4E19,0x4E19,0x4E19,0x4E19,0x4E19,0x4E19,0x4E19,0x4E19,0x4E19,0x4E19,0x4E19,0x4E19,0x4E19,
  0x4E19,0x4E19,0x4E19,0x4E19,0x4E19,0x4E19,0x4E19,0x4E19,0x4E19,0x4E19,0x4E19,0x4E19,0x4E19,0x4E19,0x4E19,0x4E19,
  0x4E19,0x4E19,0x4E19,0x4E19,0x4E19,0x4E19,0x4E19,0x4E19,0x4E19,0x4E19,0x4E19,0x4E19,0x4E19,0x4E19,0x4E19,0x4E19,
  0x4E19,0x4E19,0x4E19,0x4E19,0x4E19,0x4E19,0x4E19,0x4E19,0x4E19,0x4E19,0x4E19,0x4E19,0x4E19,0x4E19,0x4E19,0x4E19,
  0x4E19,0x4E19,0x4E19,0x4E19,0x4E19,0x4E19,0x4E19,0x4E19,0x4E19,0x4E19,0x4E19,0x4E19,0x4E19,0x4E19,0x4E19,0x4E19,
  0x4E19,0x4E19,0x4E19,0x4E19,0x4E19,0x4E19,0x4E19,0x4E19,0x4E19,0x4E19,0x4E19,0x4E19,0x4E19,0x4E19,0x4E19,0x4E19,
  0x4E19,0x4E19,0x4E19,0x4E19,0x4E19,0x4E19,0x4E19,0x4E19,0x4E19,0x4E19,0x4E19,0x4E19,0x4E19,0x4E19,0x4E19,0x4E19,
  0x4E19,0x4E19,0x4E19,0x4E19,0x4E19,0x4E19,0x4E19,0x4E19,0x4E19,0x4E19,0x4E19,0x4E19,0x4E19,0x4E19,0x4E19,0x4E19,
  0x4E19,0x4E19,0x4E19,0x4E19,0x4E19,0x4E19,0x4E19,0x4E19,0x4E19,0x4E19,0x4E19,0x4E19,0x4E19,0x4E19,0x4E19,0x4E19,
  0x4E19,0x4E19,0x4E19,0x4E19,0x4E19,0x4E19,0x4E19,0x4E19,0x4E19,0x4E19,0x4E19,0x4E19,0x4E19,0x4E19,0x4E19,0x4E19,
  0x4E19,0x4E19,0x4E19,0x4E19,0x4E19,0x4E19,0x4E19,0x4E19,0x4E19,0x4E19,0x4E19,0x4E19,0x4E19,0x4E19,0x4E19,0x4E19,
  0x4E19,0x4E19,0x4E19,0x4E19,0x4E19,0x4E19,0x4E19,0x4E19,0x4E19,0x4E19,0x4E19,0x4E19,0x4E19,0x4E19,0x4E19,0x4E19,
  0x4E19,0x4E19,0x4E19,0x4E19,0x4E19,0x4E19,0x4E19,0x4E19,0x4E19,0x4E19,0x4E19,0x4E19,0x4E19,0x4E19,0x4E19,0x4E19,
  0x4E19,0x4E19,0x4E19,0x4E19,0x4E19,0x4E19,0x4E19,0x4E19,0x4E19,0x4E19,0x4E19,0x4E19,0x4E19,0x4E19,0x4E19,0x4E19,
  0x4E19,0x4E19,0x4E19,0x4E19,0x4E19,0x4E19,0x4E19,0x4E19,0x4E19,0x4E19,0x4E19,0x4E19,0x4E19,0x4E19,0x4E19,0x4E19,
  0x4E19,0x4E19,0x4E19,0x4E19,0x4E19,0x4E19,0x4E19,0x4E19,0x4E19,0x4E19,0x4E19,0x4E19,0x4E19,0x4E19,0x4E19,0x4E19,
  0x4E19,0x4E19,0x4E19,0x4E19,0x4E19,0x4E19,0x4E19,0x4E19,0x4E19,0x4E19,0x4E19,0x4E19,0x4E19,0x4E19,0x4E19,0x4E19,
  0x4E19,0x4E19,0x4E19,0x4E19,0x4E19,0x4E19,0x4E19,0x4E19,0x4E19,0x4E19,0x4E19,0x4E19,0x4E19,0x4E19,0x4E19,0x4E19,
  0x4E19,0x4E19,0x4E19,0x4E19,0x4E19,0x4E19,0x4E19,0x4E19,0x4E19,0x4E19,0x4E19,0x4E19,0x4E19,0x4E19,0x4E19,0x4E19,
  0x4E19,0x4E19,0x4E19,0x4E19,0x4E19,0x4E19,0x4E19,0x4E19,0x4E19,0x4E19,0x4E19,0x4E19,0x4E19,0x4E19,0x4E19,0x4E19,
  0x4E19,0x4E19,0x4E19,0x4E19,0x4E19,0x4E19,0x4E19,0x4E19,0x4E19,0x4E19,0x4E19,0x4E19,0x4E19,0x4E19,0x4E19,0x4E19,
  0x4E19,0x4E19,0x4E19,0x4E19,0x4E19,0x4E19,0x4E19,0x4E19,0x4E19,0x4E19,0x4E19,0x4E19,0x4E19,0x4E19,0x4E19,0x4E19,
  0x4E19,0x4E19,0x4E19,0x4E19,0x4E19,0x4E19,0x4E19,0x4E19,0x4E19,0x4E19,0x4E19,0x4E19,0x4E19,0x4E19,0x4E19,0x4E19,
  0x4E19,0x4E19,0x4E19,0x4E19,0x4E19,0x4E19,0x4E19,0x4E19,0x4E19,0x4E19,0x4E19,0x4E19,0x4E19,0x4E19,0x4E19,0x4E19,
  0x4E19,0x4E19,0x4E19,0x4E19,0x4E19,0x4E19,0x4E19,0x4E19,0x4E19,0x4E19,0x4E19,0x4E19,0x4E19,0x4E19,0x4E19,0x4E19,
  0x4E19,0x4E19,0x4E19,0x4E19,0x4E19,0x4E19,0x4E19,0x4E19,0x4E19,0x4E19,0x4E19,0x4E19,0x4E19,0x4E19,0x4E19,0x4E19,
  0x4E19,0x4E19,0x4E19,0x4E19,0x4E19,0x4E19,0x4E19,0x4E19,0x4E19,0x4E19,0x4E19,0x4E19,0x4E19,0x4E19,0x4E19,0x4E19,
  0x4E19,0x4E19,0x4E19,0x4E19,0x4E19,0x4E19,0x4E19,0x4E19,0x4E19,0x4E19,0x4E19,0x4E19,0x4E19,0x4E19,0x4E19,0x4E19,
  0x4E19,0x4E19,0x4E19,0x4E19,0x4E19,0x4E19,0x4E19,0x4E19,0x4E19,0x4E19,0x4E19,0x4E19,0x4E19,0x4E19,0x4E19,0x4E19,
  0x4E19,0x4E19,0x4E19,0x4E19,0x4E19,0x4E19,0x4E19,0x4E19,0x4E19,0x4E19,0x4E19,0x4E19,0x4E19,0x4E19,0x4E19,0x4E19,
  0x4E19,0x4E19,0x4E19,0x4E19,0x4E19,0x4E19,0x4E19,0x4E19,0x4E19,0x4E19,0x4E19,0x4E19,0x4E19,0x4E19,0x4E19,0x4E19,
  0x4E19,0x4E19,0x4E19,0x4E19,0x4E19,0x4E19,0x4E19,0x4E19,0x4E19,0x4E19,0x4E19,0x4E19,0x4E19,0x4E19,0x4E19,0x4E19,
  0x4E19,0x4E19,0x4E19,0x4E19,0x4E19,0x4E19,0x4E19,0x4E19,0x4E19,0x4E19,0x4E19,0x4E19,0x4E19,0x4E19,0x4E19,0x4E19,
  0x4E19,0x4E19,0x4E19,0x4E19,0x4E19,0x4E19,0x4E19,0x4E19,0x4E19,0x4E19,0x4E19,0x4E19,0x4E19,0x4E19,0x4E19,0x4E19,
  0x4E19,0x4E19,0x4E19,0x4E19,0x4E19,0x4E19,0x4E19,0x4E19,0x4E19,0x4E19,0x4E19,0x4E19,0x4E19,0x4E19,0x4E19,0x4E19,
  0x4E19,0x4E19,0x4E19,0x4E19,0x4E19,0x4E19,0x4E19,0x4E19,0x4E19,0x4E19,0x4E19,0x4E19,0x4E19,0x4E19,0x4E19,0x4E19,
  0x4E19,0x4E19,0x4E19,0x4E19,0x4E19,0x4E19,0x4E19,0x4E19,0x4E19,0x4E19,0x4E19,0x4E19,0x4E19,0x4E19,0x4E19,0x4E19,
  0x4E19,0x4E19,0x4E19,0x4E19,0x4E19,0x4E19,0x4E19,0x4E19,0x4E19,0x4E19,0x4E19,0x4E19,0x4E19,0x4E19,0x4E19,0x4E19,
  0x4E19,0x4E19,0x4E19,0x4E19,0x4E19,0x4E19,0x4E19,0x4E19,0x4E19,0x4E19,0x4E19,0x4E19,0x4E19,0x4E19,0x4E19,0x4E19,
  0x4E19,0x4E19,0x4E19,0x4E19,0x4E19,0x4E19,0x4E19,0x4E19,0x4E19,0x4E19,0x4E19,0x4E19,0x4E19,0x4E19,0x4E19,0x4E19,
  0x4E19,0x4E19,0x4E19,0x4E19,0x4E19,0x4E19,0x4E19,0x4E19,0x4E19,0x4E19,0x4E19,0x4E19,0x4E19,0x4E19,0x4E19,0x4E19,
  0x4E19,0x4E19,0x4E19,0x4E19,0x4E19,0x4E19,0x4E19,0x4E19,0x4E19,0x4E19,0x4E19,0x4E19,0x4E19,0x4E19,0x4E19,0x4E19,
  0x4E19,0x4E19,0x4E19,0x4E19,0x4E19,0x4E19,0x4E19,0x4E19,0x4E19,0x4E19,0x4E19,0x4E19,0x4E19,0x4E19,0x4E19,0x4E19,
  0x4E19,0x4E19,0x4E19,0x4E19,0x4E19,0x4E19,0x4E19,0x4E19,0x4E19,0x4E19,0x4E19,0x4E19,0x4E19,0x4E19,0x4E19,0x4E19,
  0x4E19,0x4E19,0x4E19,0x4E19,0x4E19,0x4E19,0x4E19,0x4E19,0x4E19,0x4E19,0x4E19,0x4E19,0x4E19,0x4E19,0x4E19,0x4E19,
  0x4E19,0x4E19,0x4E19,0x4E19,0x4E19,0x4E19,0x4E19,0x4E19,0x4E19,0x4E19,0x4E19,0x4E19,0x4E19,0x4E19,0x4E19,0x4E19,
  0x4E19,0x4E19,0x4E19,0x4E19,0x4E19,0x4E19,0x4E19,0x4E19,0x4E19,0x4E19,0x4E19,0x4E19,0x4E19,0x4E19,0x4E19,0x4E19,
  0x4E19,0x4E19,0x4E19,0x4E19,0x4E19,0x4E19,0x4E19,0x4E19,0x4E19,0x4E19,0x4E19,0x4E19,0x4E19,0x4E19,0x4E19,0x4E19,
  0x4E19,0x4E19,0x4E19,0x4E19,0x4E19,0x4E19,0x4E19,0x4E19,0x4E19,0x4E19,0x4E19,0x4E19,0x4E19,0x4E19,0x4E19,0x4E19,
  0x4E19,0x4E19,0x4E19,0x4E19,0x4E19,0x4E19,0x4E19,0x4E19,0x4E19,0x4E19,0x4E19,0x4E19,0x4E19,0x4E19,0x4E19,0x4E19,
  0x4E19,0x4E19,0x4E19,0x4E19,0x4E19,0x4E19,0x4E19,0x4E19,0x4E19,0x4E19,0x4E19,0x4E19,0x4E19,0x4E19,0x4E19,0x4E19,
  0x4E19,0x4E19,0x4E19,0x4E19,0x4E19,0x4E19,0x4E19,0x4E19,0x4E19,0x4E19,0x4E19,0x4E19,0x4E19,0x4E19,0x4E19,0x4E19,
  0x4E19,0x4E19,0x4E19,0x4E19,0x4E19,0x4E19,0x4E19,0x4E19,0x4E19,0x4E19,0x4E19,0x4E19,0x4E19,0x4E19,0x4E19,0x4E19,
  0x4E19,0x4E19,0x4E19,0x4E19,0x4E19,0x4E19,0x4E19,0x4E19,0x4E19,0x4E19,0x4E19,0x4E19,0x4E19,0x4E19,0x4E19,0x4E19,
  0x4E19,0x4E19,0x4E19,0x4E19,0x4E19,0x4E19,0x4E19,0x4E19,0x4E19,0x4E19,0x4E19,0x4E19,0x4E19,0x4E19,0x4E19,0x4E19,
  0x4E19,0x4E19,0x4E19,0x4E19,0x4E19,0x4E19,0x4E19,0x4E19,0x4E19,0x4E19,0x4E19,0x4E19,0x4E19,0x4E19,0x4E19,0x4E19,
  0x4E19,0x4E19,0x4E19,0x4E19,0x4E19,0x4E19,0x4E19,0x4E19,0x4E19,0x4E19,0x4E19,0x4E19,0x4E19,0x4E19,0x4E19,0x4E19,
  0x4E19,0x4E19,0x4E19,0x4E19,0x4E19,0x4E19,0x4E19,0x4E19,0x4E19,0x4E19,0x4E19,0x4E19,0x4E19,0x4E19,0x4E19,0x4E19,
  0x4E19,0x4E19,0x4E19,0x4E19,0x4E19,0x4E19,0x4E19,0x4E19,0x4E19,0x4E19,0x4E19,0x4E19,0x4E19,0x4E19,0x4E19,0x4E19,
  0x4E19,0x4E19,0x4E19,0x4E19,0x4E19,0x4E19,0x4E19,0x4E19,0x4E19,0x4E19,0x4E19,0x4E19,0x4E19,0x4E19,0x4E19,0x4E19,
  0x4E19,0x4E19,0x4E19,0x4E19,0x4E19,0x4E19,0x4E19,0x4E19,0x4E19,0x4E19,0x4E19,0x4E19,0x4E19,0x4E19,0x4E19,0x4E19,
  0x4E19,0x4E19,0x4E19,0x4E19,0x4E19,0x4E19,0x4E19,0x4E19,0x4E19,0x4E19,0x4E19,0x4E19,0x4E19,0x4E19,0x4E19,0x4E19,
  0x4E19,0x4E19,0x4E19,0x4E19,0x4E19,0x4E19,0x4E19,0x4E19,0x4E19,0x4E19,0x4E19,0x4E19,0x4E19,0x4E19,0x4E19,0x4E19,
  0x4E19,0x4E19,0x4E19,0x4E19,0x4E19,0x4E19,0x4E19,0x4E19,0x4E19,0x4E19,0x4E19,0x4E19,0x4E19,0x4E19,0x4E19,0x4E19,
  0x4E19,0x4E19,0x4E19,0x4E19,0x4E19,0x4E19,0x4E19,0x4E19,0x4E19,0x4E19,0x4E19,0x4E19,0x4E19,0x4E19,0x4E19,0x4E19,
  0x4E19,0x4E19,0x4E19,0x4E19,0x4E19,0x4E19,0x4E19,0x4E19,0x4E19,0x4E19,0x4E19,0x4E19,0x4E19,0x4E19,0x4E19,0x4E19,
  0x4E19,0x4E19,0x4E19,0x4E19,0x4E19,0x4E19,0x4E19,0x4E19,0x4E19,0x4E19,0x4E19,0x4E19,0x4E19,0x4E19,0x4E19,0x4E19,
  0x4E19,0x4E19,0x4E19,0x4E19,0x4E19,0x4E19,0x4E19,0x4E19,0x4E19,0x4E19,0x4E19,0x4E19,0x4E19,0x4E19,0x4E19,0x4E19,
  0x4E19,0x4E19,0x4E19,0x4E19,0x4E19,0x4E19,0x4E19,0x4E19,0x4E19,0x4E19,0x4E19,0x4E19,0x4E19,0x4E19,0x4E19,0x4E19,
  0x4E19,0x4E19,0x4E19,0x4E19,0x4E19,0x4E19,0x4E19,0x4E19,0x4E19,0x4E19,0x4E19,0x4E19,0x4E19,0x4E19,0x4E19,0x4E19,
  0x4E19,0x4E19,0x4E19,0x4E19,0x4E19,0x4E19,0x4E19,0x4E19,0x4E19,0x4E19,0x4E19,0x4E19,0x4E19,0x4E19,0x4E19,0x4E19,
  0x4E19,0x4E19,0x4E19,0x4E19,0x4E19,0x4E19,0x4E19,0x4E19,0x4E19,0x4E19,0x4E19,0x4E19,0x4E19,0x4E19,0x4E19,0x4E19,
  0x4E19,0x4E19,0x4E19,0x4E19,0x4E19,0x4E19,0x4E19,0x4E19,0x4E19,0x4E19,0x4E19,0x4E19,0x4E19,0x4E19,0x4E19,0x4E19,
  0x4E19,0x4E19,0x4E19,0x4E19,0x4E19,0x4E19,0x4E19,0x4E19,0x4E19,0x4E19,0x4E19,0x4E19,0x4E19,0x4E19,0x4E19,0x4E19,
  0x4E19,0x4E19,0x4E19,0x4E19,0x4E19,0x4E19,0x4E19,0x4E19,0x4E19,0x4E19,0x4E19,0x4E19,0x4E19,0x4E19,0x4E19,0x4E19,
  0x4E19,0x4E19,0x4E19,0x4E19,0x4E19,0x4E19,0x4E19,0x4E19,0x4E19,0x4E19,0x4E19,0x4E19,0x4E19,0x4E19,0x4E19,0x4E19,
  0x4E19,0x4E19,0x4E19,0x4E19,0x4E19,0x4E19,0x4E19,0x4E19,0x4E19,0x4E19,0x4E19,0x4E19,0x4E19,0x4E19,0x4E19,0x4E19,
  0x4E19,0x4E19,0x4E19,0x4E19,0x4E19,0x4E19,0x4E19,0x4E19,0x4E19,0x4E19,0x4E19,0x4E19,0x4E19,0x4E19,0x4E19,0x4E19,
  0x4E19,0x4E19,0x4E19,0x4E19,0x4E19,0x4E19,0x4E19,0x4E19,0x4E19,0x4E19,0x4E19,0x4E19,0x4E19,0x4E19,0x4E19,0x4E19,
  0x4E19,0x4E19,0x4E19,0x4E19,0x4E19,0x4E19,0x4E19,0x4E19,0x4E19,0x4E19,0x4E19,0x4E19,0x4E19,0x4E19,0x4E19,0x4E19,
  0x4E19,0x4E19,0x4E19,0x4E19,0x4E19,0x4E19,0x4E19,0x4E19,0x4E19,0x4E19,0x4E19,0x4E19,0x4E19,0x4E19,0x4E19,0x4E19,
  0x4E19,0x4E19,0x4E19,0x4E19,0x4E19,0x4E19,0x4E19,0x4E19,0x4E19,0x4E19,0x4E19,0x4E19,0x4E19,0x4E19,0x4E19,0x4E19,
  0x4E19,0x4E19,0x4E19,0x4E19,0x4E19,0x4E19,0x4E19,0x4E19,0x4E19,0x4E19,0x4E19,0x4E19,0x4E19,0x4E19,0x4E19,0x4E19,
  0x4E19,0x4E19,0x4E19,0x4E19,0x4E19,0x4E19,0x4E19,0x4E19,0x4E19,0x4E19,0x4E19,0x4E19,0x4E19,0x4E19,0x4E19,0x4E19,
  0x4E19,0x4E19,0x4E19,0x4E19,0x4E19,0x4E19,0x4E19,0x4E19,0x4E19,0x4E19,0x4E19,0x4E19,0x4E19,0x4E19,0x4E19,0x4E19,
  0x4E19,0x4E19,0x4E19,0x4E19,0x4E19,0x4E19,0x4E19,0x4E19,0x4E19,0x4E19,0x4E19,0x4E19,0x4E19,0x4E19,0x4E19,0x4E19,
  0x4E19,0x4E19,0x4E19,0x4E19,0x4E19,0x4E19,0x4E19,0x4E19,0x4E19,0x4E19,0x4E19,0x4E19,0x4E19,0x4E19,0x4E19,0x4E19,
  0x4E19,0x4E19,0x4E19,0x4E19,0x4E19,0x4E19,0x4E19,0x4E19,0x4E19,0x4E19,0x4E19,0x4E19,0x4E19,0x4E19,0x4E19,0x4E19,
  0x4E19,0x4E19,0x4E19,0x4E19,0x4E19,0x4E19,0x4E19,0x4E19,0x4E19,0x4E19,0x4E19,0x4E19,0x4E19,0x4E19,0x4E19,0x4E19,
  0x4E19,0x4E19,0x4E19,0x4E19,0x4E19,0x4E19,0x4E19,0x4E19,0x4E19,0x4E19,0x4E19,0x4E19,0x4E19,0x4E19,0x4E19,0x4E19,
  0x4E19,0x4E19,0x4E19,0x4E19,0x4E19,0x4E19,0x4E19,0x4E19,0x4E19,0x4E19,0x4E19,0x4E19,0x4E19,0x4E19,0x4E19,0x4E19,
  0x4E19,0x4E19,0x4E19,0x4E19,0x4E19,0x4E19,0x4E19,0x4E19,0x4E19,0x4E19,0x4E19,0x4E19,0x4E19,0x4E19,0x4E19,0x4E19,
  0x4E19,0x4E19,0x4E19,0x4E19,0x4E19,0x4E19,0x4E19,0x4E19,0x4E19,0x4E19,0x4E19,0x4E19,0x4E19,0x4E19,0x4E19,0x4E19,
  0x4E19,0x4E19,0x4E19,0x4E19,0x4E19,0x4E19,0x4E19,0x4E19,0x4E19,0x4E19,0x4E19,0x4E19,0x4E19,0x4E19,0x4E19,0x4E19,
  0x4E19,0x4E19,0x4E19,0x4E19,0x4E19,0x4E19,0x4E19,0x4E19,0x4E19,0x4E19,0x4E19,0x4E19,0x4E19,0x4E19,0x4E19,0x4E19,
  0x4E19,0x4E19,0x4E19,0x4E19,0x4E19,0x4E19,0x4E19,0x4E19,0x4E19,0x4E19,0x4E19,0x4E19,0x4E19,0x4E19,0x4E19,0x4E19,
  0x4E19,0x4E19,0x4E19,0x4E19,0x4E19,0x4E19,0x4E19,0x4E19,0x4E19,0x4E19,0x4E19,0x4E19,0x4E19,0x4E19,0x4E19,0x4E19,
  0x4E19,0x4E19,0x4E19,0x4E19,0x4E19,0x4E19,0x4E19,0x4E19,0x4E19,0x4E19,0x4E19,0x4E19,0x4E19,0x4E19,0x4E19,0x4E19,
  0x4E19,0x4E19,0x4E19,0x4E19,0x4E19,0x4E19,0x4E19,0x4E19,0x4E19,0x4E19,0x4E19,0x4E19,0x4E19,0x4E19,0x4E19,0x4E19,
  0x4E19,0x4E19,0x4E19,0x4E19,0x4E19,0x4E19,0x4E19,0x4E19,0x4E19,0x4E19,0x4E19,0x4E19,0x4E19,0x4E19,0x4E19,0x4E19,
  0x4E19,0x4E19,0x4E19,0x4E19,0x4E19,0x4E19,0x4E19,0x4E19,0x4E19,0x4E19,0x4E19,0x4E19,0x4E19,0x4E19,0x4E19,0x4E19,
  0x4E19,0x4E19,0x4E19,0x4E19,0x4E19,0x4E19,0x4E19,0x4E19,0x4E19,0x4E19,0x4E19,0x4E19,0x4E19,0x4E19,0x4E19,0x4E19,
  0x4E19,0x4E19,0x4E19,0x4E19,0x4E19,0x4E19,0x4E19,0x4E19,0x4E19,0x4E19,0x4E19,0x4E19,0x4E19,0x4E19,0x4E19,0x4E19,
  0x4E19,0x4E19,0x4E19,0x4E19,0x4E19,0x4E19,0x4E19,0x4E19,0x4E19,0x4E19,0x4E19,0x4E19,0x4E19,0x4E19,0x4E19,0x4E19,
  0x4E19,0x4E19,0x4E19,0x4E19,0x4E19,0x4E19,0x4E19,0x4E19,0x4E19,0x4E19,0x4E19,0x4E19,0x4E19,0x4E19,0x4E19,0x4E19,
  0x4E19,0x4E19,0x4E19,0x4E19,0x4E19,0x4E19,0x4E19,0x4E19,0x4E19,0x4E19,0x4E19,0x4E19,0x4E19,0x4E19,0x4E19,0x4E19,
  0x4E19,0x4E19,0x4E19,0x4E19,0x4E19,0x4E19,0x4E19,0x4E19,0x4E19,0x4E19,0x4E19,0x4E19,0x4E19,0x4E19,0x4E19,0x4E19,
  0x4E19,0x4E19,0x4E19,0x4E19,0x4E19,0x4E19,0x4E19,0x4E19,0x4E19,0x4E19,0x4E19,0x4E19,0x4E19,0x4E19,0x4E19,0x4E19,
  0x4E19,0x4E19,0x4E19,0x4E19,0x4E19,0x4E19,0x4E19,0x4E19,0x4E19,0x4E19,0x4E19,0x4E19,0x4E19,0x4E19,0x4E19,0x4E19,
  0x4E19,0x4E19,0x4E19,0x4E19,0x4E19,0x4E19,0x4E19,0x4E19,0x4E19,0x4E19,0x4E19,0x4E19,0x4E19,0x4E19,0x4E19,0x4E19,
  0x4E19,0x4E19,0x4E19,0x4E19,0x4E19,0x4E19,0x4E19,0x4E19,0x4E19,0x4E19,0x4E19,0x4E19,0x4E19,0x4E19,0x4E19,0x4E19,
  0x4E19,0x4E19,0x4E19,0x4E19,0x4E19,0x4E19,0x4E19,0x4E19,0x4E19,0x4E19,0x4E19,0x4E19,0x4E19,0x4E19,0x4E19,0x4E19,
  0x4E19,0x4E19,0x4E19,0x4E19,0x4E19,0x4E19,0x4E19,0x4E19,0x4E19,0x4E19,0x4E19,0x4E19,0x4E19,0x4E19,0x4E19,0x4E19,
  0x4E19,0x4E19,0x4E19,0x4E19,0x4E19,0x4E19,0x4E19,0x4E19,0x4E19,0x4E19,0x4E19,0x4E19,0x4E19,0x4E19,0x4E19,0x4E19,
  0x4E19,0x4E19,0x4E19,0x4E19,0x4E19,0x4E19,0x4E19,0x4E19,0x4E19,0x4E19,0x4E19,0x4E19,0x4E19,0x4E19,0x4E19,0x4E19,
  0x4E19,0x4E19,0x4E19,0x4E19,0x4E19,0x4E19,0x4E19,0x4E19,0x4E19,0x4E19,0x4E19,0x4E19,0x4E19,0x4E19,0x4E19,0x4E19,
  0x4E19,0x4E19,0x4E19,0x4E19,0x4E19,0x4E19,0x4E19,0x4E19,0x4E19,0x4E19,0x4E19,0x4E19,0x4E19,0x4E19,0x4E19,0x4E19,
  0x4E19,0x4E19,0x4E19,0x4E19,0x4E19,0x4E19,0x4E19,0x4E19,0x4E19,0x4E19,0x4E19,0x4E19,0x4E19,0x4E19,0x4E19,0x4E19,
  0x4E19,0x4E19,0x4E19,0x4E19,0x4E19,0x4E19,0x4E19,0x4E19,0x4E19,0x4E19,0x4E19,0x4E19,0x4E19,0x4E19,0x4E19,0x4E19,
  0x4E19,0x4E19,0x4E19,0x4E19,0x4E19,0x4E19,0x4E19,0x4E19,0x4E19,0x4E19,0x4E19,0x4E19,0x4E19,0x4E19,0x4E19,0x4E19,
  0x4E19,0x4E19,0x4E19,0x4E19,0x4E19,0x4E19,0x4E19,0x4E19,0x4E19,0x4E19,0x4E19,0x4E19,0x4E19,0x4E19,0x4E19,0x4E19,
  0x4E19,0x4E19,0x4E19,0x4E19,0x4E19,0x4E19,0x4E19,0x4E19,0x4E19,0x4E19,0x4E19,0x4E19,0x4E19,0x4E19,0x4E19,0x4E19,
  0x4E19,0x4E19,0x4E19,0x4E19,0x4E19,0x4E19,0x4E19,0x4E19,0x4E19,0x4E19,0x4E19,0x4E19,0x4E19,0x4E19,0x4E19,0x4E19,
  0x4E19,0x4E19,0x4E19,0x4E19,0x4E19,0x4E19,0x4E19,0x4E19,0x4E19,0x4E19,0x4E19,0x4E19,0x4E19,0x4E19,0x4E19,0x4E19,
  0x4E19,0x4E19,0x4E19,0x4E19,0x4E19,0x4E19,0x4E19,0x4E19,0x4E19,0x4E19,0x4E19,0x4E19,0x4E19,0x4E19,0x4E19,0x4E19,
  0x4E19,0x4E19,0x4E19,0x4E19,0x4E19,0x4E19,0x4E19,0x4E19,0x4E19,0x4E19,0x4E19,0x4E19,0x4E19,0x4E19,0x4E19,0x4E19,
  0x4E19,0x4E19,0x4E19,0x4E19,0x4E19,0x4E19,0x4E19,0x4E19,0x4E19,0x4E19,0x4E19,0x4E19,0x4E19,0x4E19,0x4E19,0x4E19,
  0x4E19,0x4E19,0x4E19,0x4E19,0x4E19,0x4E19,0x4E19,0x4E19,0x4E19,0x4E19,0x4E19,0x4E19,0x4E19,0x4E19,0x4E19,0x4E19,
  0x4E19,0x4E19,0x4E19,0x4E19,0x4E19,0x4E19,0x4E19,0x4E19,0x4E19,0x4E19,0x4E19,0x4E19,0x4E19,0x4E19,0x4E19,0x4E19,
  0x4E19,0x4E19,0x4E19,0x4E19,0x4E19,0x4E19,0x4E19,0x4E19,0x4E19,0x4E19,0x4E19,0x4E19,0x4E19,0x4E19,0x4E19,0x4E19,
  0x4E19,0x4E19,0x4E19,0x4E19,0x4E19,0x4E19,0x4E19,0x4E19,0x4E19,0x4E19,0x4E19,0x4E19,0x4E19,0x4E19,0x4E19,0x4E19,
  0x4E19,0x4E19,0x4E19,0x4E19,0x4E19,0x4E19,0x4E19,0x4E19,0x4E19,0x4E19,0x4E19,0x4E19,0x4E19,0x4E19,0x4E19,0x4E19,
  0x4E19,0x4E19,0x4E19,0x4E19,0x4E19,0x4E19,0x4E19,0x4E19,0x4E19,0x4E19,0x4E19,0x4E19,0x4E19,0x4E19,0x4E19,0x4E19,
  0x4E19,0x4E19,0x4E19,0x4E19,0x4E19,0x4E19,0x4E19,0x4E19,0x4E19,0x4E19,0x4E19,0x4E19,0x4E19,0x4E19,0x4E19,0x4E19,
  0x4E19,0x4E19,0x4E19,0x4E19,0x4E19,0x4E19,0x4E19,0x4E19,0x4E19,0x4E19,0x4E19,0x4E19,0x4E19,0x4E19,0x4E19,0x4E19,
  0x4E19,0x4E19,0x4E19,0x4E19,0x4E19,0x4E19,0x4E19,0x4E19,0x4E19,0x4E19,0x4E19,0x4E19,0x4E19,0x4E19,0x4E19,0x4E19,
  0x4E19,0x4E19,0x4E19,0x4E19,0x4E19,0x4E19,0x4E19,0x4E19,0x4E19,0x4E19,0x4E19,0x4E19,0x4E19,0x4E19,0x4E19,0x4E19,
  0x4E19,0x4E19,0x4E19,0x4E19,0x4E19,0x4E19,0x4E19,0x4E19,0x4E19,0x4E19,0x4E19,0x4E19,0x4E19,0x4E19,0x4E19,0x4E19,
  0x4E19,0x4E19,0x4E19,0x4E19,0x4E19,0x4E19,0x4E19,0x4E19,0x4E19,0x4E19,0x4E19,0x4E19,0x4E19,0x4E19,0x4E19,0x4E19,
  0x4E19,0x4E19,0x4E19,0x4E19,0x4E19,0x4E19,0x4E19,0x4E19,0x4E19,0x4E19,0x4E19,0x4E19,0x4E19,0x4E19,0x4E19,0x4E19,
  0x4E19,0x4E19,0x4E19,0x4E19,0x4E19,0x4E19,0x4E19,0x4E19,0x4E19,0x4E19,0x4E19,0x4E19,0x4E19,0x4E19,0x4E19,0x4E19,
  0x4E19,0x4E19,0x4E19,0x4E19,0x4E19,0x4E19,0x4E19,0x4E19,0x4E19,0x4E19,0x4E19,0x4E19,0x4E19,0x4E19,0x4E19,0x4E19,
  0x4E19,0x4E19,0x4E19,0x4E19,0x4E19,0x4E19,0x4E19,0x4E19,0x4E19,0x4E19,0x4E19,0x4E19,0x4E19,0x4E19,0x4E19,0x4E19,
  0x4E19,0x4E19,0x4E19,0x4E19,0x4E19,0x4E19,0x4E19,0x4E19,0x4E19,0x4E19,0x4E19,0x4E19,0x4E19,0x4E19,0x4E19,0x4E19,
  0x4E19,0x4E19,0x4E19,0x4E19,0x4E19,0x4E19,0x4E19,0x4E19,0x4E19,0x4E19,0x4E19,0x4E19,0x4E19,0x4E19,0x4E19,0x4E19,
  0x4E19,0x4E19,0x4E19,0x4E19,0x4E19,0x4E19,0x4E19,0x4E19,0x4E19,0x4E19,0x4E19,0x4E19,0x4E19,0x4E19,0x4E19,0x4E19,
  0x4E19,0x4E19,0x4E19,0x4E19,0x4E19,0x4E19,0x4E19,0x4E19,0x4E19,0x4E19,0x4E19,0x4E19,0x4E19,0x4E19,0x4E19,0x4E19,
  0x4E19,0x4E19,0x4E19,0x4E19,0x4E19,0x4E19,0x4E19,0x4E19,0x4E19,0x4E19,0x4E19,0x4E19,0x4E19,0x4E19,0x4E19,0x4E19,
  0x4E19,0x4E19,0x4E19,0x4E19,0x4E19,0x4E19,0x4E19,0x4E19,0x4E19,0x4E19,0x4E19,0x4E19,0x4E19,0x4E19,0x4E19,0x4E19,
  0x4E19,0x4E19,0x4E19,0x4E19,0x4E19,0x4E19,0x4E19,0x4E19,0x4E19,0x4E19,0x4E19,0x4E19,0x4E19,0x4E19,0x4E19,0x4E19,
  0x4E19,0x4E19,0x4E19,0x4E19,0x4E19,0x4E19,0x4E19,0x4E19,0x4E19,0x4E19,0x4E19,0x4E19,0x4E19,0x4E19,0x4E19,0x4E19,
  0x4E19,0x4E19,0x4E19,0x4E19,0x4E19,0x4E19,0x4E19,0x4E19,0x4E19,0x4E19,0x4E19,0x4E19,0x4E19,0x4E19,0x4E19,0x4E19,
  0x4E19,0x4E19,0x4E19,0x4E19,0x4E19,0x4E19,0x4E19,0x4E19,0x4E19,0x4E19,0x4E19,0x4E19,0x4E19,0x4E19,0x4E19,0x4E19,
  0x4E19,0x4E19,0x4E19,0x4E19,0x4E19,0x4E19,0x4E19,0x4E19,0x4E19,0x4E19,0x4E19,0x4E19,0x4E19,0x4E19,0x4E19,0x4E19,
  0x4E19,0x4E19,0x4E19,0x4E19,0x4E19,0x4E19,0x4E19,0x4E19,0x4E19,0x4E19,0x4E19,0x4E19,0x4E19,0x4E19,0x4E19,0x4E19,
  0x4E19,0x4E19,0x4E19,0x4E19,0x4E19,0x4E19,0x4E19,0x4E19,0x4E19,0x4E19,0x4E19,0x4E19,0x4E19,0x4E19,0x4E19,0x4E19,
  0x4E19,0x4E19,0x4E19,0x4E19,0x4E19,0x4E19,0x4E19,0x4E19,0x4E19,0x4E19,0x4E19,0x4E19,0x4E19,0x4E19,0x4E19,0x4E19,
  0x4E19,0x4E19,0x4E19,0x4E19,0x4E19,0x4E19,0x4E19,0x4E19,0x4E19,0x4E19,0x4E19,0x4E19,0x4E19,0x4E19,0x4E19,0x4E19,
  0x4E19,0x4E19,0x4E19,0x4E19,0x4E19,0x4E19,0x4E19,0x4E19,0x4E19,0x4E19,0x4E19,0x4E19,0x4E19,0x4E19,0x4E19,0x4E19,
  0x4E19,0x4E19,0x4E19,0x4E19,0x4E19,0x4E19,0x4E19,0x4E19,0x4E19,0x4E19,0x4E19,0x4E19,0x4E19,0x4E19,0x4E19,0x4E19,
  0x4E19,0x4E19,0x4E19,0x4E19,0x4E19,0x4E19,0x4E19,0x4E19,0x4E19,0x4E19,0x4E19,0x4E19,0x4E19,0x4E19,0x4E19,0x4E19,
  0x4E19,0x4E19,0x4E19,0x4E19,0x4E19,0x4E19,0x4E19,0x4E19,0x4E19,0x4E19,0x4E19,0x4E19,0x4E19,0x4E19,0x4E19,0x4E19,
  0x4E19,0x4E19,0x4E19,0x4E19,0x4E19,0x4E19,0x4E19,0x4E19,0x4E19,0x4E19,0x4E19,0x4E19,0x4E19,0x4E19,0x4E19,0x4E19,
  0x4E19,0x4E19,0x4E19,0x4E19,0x4E19,0x4E19,0x4E19,0x4E19,0x4E19,0x4E19,0x4E19,0x4E19,0x4E19,0x4E19,0x4E19,0x4E19,
  0x4E19,0x4E19,0x4E19,0x4E19,0x4E19,0x4E19,0x4E19,0x4E19,0x4E19,0x4E19,0x4E19,0x4E19,0x4E19,0x4E19,0x4E19,0x4E19,
  0x4E19,0x4E19,0x4E19,0x4E19,0x4E19,0x4E19,0x4E19,0x4E19,0x4E19,0x4E19,0x4E19,0x4E19,0x4E19,0x4E19,0x4E19,0x4E19,
  0x4E19,0x4E19,0x4E19,0x4E19,0x4E19,0x4E19,0x4E19,0x4E19,0x4E19,0x4E19,0x4E19,0x4E19,0x4E19,0x4E19,0x4E19,0x4E19,
  0x4E19,0x4E19,0x4E19,0x4E19,0x4E19,0x4E19,0x4E19,0x4E19,0x4E19,0x4E19,0x4E19,0x4E19,0x4E19,0x4E19,0x4E19,0x4E19,
  0x4E19,0x4E19,0x4E19,0x4E19,0x4E19,0x4E19,0x4E19,0x4E19,0x4E19,0x4E19,0x4E19,0x4E19,0x4E19,0x4E19,0x4E19,0x4E19,
  0x4E19,0x4E19,0x4E19,0x4E19,0x4E19,0x4E19,0x4E19,0x4E19,0x4E19,0x4E19,0x4E19,0x4E19,0x4E19,0x4E19,0x4E19,0x4E19,
  0x4E19,0x4E19,0x4E19,0x4E19,0x4E19,0x4E19,0x4E19,0x4E19,0x4E19,0x4E19,0x4E19,0x4E19,0x4E19,0x4E19,0x4E19,0x4E19,
  0x4E19,0x4E19,0x4E19,0x4E19,0x4E19,0x4E19,0x4E19,0x4E19,0x4E19,0x4E19,0x4E19,0x4E19,0x4E19,0x4E19,0x4E19,0x4E19,
  0x4E19,0x4E19,0x4E19,0x4E19,0x4E19,0x4E19,0x4E19,0x4E19,0x4E19,0x4E19,0x4E19,0x4E19,0x4E19,0x4E19,0x4E19,0x4E19,
  0x4E19,0x4E19,0x4E19,0x4E19,0x4E19,0x4E19,0x4E19,0x4E19,0x4E19,0x4E19,0x4E19,0x4E19,0x4E19,0x4E19,0x4E19,0x4E19,
  0x4E19,0x4E19,0x4E19,0x4E19,0x4E19,0x4E19,0x4E19,0x4E19,0x4E19,0x4E19,0x4E19,0x4E19,0x4E19,0x4E19,0x4E19,0x4E19,
  0x4E19,0x4E19,0x4E19,0x4E19,0x4E19,0x4E19,0x4E19,0x4E19,0x4E19,0x4E19,0x4E19,0x4E19,0x4E19,0x4E19,0x4E19,0x4E19,
  0x4E19,0x4E19,0x4E19,0x4E19,0x4E19,0x4E19,0x4E19,0x4E19,0x4E19,0x4E19,0x4E19,0x4E19,0x4E19,0x4E19,0x4E19,0x4E19,
  0x4E19,0x4E19,0x4E19,0x4E19,0x4E19,0x4E19,0x4E19,0x4E19,0x4E19,0x4E19,0x4E19,0x4E19,0x4E19,0x4E19,0x4E19,0x4E19,
  0x4E19,0x4E19,0x4E19,0x4E19,0x4E19,0x4E19,0x4E19,0x4E19,0x4E19,0x4E19,0x4E19,0x4E19,0x4E19,0x4E19,0x4E19,0x4E19,
  0x4E19,0x4E19,0x4E19,0x4E19,0x4E19,0x4E19,0x4E19,0x4E19,0x4E19,0x4E19,0x4E19,0x4E19,0x4E19,0x4E19,0x4E19,0x4E19,
  0x4E19,0x4E19,0x4E19,0x4E19,0x4E19,0x4E19,0x4E19,0x4E19,0x4E19,0x4E19,0x4E19,0x4E19,0x4E19,0x4E19,0x4E19,0x4E19,
  0x4E19,0x4E19,0x4E19,0x4E19,0x4E19,0x4E19,0x4E19,0x4E19,0x4E19,0x4E19,0x4E19,0x4E19,0x4E19,0x4E19,0x4E19,0x4E19,
  0x4E19,0x4E19,0x4E19,0x4E19,0x4E19,0x4E19,0x4E19,0x4E19,0x4E19,0x4E19,0x4E19,0x4E19,0x4E19,0x4E19,0x4E19,0x4E19,
  0x4E19,0x4E19,0x4E19,0x4E19,0x4E19,0x4E19,0x4E19,0x4E19,0x4E19,0x4E19,0x4E19,0x4E19,0x4E19,0x4E19,0x4E19,0x4E19,
  0x4E19,0x4E19,0x4E19,0x4E19,0x4E19,0x4E19,0x4E19,0x4E19,0x4E19,0x4E19,0x4E19,0x4E19,0x4E19,0x4E19,0x4E19,0x4E19,
  0x4E19,0x4E19,0x4E19,0x4E19,0x4E19,0x4E19,0x4E19,0x4E19,0x4E19,0x4E19,0x4E19,0x4E19,0x4E19,0x4E19,0x4E19,0x4E19,
  0x4E19,0x4E19,0x4E19,0x4E19,0x4E19,0x4E19,0x4E19,0x4E19,0x4E19,0x4E19,0x4E19,0x4E19,0x4E19,0x4E19,0x4E19,0x4E19,
  0x4E19,0x4E19,0x4E19,0x4E19,0x4E19,0x4E19,0x4E19,0x4E19,0x4E19,0x4E19,0x4E19,0x4E19,0x4E19,0x4E19,0x4E19,0x4E19,
  0x4E19,0x4E19,0x4E19,0x4E19,0x4E19,0x4E19,0x4E19,0x4E19,0x4E19,0x4E19,0x4E19,0x4E19,0x4E19,0x4E19,0x4E19,0x4E19,
  0x4E19,0x4E19,0x4E19,0x4E19,0x4E19,0x4E19,0x4E19,0x4E19,0x4E19,0x4E19,0x4E19,0x4E19,0x4E19,0x4E19,0x4E19,0x4E19,
  0x4E19,0x4E19,0x4E19,0x4E19,0x4E19,0x4E19,0x4E19,0x4E19,0x4E19,0x4E19,0x4E19,0x4E19,0x4E19,0x4E19,0x4E19,0x4E19,
  0x4E19,0x4E19,0x4E19,0x4E19,0x4E19,0x4E19,0x4E19,0x4E19,0x4E19,0x4E19,0x4E19,0x4E19,0x4E19,0x4E19,0x4E19,0x4E19,
  0x4E19,0x4E19,0x4E19,0x4E19,0x4E19,0x4E19,0x4E19,0x4E19,0x4E19,0x4E19,0x4E19,0x4E19,0x4E19,0x4E19,0x4E19,0x4E19,
  0x4E19,0x4E19,0x4E19,0x4E19,0x4E19,0x4E19,0x4E19,0x4E19,0x4E19,0x4E19,0x4E19,0x4E19,0x4E19,0x4E19,0x4E19,0x4E19,
  0x4E19,0x4E19,0x4E19,0x4E19,0x4E19,0x4E19,0x4E19,0x4E19,0x4E19,0x4E19,0x4E19,0x4E19,0x4E19,0x4E19,0x4E19,0x4E19,
  0x4E19,0x4E19,0x4E19,0x4E19,0x4E19,0x4E19,0x4E19,0x4E19,0x4E19,0x4E19,0x4E19,0x4E19,0x4E19,0x4E19,0x4E19,0x4E19,
  0x4E19,0x4E19,0x4E19,0x4E19,0x4E19,0x4E19,0x4E19,0x4E19,0x4E19,0x4E19,0x4E19,0x4E19,0x4E19,0x4E19,0x4E19,0x4E19,
  0x4E19,0x4E19,0x4E19,0x4E19,0x4E19,0x4E19,0x4E19,0x4E19,0x4E19,0x4E19,0x4E19,0x4E19,0x4E19,0x4E19,0x4E19,0x4E19,
  0x4E19,0x4E19,0x4E19,0x4E19,0x4E19,0x4E19,0x4E19,0x4E19,0x4E19,0x4E19,0x4E19,0x4E19,0x4E19,0x4E19,0x4E19,0x4E19,
  0x4E19,0x4E19,0x4E19,0x4E19,0x4E19,0x4E19,0x4E19,0x4E19,0x4E19,0x4E19,0x4E19,0x4E19,0x4E19,0x4E19,0x4E19,0x4E19,
  0x4E19,0x4E19,0x4E19,0x4E19,0x4E19,0x4E19,0x4E19,0x4E19,0x4E19,0x4E19,0x4E19,0x4E19,0x4E19,0x4E19,0x4E19,0x4E19,
  0x4E19,0x4E19,0x4E19,0x4E19,0x4E19,0x4E19,0x4E19,0x4E19,0x4E19,0x4E19,0x4E19,0x4E19,0x4E19,0x4E19,0x4E19,0x4E19,
  0x4E19,0x4E19,0x4E19,0x4E19,0x4E19,0x4E19,0x4E19,0x4E19,0x4E19,0x4E19,0x4E19,0x4E19,0x4E19,0x4E19,0x4E19,0x4E19,
  0x4E19,0x4E19,0x4E19,0x4E19,0x4E19,0x4E19,0x4E19,0x4E19,0x4E19,0x4E19,0x4E19,0x4E19,0x4E19,0x4E19,0x4E19,0x4E19,
  0x4E19,0x4E19,0x4E19,0x4E19,0x4E19,0x4E19,0x4E19,0x4E19,0x4E19,0x4E19,0x4E19,0x4E19,0x4E19,0x4E19,0x4E19,0x4E19,
  0x4E19,0x4E19,0x4E19,0x4E19,0x4E19,0x4E19,0x4E19,0x4E19,0x4E19,0x4E19,0x4E19,0x4E19,0x4E19,0x4E19,0x4E19,0x4E19,
  0x4E19,0x4E19,0x4E19,0x4E19,0x4E19,0x4E19,0x4E19,0x4E19,0x4E19,0x4E19,0x4E19,0x4E19,0x4E19,0x4E19,0x4E19,0x4E19,
  0x4E19,0x4E19,0x4E19,0x4E19,0x4E19,0x4E19,0x4E19,0x4E19,0x4E19,0x4E19,0x4E19,0x4E19,0x4E19,0x4E19,0x4E19,0x4E19,
  0x4E19,0x4E19,0x4E19,0x4E19,0x4E19,0x4E19,0x4E19,0x4E19,0x4E19,0x4E19,0x4E19,0x4E19,0x4E19,0x4E19,0x4E19,0x4E19,
  0x4E19,0x4E19,0x4E19,0x4E19,0x4E19,0x4E19,0x4E19,0x4E19,0x4E19,0x4E19,0x4E19,0x4E19,0x4E19,0x4E19,0x4E19,0x4E19,
  0x4E19,0x4E19,0x4E19,0x4E19,0x4E19,0x4E19,0x4E19,0x4E19,0x4E19,0x4E19,0x4E19,0x4E19,0x4E19,0x4E19,0x4E19,0x4E19,
  0x4E19,0x4E19,0x4E19,0x4E19,0x4E19,0x4E19,0x4E19,0x4E19,0x4E19,0x4E19,0x4E19,0x4E19,0x4E19,0x4E19,0x4E19,0x4E19,
  0x4E19,0x4E19,0x4E19,0x4E19,0x4E19,0x4E19,0x4E19,0x4E19,0x4E19,0x4E19,0x4E19,0x4E19,0x4E19,0x4E19,0x4E19,0x4E19,
  0x4E19,0x4E19,0x4E19,0x4E19,0x4E19,0x4E19,0x4E19,0x4E19,0x4E19,0x4E19,0x4E19,0x4E19,0x4E19,0x4E19,0x4E19,0x4E19,
  0x4E19,0x4E19,0x4E19,0x4E19,0x4E19,0x4E19,0x4E19,0x4E19,0x4E19,0x4E19,0x4E19,0x4E19,0x4E19,0x4E19,0x4E19,0x4E19,
  0x4E19,0x4E19,0x4E19,0x4E19,0x4E19,0x4E19,0x4E19,0x4E19,0x4E19,0x4E19,0x4E19,0x4E19,0x4E19,0x4E19,0x4E19,0x4E19,
  0x4E19,0x4E19,0x4E19,0x4E19,0x4E19,0x4E19,0x4E19,0x4E19,0x4E19,0x4E19,0x4E19,0x4E19,0x4E19,0x4E19,0x4E19,0x4E19,
  0x4E19,0x4E19,0x4E19,0x4E19,0x4E19,0x4E19,0x4E19,0x4E19,0x4E19,0x4E19,0x4E19,0x4E19,0x4E19,0x4E19,0x4E19,0x4E19,
  0x4E19,0x4E19,0x4E19,0x4E19,0x4E19,0x4E19,0x4E19,0x4E19,0x4E19,0x4E19,0x4E19,0x4E19,0x4E19,0x4E19,0x4E19,0x4E19,
  0x4E19,0x4E19,0x4E19,0x4E19,0x4E19,0x4E19,0x4E19,0x4E19,0x4E19,0x4E19,0x4E19,0x4E19,0x4E19,0x4E19,0x4E19,0x4E19,
  0x4E19,0x4E19,0x4E19,0x4E19,0x4E19,0x4E19,0x4E19,0x4E19,0x4E19,0x4E19,0x4E19,0x4E19,0x4E19,0x4E19,0x4E19,0x4E19,
  0x4E19,0x4E19,0x4E19,0x4E19,0x4E19,0x4E19,0x4E19,0x4E19,0x4E19,0x4E19,0x4E19,0x4E19,0x4E19,0x4E19,0x4E19,0x4E19,
  0x4E19,0x4E19,0x4E19,0x4E19,0x4E19,0x4E19,0x4E19,0x4E19,0x4E19,0x4E19,0x4E19,0x4E19,0x4E19,0x4E19,0x4E19,0x4E19,
  0x4E19,0x4E19,0x4E19,0x4E19,0x4E19,0x4E19,0x4E19,0x4E19,0x4E19,0x4E19,0x4E19,0x4E19,0x4E19,0x4E19,0x4E19,0x4E19,
  0x4E19,0x4E19,0x4E19,0x4E19,0x4E19,0x4E19,0x4E19,0x4E19,0x4E19,0x4E19,0x4E19,0x4E19,0x4E19,0x4E19,0x4E19,0x4E19,
  0x4E19,0x4E19,0x4E19,0x4E19,0x4E19,0x4E19,0x4E19,0x4E19,0x4E19,0x4E19,0x4E19,0x4E19,0x4E19,0x4E19,0x4E19,0x4E19,
  0x4E19,0x4E19,0x4E19,0x4E19,0x4E19,0x4E19,0x4E19,0x4E19,0x4E19,0x4E19,0x4E19,0x4E19,0x4E19,0x4E19,0x4E19,0x4E19,
  0x4E19,0x4E19,0x4E19,0x4E19,0x4E19,0x4E19,0x4E19,0x4E19,0x4E19,0x4E19,0x4E19,0x4E19,0x4E19,0x4E19,0x4E19,0x4E19,
  0x4E19,0x4E19,0x4E19,0x4E19,0x4E19,0x4E19,0x4E19,0x4E19,0x4E19,0x4E19,0x4E19,0x4E19,0x4E19,0x4E19,0x4E19,0x4E19,
  0x4E19,0x4E19,0x4E19,0x4E19,0x4E19,0x4E19,0x4E19,0x4E19,0x4E19,0x4E19,0x4E19,0x4E19,0x4E19,0x4E19,0x4E19,0x4E19,
  0x4E19,0x4E19,0x4E19,0x4E19,0x4E19,0x4E19,0x4E19,0x4E19,0x4E19,0x4E19,0x4E19,0x4E19,0x4E19,0x4E19,0x4E19,0x4E19,
  0x4E19,0x4E19,0x4E19,0x4E19,0x4E19,0x4E19,0x4E19,0x4E19,0x4E19,0x4E19,0x4E19,0x4E19,0x4E19,0x4E19,0x4E19,0x4E19,
  0x4E19,0x4E19,0x4E19,0x4E19,0x4E19,0x4E19,0x4E19,0x4E19,0x4E19,0x4E19,0x4E19,0x4E19,0x4E19,0x4E19,0x4E19,0x4E19,
  0x4E19,0x4E19,0x4E19,0x4E19,0x4E19,0x4E19,0x4E19,0x4E19,0x4E19,0x4E19,0x4E19,0x4E19,0x4E19,0x4E19,0x4E19,0x4E19,
  0x4E19,0x4E19,0x4E19,0x4E19,0x4E19,0x4E19,0x4E19,0x4E19,0x4E19,0x4E19,0x4E19,0x4E19,0x4E19,0x4E19,0x4E19,0x4E19,
  0x4E19,0x4E19,0x4E19,0x4E19,0x4E19,0x4E19,0x4E19,0x4E19,0x4E19,0x4E19,0x4E19,0x4E19,0x4E19,0x4E19,0x4E19,0x4E19,
  0x4E19,0x4E19,0x4E19,0x4E19,0x4E19,0x4E19,0x4E19,0x4E19,0x4E19,0x4E19,0x4E19,0x4E19,0x4E19,0x4E19,0x4E19,0x4E19,
  0x4E19,0x4E19,0x4E19,0x4E19,0x4E19,0x4E19,0x4E19,0x4E19,0x4E19,0x4E19,0x4E19,0x4E19,0x4E19,0x4E19,0x4E19,0x4E19,
  0x4E19,0x4E19,0x4E19,0x4E19,0x4E19,0x4E19,0x4E19,0x4E19,0x4E19,0x4E19,0x4E19,0x4E19,0x4E19,0x4E19,0x4E19,0x4E19,
  0x4E19,0x4E19,0x4E19,0x4E19,0x4E19,0x4E19,0x4E19,0x4E19,0x4E19,0x4E19,0x4E19,0x4E19,0x4E19,0x4E19,0x4E19,0x4E19,
  0x4E19,0x4E19,0x4E19,0x4E19,0x4E19,0x4E19,0x4E19,0x4E19,0x4E19,0x4E19,0x4E19,0x4E19,0x4E19,0x4E19,0x4E19,0x4E19,
  0x4E19,0x4E19,0x4E19,0x4E19,0x4E19,0x4E19,0x4E19,0x4E19,0x4E19,0x4E19,0x4E19,0x4E19,0x4E19,0x4E19,0x4E19,0x4E19,
  0x4E19,0x4E19,0x4E19,0x4E19,0x4E19,0x4E19,0x4E19,0x4E19,0x4E19,0x4E19,0x4E19,0x4E19,0x4E19,0x4E19,0x4E19,0x4E19,
  0x4E19,0x4E19,0x4E19,0x4E19,0x4E19,0x4E19,0x4E19,0x4E19,0x4E19,0x4E19,0x4E19,0x4E19,0x4E19,0x4E19,0x4E19,0x4E19,
  0x4E19,0x4E19,0x4E19,0x4E19,0x4E19,0x4E19,0x4E19,0x4E19,0x4E19,0x4E19,0x4E19,0x4E19,0x4E19,0x4E19,0x4E19,0x4E19,
  0x4E19,0x4E19,0x4E19,0x4E19,0x4E19,0x4E19,0x4E19,0x4E19,0x4E19,0x4E19,0x4E19,0x4E19,0x4E19,0x4E19,0x4E19,0x4E19,
  0x4E19,0x4E19,0x4E19,0x4E19,0x4E19,0x4E19,0x4E19,0x4E19,0x4E19,0x4E19,0x4E19,0x4E19,0x4E19,0x4E19,0x4E19,0x4E19,
  0x4E19,0x4E19,0x4E19,0x4E19,0x4E19,0x4E19,0x4E19,0x4E19,0x4E19,0x4E19,0x4E19,0x4E19,0x4E19,0x4E19,0x4E19,0x4E19,
  0x4E19,0x4E19,0x4E19,0x4E19,0x4E19,0x4E19,0x4E19,0x4E19,0x4E19,0x4E19,0x4E19,0x4E19,0x4E19,0x4E19,0x4E19,0x4E19,
  0x4E19,0x4E19,0x4E19,0x4E19,0x4E19,0x4E19,0x4E19,0x4E19,0x4E19,0x4E19,0x4E19,0x4E19,0x4E19,0x4E19,0x4E19,0x4E19,
  0x4E19,0x4E19,0x4E19,0x4E19,0x4E19,0x4E19,0x4E19,0x4E19,0x4E19,0x4E19,0x4E19,0x4E19,0x4E19,0x4E19,0x4E19,0x4E19,
  0x4E19,0x4E19,0x4E19,0x4E19,0x4E19,0x4E19,0x4E19,0x4E19,0x4E19,0x4E19,0x4E19,0x4E19,0x4E19,0x4E19,0x4E19,0x4E19,
  0x4E19,0x4E19,0x4E19,0x4E19,0x4E19,0x4E19,0x4E19,0x4E19,0x4E19,0x4E19,0x4E19,0x4E19,0x4E19,0x4E19,0x4E19,0x4E19,
  0x4E19,0x4E19,0x4E19,0x4E19,0x4E19,0x4E19,0x4E19,0x4E19,0x4E19,0x4E19,0x4E19,0x4E19,0x4E19,0x4E19,0x4E19,0x4E19,
  0x4E19,0x4E19,0x4E19,0x4E19,0x4E19,0x4E19,0x4E19,0x4E19,0x4E19,0x4E19,0x4E19,0x4E19,0x4E19,0x4E19,0x4E19,0x4E19,
  0x4E19,0x4E19,0x4E19,0x4E19,0x4E19,0x4E19,0x4E19,0x4E19,0x4E19,0x4E19,0x4E19,0x4E19,0x4E19,0x4E19,0x4E19,0x4E19,
  0x4E19,0x4E19,0x4E19,0x4E19,0x4E19,0x4E19,0x4E19,0x4E19,0x4E19,0x4E19,0x4E19,0x4E19,0x4E19,0x4E19,0x4E19,0x4E19,
  0x4E19,0x4E19,0x4E19,0x4E19,0x4E19,0x4E19,0x4E19,0x4E19,0x4E19,0x4E19,0x4E19,0x4E19,0x4E19,0x4E19,0x4E19,0x4E19,
  0x4E19,0x4E19,0x4E19,0x4E19,0x4E19,0x4E19,0x4E19,0x4E19,0x4E19,0x4E19,0x4E19,0x4E19,0x4E19,0x4E19,0x4E19,0x4E19,
  0x4E19,0x4E19,0x4E19,0x4E19,0x4E19,0x4E19,0x4E19,0x4E19,0x4E19,0x4E19,0x4E19,0x4E19,0x4E19,0x4E19,0x4E19,0x4E19,
  0x4E19,0x4E19,0x4E19,0x4E19,0x4E19,0x4E19,0x4E19,0x4E19,0x4E19,0x4E19,0x4E19,0x4E19,0x4E19,0x4E19,0x4E19,0x4E19,
  0x4E19,0x4E19,0x4E19,0x4E19,0x4E19,0x4E19,0x4E19,0x4E19,0x4E19,0x4E19,0x4E19,0x4E19,0x4E19,0x4E19,0x4E19,0x4E19,
  0x4E19,0x4E19,0x4E19,0x4E19,0x4E19,0x4E19,0x4E19,0x4E19,0x4E19,0x4E19,0x4E19,0x4E19,0x4E19,0x4E19,0x4E19,0x4E19,
  0x4E19,0x4E19,0x4E19,0x4E19,0x4E19,0x4E19,0x4E19,0x4E19,0x4E19,0x4E19,0x4E19,0x4E19,0x4E19,0x4E19,0x4E19,0x4E19,
  0x4E19,0x4E19,0x4E19,0x4E19,0x4E19,0x4E19,0x4E19,0x4E19,0x4E19,0x4E19,0x4E19,0x4E19,0x4E19,0x4E19,0x4E19,0x4E19,
  0x4E19,0x4E19,0x4E19,0x4E19,0x4E19,0x4E19,0x4E19,0x4E19,0x4E19,0x4E19,0x4E19,0x4E19,0x4E19,0x4E19,0x4E19,0x4E19,
  0x4E19,0x4E19,0x4E19,0x4E19,0x4E19,0x4E19,0x4E19,0x4E19,0x4E19,0x4E19,0x4E19,0x4E19,0x4E19,0x4E19,0x4E19,0x4E19,
  0x4E19,0x4E19,0x4E19,0x4E19,0x4E19,0x4E19,0x4E19,0x4E19,0x4E19,0x4E19,0x4E19,0x4E19,0x4E19,0x4E19,0x4E19,0x4E19,
  0x4E19,0x4E19,0x4E19,0x4E19,0x4E19,0x4E19,0x4E19,0x4E19,0x4E19,0x4E19,0x4E19,0x4E19,0x4E19,0x4E19,0x4E19,0x4E19,
  0x4E19,0x4E19,0x4E19,0x4E19,0x4E19,0x4E19,0x4E19,0x4E19,0x4E19,0x4E19,0x4E19,0x4E19,0x4E19,0x4E19,0x4E19,0x4E19,
  0x4E19,0x4E19,0x4E19,0x4E19,0x4E19,0x4E19,0x4E19,0x4E19,0x4E19,0x4E19,0x4E19,0x4E19,0x4E19,0x4E19,0x4E19,0x4E19,
  0x4E19,0x4E19,0x4E19,0x4E19,0x4E19,0x4E19,0x4E19,0x4E19,0x4E19,0x4E19,0x4E19,0x4E19,0x4E19,0x4E19,0x4E19,0x4E19,
  0x4E19,0x4E19,0x4E19,0x4E19,0x4E19,0x4E19,0x4E19,0x4E19,0x4E19,0x4E19,0x4E19,0x4E19,0x4E19,0x4E19,0x4E19,0x4E19,
  0x4E19,0x4E19,0x4E19,0x4E19,0x4E19,0x4E19,0x4E19,0x4E19,0x4E19,0x4E19,0x4E19,0x4E19,0x4E19,0x4E19,0x4E19,0x4E19,
  0x4E19,0x4E19,0x4E19,0x4E19,0x4E19,0x4E19,0x4E19,0x4E19,0x4E19,0x4E19,0x4E19,0x4E19,0x4E19,0x4E19,0x4E19,0x4E19,
  0x4E19,0x4E19,0x4E19,0x4E19,0x4E19,0x4E19,0x4E19,0x4E19,0x4E19,0x4E19,0x4E19,0x4E19,0x4E19,0x4E19,0x4E19,0x4E19,
  0x4E19,0x4E19,0x4E19,0x4E19,0x4E19,0x4E19,0x4E19,0x4E19,0x4E19,0x4E19,0x4E19,0x4E19,0x4E19,0x4E19,0x4E19,0x4E19,
  0x4E19,0x4E19,0x4E19,0x4E19,0x4E19,0x4E19,0x4E19,0x4E19,0x4E19,0x4E19,0x4E19,0x4E19,0x4E19,0x4E19,0x4E19,0x4E19,
  0x4E19,0x4E19,0x4E19,0x4E19,0x4E19,0x4E19,0x4E19,0x4E19,0x4E19,0x4E19,0x4E19,0x4E19,0x4E19,0x4E19,0x4E19,0x4E19,
  0x4E19,0x4E19,0x4E19,0x4E19,0x4E19,0x4E19,0x4E19,0x4E19,0x4E19,0x4E19,0x4E19,0x4E19,0x4E19,0x4E19,0x4E19,0x4E19,
  0x4E19,0x4E19,0x4E19,0x4E19,0x4E19,0x4E19,0x4E19,0x4E19,0x4E19,0x4E19,0x4E19,0x4E19,0x4E19,0x4E19,0x4E19,0x4E19,
  0x4E19,0x4E19,0x4E19,0x4E19,0x4E19,0x4E19,0x4E19,0x4E19,0x4E19,0x4E19,0x4E19,0x4E19,0x4E19,0x4E19,0x4E19,0x4E19,
  0x4E19,0x4E19,0x4E19,0x4E19,0x4E19,0x4E19,0x4E19,0x4E19,0x4E19,0x4E19,0x4E19,0x4E19,0x4E19,0x4E19,0x4E19,0x4E19,
  0x4E19,0x4E19,0x4E19,0x4E19,0x4E19,0x4E19,0x4E19,0x4E19,0x4E19,0x4E19,0x4E19,0x4E19,0x4E19,0x4E19,0x4E19,0x4E19,
  0x4E19,0x4E19,0x4E19,0x4E19,0x4E19,0x4E19,0x4E19,0x4E19,0x4E19,0x4E19,0x4E19,0x4E19,0x4E19,0x4E19,0x4E19,0x4E19,
  0x4E19,0x4E19,0x4E19,0x4E19,0x4E19,0x4E19,0x4E19,0x4E19,0x4E19,0x4E19,0x4E19,0x4E19,0x4E19,0x4E19,0x4E19,0x4E19,
  0x4E19,0x4E19,0x4E19,0x4E19,0x4E19,0x4E19,0x4E19,0x4E19,0x4E19,0x4E19,0x4E19,0x4E19,0x4E19,0x4E19,0x4E19,0x4E19,
  0x4E19,0x4E19,0x4E19,0x4E19,0x4E19,0x4E19,0x4E19,0x4E19,0x4E19,0x4E19,0x4E19,0x4E19,0x4E19,0x4E19,0x4E19,0x4E19,
  0x4E19,0x4E19,0x4E19,0x4E19,0x4E19,0x4E19,0x4E19,0x4E19,0x4E19,0x4E19,0x4E19,0x4E19,0x4E19,0x4E19,0x4E19,0x4E19,
  0x4E19,0x4E19,0x4E19,0x4E19,0x4E19,0x4E19,0x4E19,0x4E19,0x4E19,0x4E19,0x4E19,0x4E19,0x4E19,0x4E19,0x4E19,0x4E19,
  0x4E19,0x4E19,0x4E19,0x4E19,0x4E19,0x4E19,0x4E19,0x4E19,0x4E19,0x4E19,0x4E19,0x4E19,0x4E19,0x4E19,0x4E19,0x4E19,
  0x4E19,0x4E19,0x4E19,0x4E19,0x4E19,0x4E19,0x4E19,0x4E19,0x4E19,0x4E19,0x4E19,0x4E19,0x4E19,0x4E19,0x4E19,0x4E19,
  0x4E19,0x4E19,0x4E19,0x4E19,0x4E19,0x4E19,0x4E19,0x4E19,0x4E19,0x4E19,0x4E19,0x4E19,0x4E19,0x4E19,0x4E19,0x4E19,
  0x4E19,0x4E19,0x4E19,0x4E19,0x4E19,0x4E19,0x4E19,0x4E19,0x4E19,0x4E19,0x4E19,0x4E19,0x4E19,0x4E19,0x4E19,0x4E19,
  0x4E19,0x4E19,0x4E19,0x4E19,0x4E19,0x4E19,0x4E19,0x4E19,0x4E19,0x4E19,0x4E19,0x4E19,0x4E19,0x4E19,0x4E19,0x4E19,
  0x4E19,0x4E19,0x4E19,0x4E19,0x4E19,0x4E19,0x4E19,0x4E19,0x4E19,0x4E19,0x4E19,0x4E19,0x4E19,0x4E19,0x4E19,0x4E19,
  0x4E19,0x4E19,0x4E19,0x4E19,0x4E19,0x4E19,0x4E19,0x4E19,0x4E19,0x4E19,0x4E19,0x4E19,0x4E19,0x4E19,0x4E19,0x4E19,
  0x4E19,0x4E19,0x4E19,0x4E19,0x4E19,0x4E19,0x4E19,0x4E19,0x4E19,0x4E19,0x4E19,0x4E19,0x4E19,0x4E19,0x4E19,0x4E19,
  0x4E19,0x4E19,0x4E19,0x4E19,0x4E19,0x4E19,0x4E19,0x4E19,0x4E19,0x4E19,0x4E19,0x4E19,0x4E19,0x4E19,0x4E19,0x4E19,
  0x4E19,0x4E19,0x4E19,0x4E19,0x4E19,0x4E19,0x4E19,0x4E19,0x4E19,0x4E19,0x4E19,0x4E19,0x4E19,0x4E19,0x4E19,0x4E19,
  0x4E19,0x4E19,0x4E19,0x4E19,0x4E19,0x4E19,0x4E19,0x4E19,0x4E19,0x4E19,0x4E19,0x4E19,0x4E19,0x4E19,0x4E19,0x4E19,
  0x4E19,0x4E19,0x4E19,0x4E19,0x4E19,0x4E19,0x4E19,0x4E19,0x4E19,0x4E19,0x4E19,0x4E19,0x4E19,0x4E19,0x4E19,0x4E19,
  0x4E19,0x4E19,0x4E19,0x4E19,0x4E19,0x4E19,0x4E19,0x4E19,0x4E19,0x4E19,0x4E19,0x4E19,0x4E19,0x4E19,0x4E19,0x4E19,
  0x4E19,0x4E19,0x4E19,0x4E19,0x4E19,0x4E19,0x4E19,0x4E19,0x4E19,0x4E19,0x4E19,0x4E19,0x4E19,0x4E19,0x4E19,0x4E19,
  0x4E19,0x4E19,0x4E19,0x4E19,0x4E19,0x4E19,0x4E19,0x4E19,0x4E19,0x4E19,0x4E19,0x4E19,0x4E19,0x4E19,0x4E19,0x4E19,
  0x4E19,0x4E19,0x4E19,0x4E19,0x4E19,0x4E19,0x4E19,0x4E19,0x4E19,0x4E19,0x4E19,0x4E19,0x4E19,0x4E19,0x4E19,0x4E19,
  0x4E19,0x4E19,0x4E19,0x4E19,0x4E19,0x4E19,0x4E19,0x4E19,0x4E19,0x4E19,0x4E19,0x4E19,0x4E19,0x4E19,0x4E19,0x4E19,
  0x4E19,0x4E19,0x4E19,0x4E19,0x4E19,0x4E19,0x4E19,0x4E19,0x4E19,0x4E19,0x4E19,0x4E19,0x4E19,0x4E19,0x4E19,0x4E19,
  0x4E19,0x4E19,0x4E19,0x4E19,0x4E19,0x4E19,0x4E19,0x4E19,0x4E19,0x4E19,0x4E19,0x4E19,0x4E19,0x4E19,0x4E19,0x4E19,
  0x4E19,0x4E19,0x4E19,0x4E19,0x4E19,0x4E19,0x4E19,0x4E19,0x4E19,0x4E19,0x4E19,0x4E19,0x4E19,0x4E19,0x4E19,0x4E19,
  0x4E19,0x4E19,0x4E19,0x4E19,0x4E19,0x4E19,0x4E19,0x4E19,0x4E19,0x4E19,0x4E19,0x4E19,0x4E19,0x4E19,0x4E19,0x4E19,
  0x4E19,0x4E19,0x4E19,0x4E19,0x4E19,0x4E19,0x4E19,0x4E19,0x4E19,0x4E19,0x4E19,0x4E19,0x4E19,0x4E19,0x4E19,0x4E19,
  0x4E19,0x4E19,0x4E19,0x4E19,0x4E19,0x4E19,0x4E19,0x4E19,0x4E19,0x4E19,0x4E19,0x4E19,0x4E19,0x4E19,0x4E19,0x4E19,
  0x4E19,0x4E19,0x4E19,0x4E19,0x4E19,0x4E19,0x4E19,0x4E19,0x4E19,0x4E19,0x4E19,0x4E19,0x4E19,0x4E19,0x4E19,0x4E19,
  0x4E19,0x4E19,0x4E19,0x4E19,0x4E19,0x4E19,0x4E19,0x4E19,0x4E19,0x4E19,0x4E19,0x4E19,0x4E19,0x4E19,0x4E19,0x4E19,
  0x4E19,0x4E19,0x4E19,0x4E19,0x4E19,0x4E19,0x4E19,0x4E19,0x4E19,0x4E19,0x4E19,0x4E19,0x4E19,0x4E19,0x4E19,0x4E19,
  0x4E19,0x4E19,0x4E19,0x4E19,0x4E19,0x4E19,0x4E19,0x4E19,0x4E19,0x4E19,0x4E19,0x4E19,0x4E19,0x4E19,0x4E19,0x4E19,
  0x4E19,0x4E19,0x4E19,0x4E19,0x4E19,0x4E19,0x4E19,0x4E19,0x4E19,0x4E19,0x4E19,0x4E19,0x4E19,0x4E19,0x4E19,0x4E19,
  0x4E19,0x4E19,0x4E19,0x4E19,0x4E19,0x4E19,0x4E19,0x4E19,0x4E19,0x4E19,0x4E19,0x4E19,0x4E19,0x4E19,0x4E19,0x4E19,
  0x4E19,0x4E19,0x4E19,0x4E19,0x4E19,0x4E19,0x4E19,0x4E19,0x4E19,0x4E19,0x4E19,0x4E19,0x4E19,0x4E19,0x4E19,0x4E19,
  0x4E19,0x4E19,0x4E19,0x4E19,0x4E19,0x4E19,0x4E19,0x4E19,0x4E19,0x4E19,0x4E19,0x4E19,0x4E19,0x4E19,0x4E19,0x4E19,
  0x4E19,0x4E19,0x4E19,0x4E19,0x4E19,0x4E19,0x4E19,0x4E19,0x4E19,0x4E19,0x4E19,0x4E19,0x4E19,0x4E19,0x4E19,0x4E19,
  0x4E19,0x4E19,0x4E19,0x4E19,0x4E19,0x4E19,0x4E19,0x4E19,0x4E19,0x4E19,0x4E19,0x4E19,0x4E19,0x4E19,0x4E19,0x4E19,
  0x4E19,0x4E19,0x4E19,0x4E19,0x4E19,0x4E19,0x4E19,0x4E19,0x4E19,0x4E19,0x4E19,0x4E19,0x4E19,0x4E19,0x4E19,0x4E19,
  0x4E19,0x4E19,0x4E19,0x4E19,0x4E19,0x4E19,0x4E19,0x4E19,0x4E19,0x4E19,0x4E19,0x4E19,0x4E19,0x4E19,0x4E19,0x4E19,
  0x4E19,0x4E19,0x4E19,0x4E19,0x4E19,0x4E19,0x4E19,0x4E19,0x4E19,0x4E19,0x4E19,0x4E19,0x4E19,0x4E19,0x4E19,0x4E19,
  0x4E19,0x4E19,0x4E19,0x4E19,0x4E19,0x4E19,0x4E19,0x4E19,0x4E19,0x4E19,0x4E19,0x4E19,0x4E19,0x4E19,0x4E19,0x4E19,
  0x4E19,0x4E19,0x4E19,0x4E19,0x4E19,0x4E19,0x4E19,0x4E19,0x4E19,0x4E19,0x4E19,0x4E19,0x4E19,0x4E19,0x4E19,0x4E19,
  0x4E19,0x4E19,0x4E19,0x4E19,0x4E19,0x4E19,0x4E19,0x4E19,0x4E19,0x4E19,0x4E19,0x4E19,0x4E19,0x4E19,0x4E19,0x4E19,
  0x4E19,0x4E19,0x4E19,0x4E19,0x4E19,0x4E19,0x4E19,0x4E19,0x4E19,0x4E19,0x4E19,0x4E19,0x4E19,0x4E19,0x4E19,0x4E19,
  0x4E19,0x4E19,0x4E19,0x4E19,0x4E19,0x4E19,0x4E19,0x4E19,0x4E19,0x4E19,0x4E19,0x4E19,0x4E19,0x4E19,0x4E19,0x4E19,
  0x4E19,0x4E19,0x4E19,0x4E19,0x4E19,0x4E19,0x4E19,0x4E19,0x4E19,0x4E19,0x4E19,0x4E19,0x4E19,0x4E19,0x4E19,0x4E19,
  0x4E19,0x4E19,0x4E19,0x4E19,0x4E19,0x4E19,0x4E19,0x4E19,0x4E19,0x4E19,0x4E19,0x4E19,0x4E19,0x4E19,0x4E19,0x4E19,
  0x4E19,0x4E19,0x4E19,0x4E19,0x4E19,0x4E19,0x4E19,0x4E19,0x4E19,0x4E19,0x4E19,0x4E19,0x4E19,0x4E19,0x4E19,0x4E19,
  0x4E19,0x4E19,0x4E19,0x4E19,0x4E19,0x4E19,0x4E19,0x4E19,0x4E19,0x4E19,0x4E19,0x4E19,0x4E19,0x4E19,0x4E19,0x4E19,
  0x4E19,0x4E19,0x4E19,0x4E19,0x4E19,0x4E19,0x4E19,0x4E19,0x4E19,0x4E19,0x4E19,0x4E19,0x4E19,0x4E19,0x4E19,0x4E19,
  0x4E19,0x4E19,0x4E19,0x4E19,0x4E19,0x4E19,0x4E19,0x4E19,0x4E19,0x4E19,0x4E19,0x4E19,0x4E19,0x4E19,0x4E19,0x4E19,
  0x4E19,0x4E19,0x4E19,0x4E19,0x4E19,0x4E19,0x4E19,0x4E19,0x4E19,0x4E19,0x4E19,0x4E19,0x4E19,0x4E19,0x4E19,0x4E19,
  0x4E19,0x4E19,0x4E19,0x4E19,0x4E19,0x4E19,0x4E19,0x4E19,0x4E19,0x4E19,0x4E19,0x4E19,0x4E19,0x4E19,0x4E19,0x4E19,
  0x4E19,0x4E19,0x4E19,0x4E19,0x4E19,0x4E19,0x4E19,0x4E19,0x4E19,0x4E19,0x4E19,0x4E19,0x4E19,0x4E19,0x4E19,0x4E19,
  0x4E19,0x4E19,0x4E19,0x4E19,0x4E19,0x4E19,0x4E19,0x4E19,0x4E19,0x4E19,0x4E19,0x4E19,0x4E19,0x4E19,0x4E19,0x4E19,
  0x4E19,0x4E19,0x4E19,0x4E19,0x4E19,0x4E19,0x4E19,0x4E19,0x4E19,0x4E19,0x4E19,0x4E19,0x4E19,0x4E19,0x4E19,0x4E19,
  0x4E19,0x4E19,0x4E19,0x4E19,0x4E19,0x4E19,0x4E19,0x4E19,0x4E19,0x4E19,0x4E19,0x4E19,0x4E19,0x4E19,0x4E19,0x4E19,
  0x4E19,0x4E19,0x4E19,0x4E19,0x4E19,0x4E19,0x4E19,0x4E19,0x4E19,0x4E19,0x4E19,0x4E19,0x4E19,0x4E19,0x4E19,0x4E19,
  0x4E19,0x4E19,0x4E19,0x4E19,0x4E19,0x4E19,0x4E19,0x4E19,0x4E19,0x4E19,0x4E19,0x4E19,0x4E19,0x4E19,0x4E19,0x4E19,
  0x4E19,0x4E19,0x4E19,0x4E19,0x4E19,0x4E19,0x4E19,0x4E19,0x4E19,0x4E19,0x4E19,0x4E19,0x4E19,0x4E19,0x4E19,0x4E19,
  0x4E19,0x4E19,0x4E19,0x4E19,0x4E19,0x4E19,0x4E19,0x4E19,0x4E19,0x4E19,0x4E19,0x4E19,0x4E19,0x4E19,0x4E19,0x4E19,
  0x4E19,0x4E19,0x4E19,0x4E19,0x4E19,0x4E19,0x4E19,0x4E19,0x4E19,0x4E19,0x4E19,0x4E19,0x4E19,0x4E19,0x4E19,0x4E19,
  0x4E19,0x4E19,0x4E19,0x4E19,0x4E19,0x4E19,0x4E19,0x4E19,0x4E19,0x4E19,0x4E19,0x4E19,0x4E19,0x4E19,0x4E19,0x4E19,
  0x4E19,0x4E19,0x4E19,0x4E19,0x4E19,0x4E19,0x4E19,0x4E19,0x4E19,0x4E19,0x4E19,0x4E19,0x4E19,0x4E19,0x4E19,0x4E19,
  0x4E19,0x4E19,0x4E19,0x4E19,0x4E19,0x4E19,0x4E19,0x4E19,0x4E19,0x4E19,0x4E19,0x4E19,0x4E19,0x4E19,0x4E19,0x4E19,
  0x4E19,0x4E19,0x4E19,0x4E19,0x4E19,0x4E19,0x4E19,0x4E19,0x4E19,0x4E19,0x4E19,0x4E19,0x4E19,0x4E19,0x4E19,0x4E19,
  0x4E19,0x4E19,0x4E19,0x4E19,0x4E19,0x4E19,0x4E19,0x4E19,0x4E19,0x4E19,0x4E19,0x4E19,0x4E19,0x4E19,0x4E19,0x4E19,
  0x4E19,0x4E19,0x4E19,0x4E19,0x4E19,0x4E19,0x4E19,0x4E19,0x4E19,0x4E19,0x4E19,0x4E19,0x4E19,0x4E19,0x4E19,0x4E19,
  0x4E19,0x4E19,0x4E19,0x4E19,0x4E19,0x4E19,0x4E19,0x4E19,0x4E19,0x4E19,0x4E19,0x4E19,0x4E19,0x4E19,0x4E19,0x4E19,
  0x4E19,0x4E19,0x4E19,0x4E19,0x4E19,0x4E19,0x4E19,0x4E19,0x4E19,0x4E19,0x4E19,0x4E19,0x4E19,0x4E19,0x4E19,0x4E19,
  0x4E19,0x4E19,0x4E19,0x4E19,0x4E19,0x4E19,0x4E19,0x4E19,0x4E19,0x4E19,0x4E19,0x4E19,0x4E19,0x4E19,0x4E19,0x4E19,
  0x4E19,0x4E19,0x4E19,0x4E19,0x4E19,0x4E19,0x4E19,0x4E19,0x4E19,0x4E19,0x4E19,0x4E19,0x4E19,0x4E19,0x4E19,0x4E19,
  0x4E19,0x4E19,0x4E19,0x4E19,0x4E19,0x4E19,0x4E19,0x4E19,0x4E19,0x4E19,0x4E19,0x4E19,0x4E19,0x4E19,0x4E19,0x4E19,
  0x4E19,0x4E19,0x4E19,0x4E19,0x4E19,0x4E19,0x4E19,0x4E19,0x4E19,0x4E19,0x4E19,0x4E19,0x4E19,0x4E19,0x4E19,0x4E19,
  0x4E19,0x4E19,0x4E19,0x4E19,0x4E19,0x4E19,0x4E19,0x4E19,0x4E19,0x4E19,0x4E19,0x4E19,0x4E19,0x4E19,0x4E19,0x4E19,
  0x4E19,0x4E19,0x4E19,0x4E19,0x4E19,0x4E19,0x4E19,0x4E19,0x4E19,0x4E19,0x4E19,0x4E19,0x4E19,0x4E19,0x4E19,0x4E19,
  0x4E19,0x4E19,0x4E19,0x4E19,0x4E19,0x4E19,0x4E19,0x4E19,0x4E19,0x4E19,0x4E19,0x4E19,0x4E19,0x4E19,0x4E19,0x4E19,
  0x4E19,0x4E19,0x4E19,0x4E19,0x4E19,0x4E19,0x4E19,0x4E19,0x4E19,0x4E19,0x4E19,0x4E19,0x4E19,0x4E19,0x4E19,0x4E19,
  0x4E19,0x4E19,0x4E19,0x4E19,0x4E19,0x4E19,0x4E19,0x4E19,0x4E19,0x4E19,0x4E19,0x4E19,0x4E19,0x4E19,0x4E19,0x4E19,
  0x4E19,0x4E19,0x4E19,0x4E19,0x4E19,0x4E19,0x4E19,0x4E19,0x4E19,0x4E19,0x4E19,0x4E19,0x4E19,0x4E19,0x4E19,0x4E19,
  0x4E19,0x4E19,0x4E19,0x4E19,0x4E19,0x4E19,0x4E19,0x4E19,0x4E19,0x4E19,0x4E19,0x4E19,0x4E19,0x4E19,0x4E19,0x4E19,
  0x4E19,0x4E19,0x4E19,0x4E19,0x4E19,0x4E19,0x4E19,0x4E19,0x4E19,0x4E19,0x4E19,0x4E19,0x4E19,0x4E19,0x4E19,0x4E19,
  0x4E19,0x4E19,0x4E19,0x4E19,0x4E19,0x4E19,0x4E19,0x4E19,0x4E19,0x4E19,0x4E19,0x4E19,0x4E19,0x4E19,0x4E19,0x4E19,
  0x4E19,0x4E19,0x4E19,0x4E19,0x4E19,0x4E19,0x4E19,0x4E19,0x4E19,0x4E19,0x4E19,0x4E19,0x4E19,0x4E19,0x4E19,0x4E19,
  0x4E19,0x4E19,0x4E19,0x4E19,0x4E19,0x4E19,0x4E19,0x4E19,0x4E19,0x4E19,0x4E19,0x4E19,0x4E19,0x4E19,0x4E19,0x4E19,
  0x4E19,0x4E19,0x4E19,0x4E19,0x4E19,0x4E19,0x4E19,0x4E19,0x4E19,0x4E19,0x4E19,0x4E19,0x4E19,0x4E19,0x4E19,0x4E19,
  0x4E19,0x4E19,0x4E19,0x4E19,0x4E19,0x4E19,0x4E19,0x4E19,0x4E19,0x4E19,0x4E19,0x4E19,0x4E19,0x4E19,0x4E19,0x4E19,
  0x4E19,0x4E19,0x4E19,0x4E19,0x4E19,0x4E19,0x4E19,0x4E19,0x4E19,0x4E19,0x4E19,0x4E19,0x4E19,0x4E19,0x4E19,0x4E19,
  0x4E19,0x4E19,0x4E19,0x4E19,0x4E19,0x4E19,0x4E19,0x4E19,0x4E19,0x4E19,0x4E19,0x4E19,0x4E19,0x4E19,0x4E19,0x4E19,
  0x4E19,0x4E19,0x4E19,0x4E19,0x4E19,0x4E19,0x4E19,0x4E19,0x4E19,0x4E19,0x4E19,0x4E19,0x4E19,0x4E19,0x4E19,0x4E19,
  0x4E19,0x4E19,0x4E19,0x4E19,0x4E19,0x4E19,0x4E19,0x4E19,0x4E19,0x4E19,0x4E19,0x4E19,0x4E19,0x4E19,0x4E19,0x4E19,
  0x4E19,0x4E19,0x4E19,0x4E19,0x4E19,0x4E19,0x4E19,0x4E19,0x4E19,0x4E19,0x4E19,0x4E19,0x4E19,0x4E19,0x4E19,0x4E19,
  0x4E19,0x4E19,0x4E19,0x4E19,0x4E19,0x4E19,0x4E19,0x4E19,0x4E19,0x4E19,0x4E19,0x4E19,0x4E19,0x4E19,0x4E19,0x4E19,
  0x4E19,0x4E19,0x4E19,0x4E19,0x4E19,0x4E19,0x4E19,0x4E19,0x4E19,0x4E19,0x4E19,0x4E19,0x4E19,0x4E19,0x4E19,0x4E19,
  0x4E19,0x4E19,0x4E19,0x4E19,0x4E19,0x4E19,0x4E19,0x4E19,0x4E19,0x4E19,0x4E19,0x4E19,0x4E19,0x4E19,0x4E19,0x4E19,
  0x4E19,0x4E19,0x4E19,0x4E19,0x4E19,0x4E19,0x4E19,0x4E19,0x4E19,0x4E19,0x4E19,0x4E19,0x4E19,0x4E19,0x4E19,0x4E19,
  0x4E19,0x4E19,0x4E19,0x4E19,0x4E19,0x4E19,0x4E19,0x4E19,0x4E19,0x4E19,0x4E19,0x4E19,0x4E19,0x4E19,0x4E19,0x4E19,
  0x4E19,0x4E19,0x4E19,0x4E19,0x4E19,0x4E19,0x4E19,0x4E19,0x4E19,0x4E19,0x4E19,0x4E19,0x4E19,0x4E19,0x4E19,0x4E19,
  0x4E19,0x4E19,0x4E19,0x4E19,0x4E19,0x4E19,0x4E19,0x4E19,0x4E19,0x4E19,0x4E19,0x4E19,0x4E19,0x4E19,0x4E19,0x4E19,
  0x4E19,0x4E19,0x4E19,0x4E19,0x4E19,0x4E19,0x4E19,0x4E19,0x4E19,0x4E19,0x4E19,0x4E19,0x4E19,0x4E19,0x4E19,0x4E19,
  0x4E19,0x4E19,0x4E19,0x4E19,0x4E19,0x4E19,0x4E19,0x4E19,0x4E19,0x4E19,0x4E19,0x4E19,0x4E19,0x4E19,0x4E19,0x4E19,
  0x4E19,0x4E19,0x4E19,0x4E19,0x4E19,0x4E19,0x4E19,0x4E19,0x4E19,0x4E19,0x4E19,0x4E19,0x4E19,0x4E19,0x4E19,0x4E19,
  0x4E19,0x4E19,0x4E19,0x4E19,0x4E19,0x4E19,0x4E19,0x4E19,0x4E19,0x4E19,0x4E19,0x4E19,0x4E19,0x4E19,0x4E19,0x4E19,
  0x4E19,0x4E19,0x4E19,0x4E19,0x4E19,0x4E19,0x4E19,0x4E19,0x4E19,0x4E19,0x4E19,0x4E19,0x4E19,0x4E19,0x4E19,0x4E19,
  0x4E19,0x4E19,0x4E19,0x4E19,0x4E19,0x4E19,0x4E19,0x4E19,0x4E19,0x4E19,0x4E19,0x4E19,0x4E19,0x4E19,0x4E19,0x4E19,
  0x4E19,0x4E19,0x4E19,0x4E19,0x4E19,0x4E19,0x4E19,0x4E19,0x4E19,0x4E19,0x4E19,0x4E19,0x4E19,0x4E19,0x4E19,0x4E19,
  0x4E19,0x4E19,0x4E19,0x4E19,0x4E19,0x4E19,0x4E19,0x4E19,0x4E19,0x4E19,0x4E19,0x4E19,0x4E19,0x4E19,0x4E19,0x4E19,
  0x4E19,0x4E19,0x4E19,0x4E19,0x4E19,0x4E19,0x4E19,0x4E19,0x4E19,0x4E19,0x4E19,0x4E19,0x4E19,0x4E19,0x4E19,0x4E19,
  0x4E19,0x4E19,0x4E19,0x4E19,0x4E19,0x4E19,0x4E19,0x4E19,0x4E19,0x4E19,0x4E19,0x4E19,0x4E19,0x4E19,0x4E19,0x4E19,
  0x4E19,0x4E19,0x4E19,0x4E19,0x4E19,0x4E19,0x4E19,0x4E19,0x4E19,0x4E19,0x4E19,0x4E19,0x4E19,0x4E19,0x4E19,0x4E19,
  0x4E19,0x4E19,0x4E19,0x4E19,0x4E19,0x4E19,0x4E19,0x4E19,0x4E19,0x4E19,0x4E19,0x4E19,0x4E19,0x4E19,0x4E19,0x4E19,
  0x4E19,0x4E19,0x4E19,0x4E19,0x4E19,0x4E19,0x4E19,0x4E19,0x4E19,0x4E19,0x4E19,0x4E19,0x4E19,0x4E19,0x4E19,0x4E19,
  0x4E19,0x4E19,0x4E19,0x4E19,0x4E19,0x4E19,0x4E19,0x4E19,0x4E19,0x4E19,0x4E19,0x4E19,0x4E19,0x4E19,0x4E19,0x4E19,
  0x4E19,0x4E19,0x4E19,0x4E19,0x4E19,0x4E19,0x4E19,0x4E19,0x4E19,0x4E19,0x4E19,0x4E19,0x4E19,0x4E19,0x4E19,0x4E19,
  0x4E19,0x4E19,0x4E19,0x4E19,0x4E19,0x4E19,0x4E19,0x4E19,0x4E19,0x4E19,0x4E19,0x4E19,0x4E19,0x4E19,0x4E19,0x4E19,
  0x4E19,0x4E19,0x4E19,0x4E19,0x4E19,0x4E19,0x4E19,0x4E19,0x4E19,0x4E19,0x4E19,0x4E19,0x4E19,0x4E19,0x4E19,0x4E19,
  0x4E19,0x4E19,0x4E19,0x4E19,0x4E19,0x4E19,0x4E19,0x4E19,0x4E19,0x4E19,0x4E19,0x4E19,0x4E19,0x4E19,0x4E19,0x4E19,
  0x4E19,0x4E19,0x4E19,0x4E19,0x4E19,0x4E19,0x4E19,0x4E19,0x4E19,0x4E19,0x4E19,0x4E19,0x4E19,0x4E19,0x4E19,0x4E19,
  0x4E19,0x4E19,0x4E19,0x4E19,0x4E19,0x4E19,0x4E19,0x4E19,0x4E19,0x4E19,0x4E19,0x4E19,0x4E19,0x4E19,0x4E19,0x4E19,
  0x4E19,0x4E19,0x4E19,0x4E19,0x4E19,0x4E19,0x4E19,0x4E19,0x4E19,0x4E19,0x4E19,0x4E19,0x4E19,0x4E19,0x4E19,0x4E19,
  0x4E19,0x4E19,0x4E19,0x4E19,0x4E19,0x4E19,0x4E19,0x4E19,0x4E19,0x4E19,0x4E19,0x4E19,0x4E19,0x4E19,0x4E19,0x4E19,
  0x4E19,0x4E19,0x4E19,0x4E19,0x4E19,0x4E19,0x4E19,0x4E19,0x4E19,0x4E19,0x4E19,0x4E19,0x4E19,0x4E19,0x4E19,0x4E19,
  0x4E19,0x4E19,0x4E19,0x4E19,0x4E19,0x4E19,0x4E19,0x4E19,0x4E19,0x4E19,0x4E19,0x4E19,0x4E19,0x4E19,0x4E19,0x4E19,
  0x4E19,0x4E19,0x4E19,0x4E19,0x4E19,0x4E19,0x4E19,0x4E19,0x4E19,0x4E19,0x4E19,0x4E19,0x4E19,0x4E19,0x4E19,0x4E19,
  0x4E19,0x4E19,0x4E19,0x4E19,0x4E19,0x4E19,0x4E19,0x4E19,0x4E19,0x4E19,0x4E19,0x4E19,0x4E19,0x4E19,0x4E19,0x4E19,
  0x4E19,0x4E19,0x4E19,0x4E19,0x4E19,0x4E19,0x4E19,0x4E19,0x4E19,0x4E19,0x4E19,0x4E19,0x4E19,0x4E19,0x4E19,0x4E19,
  0x4E19,0x4E19,0x4E19,0x4E19,0x4E19,0x4E19,0x4E19,0x4E19,0x4E19,0x4E19,0x4E19,0x4E19,0x4E19,0x4E19,0x4E19,0x4E19,
  0x4E19,0x4E19,0x4E19,0x4E19,0x4E19,0x4E19,0x4E19,0x4E19,0x4E19,0x4E19,0x4E19,0x4E19,0x4E19,0x4E19,0x4E19,0x4E19,
  0x4E19,0x4E19,0x4E19,0x4E19,0x4E19,0x4E19,0x4E19,0x4E19,0x4E19,0x4E19,0x4E19,0x4E19,0x4E19,0x4E19,0x4E19,0x4E19,
  0x4E19,0x4E19,0x4E19,0x4E19,0x4E19,0x4E19,0x4E19,0x4E19,0x4E19,0x4E19,0x4E19,0x4E19,0x4E19,0x4E19,0x4E19,0x4E19,
  0x4E19,0x4E19,0x4E19,0x4E19,0x4E19,0x4E19,0x4E19,0x4E19,0x4E19,0x4E19,0x4E19,0x4E19,0x4E19,0x4E19,0x4E19,0x4E19,
  0x4E19,0x4E19,0x4E19,0x4E19,0x4E19,0x4E19,0x4E19,0x4E19,0x4E19,0x4E19,0x4E19,0x4E19,0x4E19,0x4E19,0x4E19,0x4E19,
  0x4E19,0x4E19,0x4E19,0x4E19,0x4E19,0x4E19,0x4E19,0x4E19,0x4E19,0x4E19,0x4E19,0x4E19,0x4E19,0x4E19,0x4E19,0x4E19,
  0x4E19,0x4E19,0x4E19,0x4E19,0x4E19,0x4E19,0x4E19,0x4E19,0x4E19,0x4E19,0x4E19,0x4E19,0x4E19,0x4E19,0x4E19,0x4E19,
  0x4E19,0x4E19,0x4E19,0x4E19,0x4E19,0x4E19,0x4E19,0x4E19,0x4E19,0x4E19,0x4E19,0x4E19,0x4E19,0x4E19,0x4E19,0x4E19,
  0x4E19,0x4E19,0x4E19,0x4E19,0x4E19,0x4E19,0x4E19,0x4E19,0x4E19,0x4E19,0x4E19,0x4E19,0x4E19,0x4E19,0x4E19,0x4E19,
  0x4E19,0x4E19,0x4E19,0x4E19,0x4E19,0x4E19,0x4E19,0x4E19,0x4E19,0x4E19,0x4E19,0x4E19,0x4E19,0x4E19,0x4E19,0x4E19,
  0x4E19,0x4E19,0x4E19,0x4E19,0x4E19,0x4E19,0x4E19,0x4E19,0x4E19,0x4E19,0x4E19,0x4E19,0x4E19,0x4E19,0x4E19,0x4E19,
  0x4E19,0x4E19,0x4E19,0x4E19,0x4E19,0x4E19,0x4E19,0x4E19,0x4E19,0x4E19,0x4E19,0x4E19,0x4E19,0x4E19,0x4E19,0x4E19,
  0x4E19,0x4E19,0x4E19,0x4E19,0x4E19,0x4E19,0x4E19,0x4E19,0x4E19,0x4E19,0x4E19,0x4E19,0x4E19,0x4E19,0x4E19,0x4E19,
  0x4E19,0x4E19,0x4E19,0x4E19,0x4E19,0x4E19,0x4E19,0x4E19,0x4E19,0x4E19,0x4E19,0x4E19,0x4E19,0x4E19,0x4E19,0x4E19,
  0x4E19,0x4E19,0x4E19,0x4E19,0x4E19,0x4E19,0x4E19,0x4E19,0x4E19,0x4E19,0x4E19,0x4E19,0x4E19,0x4E19,0x4E19,0x4E19,
  0x4E19,0x4E19,0x4E19,0x4E19,0x4E19,0x4E19,0x4E19,0x4E19,0x4E19,0x4E19,0x4E19,0x4E19,0x4E19,0x4E19,0x4E19,0x4E19,
  0x4E19,0x4E19,0x4E19,0x4E19,0x4E19,0x4E19,0x4E19,0x4E19,0x4E19,0x4E19,0x4E19,0x4E19,0x4E19,0x4E19,0x4E19,0x4E19,
  0x4E19,0x4E19,0x4E19,0x4E19,0x4E19,0x4E19,0x4E19,0x4E19,0x4E19,0x4E19,0x4E19,0x4E19,0x4E19,0x4E19,0x4E19,0x4E19,
  0x4E19,0x4E19,0x4E19,0x4E19,0x4E19,0x4E19,0x4E19,0x4E19,0x4E19,0x4E19,0x4E19,0x4E19,0x4E19,0x4E19,0x4E19,0x4E19,
  0x4E19,0x4E19,0x4E19,0x4E19,0x4E19,0x4E19,0x4E19,0x4E19,0x4E19,0x4E19,0x4E19,0x4E19,0x4E19,0x4E19,0x4E19,0x4E19,
  0x4E19,0x4E19,0x4E19,0x4E19,0x4E19,0x4E19,0x4E19,0x4E19,0x4E19,0x4E19,0x4E19,0x4E19,0x4E19,0x4E19,0x4E19,0x4E19,
  0x4E19,0x4E19,0x4E19,0x4E19,0x4E19,0x4E19,0x4E19,0x4E19,0x4E19,0x4E19,0x4E19,0x4E19,0x4E19,0x4E19,0x4E19,0x4E19,
  0x4E19,0x4E19,0x4E19,0x4E19,0x4E19,0x4E19,0x4E19,0x4E19,0x4E19,0x4E19,0x4E19,0x4E19,0x4E19,0x4E19,0x4E19,0x4E19,
  0x4E19,0x4E19,0x4E19,0x4E19,0x4E19,0x4E19,0x4E19,0x4E19,0x4E19,0x4E19,0x4E19,0x4E19,0x4E19,0x4E19,0x4E19,0x4E19,
  0x4E19,0x4E19,0x4E19,0x4E19,0x4E19,0x4E19,0x4E19,0x4E19,0x4E19,0x4E19,0x4E19,0x4E19,0x4E19,0x4E19,0x4E19,0x4E19,
  0x4E19,0x4E19,0x4E19,0x4E19,0x4E19,0x4E19,0x4E19,0x4E19,0x4E19,0x4E19,0x4E19,0x4E19,0x4E19,0x4E19,0x4E19,0x4E19,
  0x4E19,0x4E19,0x4E19,0x4E19,0x4E19,0x4E19,0x4E19,0x4E19,0x4E19,0x4E19,0x4E19,0x4E19,0x4E19,0x4E19,0x4E19,0x4E19,
  0x4E19,0x4E19,0x4E19,0x4E19,0x4E19,0x4E19,0x4E19,0x4E19,0x4E19,0x4E19,0x4E19,0x4E19,0x4E19,0x4E19,0x4E19,0x4E19,
  0x4E19,0x4E19,0x4E19,0x4E19,0x4E19,0x4E19,0x4E19,0x4E19,0x4E19,0x4E19,0x4E19,0x4E19,0x4E19,0x4E19,0x4E19,0x4E19,
  0x4E19,0x4E19,0x4E19,0x4E19,0x4E19,0x4E19,0x4E19,0x4E19,0x4E19,0x4E19,0x4E19,0x4E19,0x4E19,0x4E19,0x4E19,0x4E19,
  0x4E19,0x4E19,0x4E19,0x4E19,0x4E19,0x4E19,0x4E19,0x4E19,0x4E19,0x4E19,0x4E19,0x4E19,0x4E19,0x4E19,0x4E19,0x4E19,
  0x4E19,0x4E19,0x4E19,0x4E19,0x4E19,0x4E19,0x4E19,0x4E19,0x4E19,0x4E19,0x4E19,0x4E19,0x4E19,0x4E19,0x4E19,0x4E19,
  0x4E19,0x4E19,0x4E19,0x4E19,0x4E19,0x4E19,0x4E19,0x4E19,0x4E19,0x4E19,0x4E19,0x4E19,0x4E19,0x4E19,0x4E19,0x4E19,
  0x4E19,0x4E19,0x4E19,0x4E19,0x4E19,0x4E19,0x4E19,0x4E19,0x4E19,0x4E19,0x4E19,0x4E19,0x4E19,0x4E19,0x4E19,0x4E19,
  0x4E19,0x4E19,0x4E19,0x4E19,0x4E19,0x4E19,0x4E19,0x4E19,0x4E19,0x4E19,0x4E19,0x4E19,0x4E19,0x4E19,0x4E19,0x4E19,
  0x4E19,0x4E19,0x4E19,0x4E19,0x4E19,0x4E19,0x4E19,0x4E19,0x4E19,0x4E19,0x4E19,0x4E19,0x4E19,0x4E19,0x4E19,0x4E19,
  0x4E19,0x4E19,0x4E19,0x4E19,0x4E19,0x4E19,0x4E19,0x4E19,0x4E19,0x4E19,0x4E19,0x4E19,0x4E19,0x4E19,0x4E19,0x4E19,
  0x4E19,0x4E19,0x4E19,0x4E19,0x4E19,0x4E19,0x4E19,0x4E19,0x4E19,0x4E19,0x4E19,0x4E19,0x4E19,0x4E19,0x4E19,0x4E19,
  0x4E19,0x4E19,0x4E19,0x4E19,0x4E19,0x4E19,0x4E19,0x4E19,0x4E19,0x4E19,0x4E19,0x4E19,0x4E19,0x4E19,0x4E19,0x4E19,
  0x4E19,0x4E19,0x4E19,0x4E19,0x4E19,0x4E19,0x4E19,0x4E19,0x4E19,0x4E19,0x4E19,0x4E19,0x4E19,0x4E19,0x4E19,0x4E19,
  0x4E19,0x4E19,0x4E19,0x4E19,0x4E19,0x4E19,0x4E19,0x4E19,0x4E19,0x4E19,0x4E19,0x4E19,0x4E19,0x4E19,0x4E19,0x4E19,
  0x4E19,0x4E19,0x4E19,0x4E19,0x4E19,0x4E19,0x4E19,0x4E19,0x4E19,0x4E19,0x4E19,0x4E19,0x4E19,0x4E19,0x4E19,0x4E19,
  0x4E19,0x4E19,0x4E19,0x4E19,0x4E19,0x4E19,0x4E19,0x4E19,0x4E19,0x4E19,0x4E19,0x4E19,0x4E19,0x4E19,0x4E19,0x4E19,
  0x4E19,0x4E19,0x4E19,0x4E19,0x4E19,0x4E19,0x4E19,0x4E19,0x4E19,0x4E19,0x4E19,0x4E19,0x4E19,0x4E19,0x4E19,0x4E19,
  0x4E19,0x4E19,0x4E19,0x4E19,0x4E19,0x4E19,0x4E19,0x4E19,0x4E19,0x4E19,0x4E19,0x4E19,0x4E19,0x4E19,0x4E19,0x4E19,
  0x4E19,0x4E19,0x4E19,0x4E19,0x4E19,0x4E19,0x4E19,0x4E19,0x4E19,0x4E19,0x4E19,0x4E19,0x4E19,0x4E19,0x4E19,0x4E19,
  0x4E19,0x4E19,0x4E19,0x4E19,0x4E19,0x4E19,0x4E19,0x4E19,0x4E19,0x4E19,0x4E19,0x4E19,0x4E19,0x4E19,0x4E19,0x4E19,
  0x4E19,0x4E19,0x4E19,0x4E19,0x4E19,0x4E19,0x4E19,0x4E19,0x4E19,0x4E19,0x4E19,0x4E19,0x4E19,0x4E19,0x4E19,0x4E19,
  0x4E19,0x4E19,0x4E19,0x4E19,0x4E19,0x4E19,0x4E19,0x4E19,0x4E19,0x4E19,0x4E19,0x4E19,0x4E19,0x4E19,0x4E19,0x4E19,
  0x4E19,0x4E19,0x4E19,0x4E19,0x4E19,0x4E19,0x4E19,0x4E19,0x4E19,0x4E19,0x4E19,0x4E19,0x4E19,0x4E19,0x4E19,0x4E19,
  0x4E19,0x4E19,0x4E19,0x4E19,0x4E19,0x4E19,0x4E19,0x4E19,0x4E19,0x4E19,0x4E19,0x4E19,0x4E19,0x4E19,0x4E19,0x4E19,
  0x4E19,0x4E19,0x4E19,0x4E19,0x4E19,0x4E19,0x4E19,0x4E19,0x4E19,0x4E19,0x4E19,0x4E19,0x4E19,0x4E19,0x4E19,0x4E19,
  0x4E19,0x4E19,0x4E19,0x4E19,0x4E19,0x4E19,0x4E19,0x4E19,0x4E19,0x4E19,0x4E19,0x4E19,0x4E19,0x4E19,0x4E19,0x4E19,
  0x4E19,0x4E19,0x4E19,0x4E19,0x4E19,0x4E19,0x4E19,0x4E19,0x4E19,0x4E19,0x4E19,0x4E19,0x4E19,0x4E19,0x4E19,0x4E19,
  0x4E19,0x4E19,0x4E19,0x4E19,0x4E19,0x4E19,0x4E19,0x4E19,0x4E19,0x4E19,0x4E19,0x4E19,0x4E19,0x4E19,0x4E19,0x4E19,
  0x4E19,0x4E19,0x4E19,0x4E19,0x4E19,0x4E19,0x4E19,0x4E19,0x4E19,0x4E19,0x4E19,0x4E19,0x4E19,0x4E19,0x4E19,0x4E19,
  0x4E19,0x4E19,0x4E19,0x4E19,0x4E19,0x4E19,0x4E19,0x4E19,0x4E19,0x4E19,0x4E19,0x4E19,0x4E19,0x4E19,0x4E19,0x4E19,
  0x4E19,0x4E19,0x4E19,0x4E19,0x4E19,0x4E19,0x4E19,0x4E19,0x4E19,0x4E19,0x4E19,0x4E19,0x4E19,0x4E19,0x4E19,0x4E19,
  0x4E19,0x4E19,0x4E19,0x4E19,0x4E19,0x4E19,0x4E19,0x4E19,0x4E19,0x4E19,0x4E19,0x4E19,0x4E19,0x4E19,0x4E19,0x4E19,
  0x4E19,0x4E19,0x4E19,0x4E19,0x4E19,0x4E19,0x4E19,0x4E19,0x4E19,0x4E19,0x4E19,0x4E19,0x4E19,0x4E19,0x4E19,0x4E19,
  0x4E19,0x4E19,0x4E19,0x4E19,0x4E19,0x4E19,0x4E19,0x4E19,0x4E19,0x4E19,0x4E19,0x4E19,0x4E19,0x4E19,0x4E19,0x4E19,
  0x4E19,0x4E19,0x4E19,0x4E19,0x4E19,0x4E19,0x4E19,0x4E19,0x4E19,0x4E19,0x4E19,0x4E19,0x4E19,0x4E19,0x4E19,0x4E19,
  0x4E19,0x4E19,0x4E19,0x4E19,0x4E19,0x4E19,0x4E19,0x4E19,0x4E19,0x4E19,0x4E19,0x4E19,0x4E19,0x4E19,0x4E19,0x4E19,
  0x4E19,0x4E19,0x4E19,0x4E19,0x4E19,0x4E19,0x4E19,0x4E19,0x4E19,0x4E19,0x4E19,0x4E19,0x4E19,0x4E19,0x4E19,0x4E19,
  0x4E19,0x4E19,0x4E19,0x4E19,0x4E19,0x4E19,0x4E19,0x4E19,0x4E19,0x4E19,0x4E19,0x4E19,0x4E19,0x4E19,0x4E19,0x4E19,
  0x4E19,0x4E19,0x4E19,0x4E19,0x4E19,0x4E19,0x4E19,0x4E19,0x4E19,0x4E19,0x4E19,0x4E19,0x4E19,0x4E19,0x4E19,0x4E19,
  0x4E19,0x4E19,0x4E19,0x4E19,0x4E19,0x4E19,0x4E19,0x4E19,0x4E19,0x4E19,0x4E19,0x4E19,0x4E19,0x4E19,0x4E19,0x4E19,
  0x4E19,0x4E19,0x4E19,0x4E19,0x4E19,0x4E19,0x4E19,0x4E19,0x4E19,0x4E19,0x4E19,0x4E19,0x4E19,0x4E19,0x4E19,0x4E19,
  0x4E19,0x4E19,0x4E19,0x4E19,0x4E19,0x4E19,0x4E19,0x4E19,0x4E19,0x4E19,0x4E19,0x4E19,0x4E19,0x4E19,0x4E19,0x4E19,
  0x4E19,0x4E19,0x4E19,0x4E19,0x4E19,0x4E19,0x4E19,0x4E19,0x4E19,0x4E19,0x4E19,0x4E19,0x4E19,0x4E19,0x4E19,0x4E19,
  0x4E19,0x4E19,0x4E19,0x4E19,0x4E19,0x4E19,0x4E19,0x4E19,0x4E19,0x4E19,0x4E19,0x4E19,0x4E19,0x4E19,0x4E19,0x4E19,
  0x4E19,0x4E19,0x4E19,0x4E19,0x4E19,0x4E19,0x4E19,0x4E19,0x4E19,0x4E19,0x4E19,0x4E19,0x4E19,0x4E19,0x4E19,0x4E19,
  0x4E19,0x4E19,0x4E19,0x4E19,0x4E19,0x4E19,0x4E19,0x4E19,0x4E19,0x4E19,0x4E19,0x4E19,0x4E19,0x4E19,0x4E19,0x4E19,
  0x4E19,0x4E19,0x4E19,0x4E19,0x4E19,0x4E19,0x4E19,0x4E19,0x4E19,0x4E19,0x4E19,0x4E19,0x4E19,0x4E19,0x4E19,0x4E19,
  0x4E19,0x4E19,0x4E19,0x4E19,0x4E19,0x4E19,0x4E19,0x4E19,0x4E19,0x4E19,0x4E19,0x4E19,0x4E19,0x4E19,0x4E19,0x4E19,
  0x4E19,0x4E19,0x4E19,0x4E19,0x4E19,0x4E19,0x4E19,0x4E19,0x4E19,0x4E19,0x4E19,0x4E19,0x4E19,0x4E19,0x4E19,0x4E19,
  0x4E19,0x4E19,0x4E19,0x4E19,0x4E19,0x4E19,0x4E19,0x4E19,0x4E19,0x4E19,0x4E19,0x4E19,0x4E19,0x4E19,0x4E19,0x4E19,
  0x4E19,0x4E19,0x4E19,0x4E19,0x4E19,0x4E19,0x4E19,0x4E19,0x4E19,0x4E19,0x4E19,0x4E19,0x4E19,0x4E19,0x4E19,0x4E19,
  0x4E19,0x4E19,0x4E19,0x4E19,0x4E19,0x4E19,0x4E19,0x4E19,0x4E19,0x4E19,0x4E19,0x4E19,0x4E19,0x4E19,0x4E19,0x4E19,
  0x4E19,0x4E19,0x4E19,0x4E19,0x4E19,0x4E19,0x4E19,0x4E19,0x4E19,0x4E19,0x4E19,0x4E19,0x4E19,0x4E19,0x4E19,0x4E19,
  0x4E19,0x4E19,0x4E19,0x4E19,0x4E19,0x4E19,0x4E19,0x4E19,0x4E19,0x4E19,0x4E19,0x4E19,0x4E19,0x4E19,0x4E19,0x4E19,
  0x4E19,0x4E19,0x4E19,0x4E19,0x4E19,0x4E19,0x4E19,0x4E19,0x4E19,0x4E19,0x4E19,0x4E19,0x4E19,0x4E19,0x4E19,0x4E19,
  0x4E19,0x4E19,0x4E19,0x4E19,0x4E19,0x4E19,0x4E19,0x4E19,0x4E19,0x4E19,0x4E19,0x4E19,0x4E19,0x4E19,0x4E19,0x4E19,
  0x4E19,0x4E19,0x4E19,0x4E19,0x4E19,0x4E19,0x4E19,0x4E19,0x4E19,0x4E19,0x4E19,0x4E19,0x4E19,0x4E19,0x4E19,0x4E19,
  0x4E19,0x4E19,0x4E19,0x4E19,0x4E19,0x4E19,0x4E19,0x4E19,0x4E19,0x4E19,0x4E19,0x4E19,0x4E19,0x4E19,0x4E19,0x4E19,
  0x4E19,0x4E19,0x4E19,0x4E19,0x4E19,0x4E19,0x4E19,0x4E19,0x4E19,0x4E19,0x4E19,0x4E19,0x4E19,0x4E19,0x4E19,0x4E19,
  0x4E19,0x4E19,0x4E19,0x4E19,0x4E19,0x4E19,0x4E19,0x4E19,0x4E19,0x4E19,0x4E19,0x4E19,0x4E19,0x4E19,0x4E19,0x4E19,
  0x4E19,0x4E19,0x4E19,0x4E19,0x4E19,0x4E19,0x4E19,0x4E19,0x4E19,0x4E19,0x4E19,0x4E19,0x4E19,0x4E19,0x4E19,0x4E19,
  0x4E19,0x4E19,0x4E19,0x4E19,0x4E19,0x4E19,0x4E19,0x4E19,0x4E19,0x4E19,0x4E19,0x4E19,0x4E19,0x4E19,0x4E19,0x4E19,
  0x4E19,0x4E19,0x4E19,0x4E19,0x4E19,0x4E19,0x4E19,0x4E19,0x4E19,0x4E19,0x4E19,0x4E19,0x4E19,0x4E19,0x4E19,0x4E19,
  0x4E19,0x4E19,0x4E19,0x4E19,0x4E19,0x4E19,0x4E19,0x4E19,0x4E19,0x4E19,0x4E19,0x4E19,0x4E19,0x4E19,0x4E19,0x4E19,
  0x4E19,0x4E19,0x4E19,0x4E19,0x4E19,0x4E19,0x4E19,0x4E19,0x4E19,0x4E19,0x4E19,0x4E19,0x4E19,0x4E19,0x4E19,0x4E19,
  0x4E19,0x4E19,0x4E19,0x4E19,0x4E19,0x4E19,0x4E19,0x4E19,0x4E19,0x4E19,0x4E19,0x4E19,0x4E19,0x4E19,0x4E19,0x4E19,
  0x4E19,0x4E19,0x4E19,0x4E19,0x4E19,0x4E19,0x4E19,0x4E19,0x4E19,0x4E19,0x4E19,0x4E19,0x4E19,0x4E19,0x4E19,0x4E19,
  0x4E19,0x4E19,0x4E19,0x4E19,0x4E19,0x4E19,0x4E19,0x4E19,0x4E19,0x4E19,0x4E19,0x4E19,0x4E19,0x4E19,0x4E19,0x4E19,
  0x4E19,0x4E19,0x4E19,0x4E19,0x4E19,0x4E19,0x4E19,0x4E19,0x4E19,0x4E19,0x4E19,0x4E19,0x4E19,0x4E19,0x4E19,0x4E19,
  0x4E19,0x4E19,0x4E19,0x4E19,0x4E19,0x4E19,0x4E19,0x4E19,0x4E19,0x4E19,0x4E19,0x4E19,0x4E19,0x4E19,0x4E19,0x4E19,
  0x4E19,0x4E19,0x4E19,0x4E19,0x4E19,0x4E19,0x4E19,0x4E19,0x4E19,0x4E19,0x4E19,0x4E19,0x4E19,0x4E19,0x4E19,0x4E19,
  0x4E19,0x4E19,0x4E19,0x4E19,0x4E19,0x4E19,0x4E19,0x4E19,0x4E19,0x4E19,0x4E19,0x4E19,0x4E19,0x4E19,0x4E19,0x4E19,
  0x4E19,0x4E19,0x4E19,0x4E19,0x4E19,0x4E19,0x4E19,0x4E19,0x4E19,0x4E19,0x4E19,0x4E19,0x4E19,0x4E19,0x4E19,0x4E19,
  0x4E19,0x4E19,0x4E19,0x4E19,0x4E19,0x4E19,0x4E19,0x4E19,0x4E19,0x4E19,0x4E19,0x4E19,0x4E19,0x4E19,0x4E19,0x4E19,
  0x4E19,0x4E19,0x4E19,0x4E19,0x4E19,0x4E19,0x4E19,0x4E19,0x4E19,0x4E19,0x4E19,0x4E19,0x4E19,0x4E19,0x4E19,0x4E19,
  0x4E19,0x4E19,0x4E19,0x4E19,0x4E19,0x4E19,0x4E19,0x4E19,0x4E19,0x4E19,0x4E19,0x4E19,0x4E19,0x4E19,0x4E19,0x4E19,
  0x4E19,0x4E19,0x4E19,0x4E19,0x4E19,0x4E19,0x4E19,0x4E19,0x4E19,0x4E19,0x4E19,0x4E19,0x4E19,0x4E19,0x4E19,0x4E19,
  0x4E19,0x4E19,0x4E19,0x4E19,0x4E19,0x4E19,0x4E19,0x4E19,0x4E19,0x4E19,0x4E19,0x4E19,0x4E19,0x4E19,0x4E19,0x4E19,
  0x4E19,0x4E19,0x4E19,0x4E19,0x4E19,0x4E19,0x4E19,0x4E19,0x4E19,0x4E19,0x4E19,0x4E19,0x4E19,0x4E19,0x4E19,0x4E19,
  0x4E19,0x4E19,0x4E19,0x4E19,0x4E19,0x4E19,0x4E19,0x4E19,0x4E19,0x4E19,0x4E19,0x4E19,0x4E19,0x4E19,0x4E19,0x4E19,
  0x4E19,0x4E19,0x4E19,0x4E19,0x4E19,0x4E19,0x4E19,0x4E19,0x4E19,0x4E19,0x4E19,0x4E19,0x4E19,0x4E19,0x4E19,0x4E19,
  0x4E19,0x4E19,0x4E19,0x4E19,0x4E19,0x4E19,0x4E19,0x4E19,0x4E19,0x4E19,0x4E19,0x4E19,0x4E19,0x4E19,0x4E19,0x4E19,
  0x4E19,0x4E19,0x4E19,0x4E19,0x4E19,0x4E19,0x4E19,0x4E19,0x4E19,0x4E19,0x4E19,0x4E19,0x4E19,0x4E19,0x4E19,0x4E19,
  0x4E19,0x4E19,0x4E19,0x4E19,0x4E19,0x4E19,0x4E19,0x4E19,0x4E19,0x4E19,0x4E19,0x4E19,0x4E19,0x4E19,0x4E19,0x4E19,
  0x4E19,0x4E19,0x4E19,0x4E19,0x4E19,0x4E19,0x4E19,0x4E19,0x4E19,0x4E19,0x4E19,0x4E19,0x4E19,0x4E19,0x4E19,0x4E19,
  0x4E19,0x4E19,0x4E19,0x4E19,0x4E19,0x4E19,0x4E19,0x4E19,0x4E19,0x4E19,0x4E19,0x4E19,0x4E19,0x4E19,0x4E19,0x4E19,
  0x4E19,0x4E19,0x4E19,0x4E19,0x4E19,0x4E19,0x4E19,0x4E19,0x4E19,0x4E19,0x4E19,0x4E19,0x4E19,0x4E19,0x4E19,0x4E19,
  0x4E19,0x4E19,0x4E19,0x4E19,0x4E19,0x4E19,0x4E19,0x4E19,0x4E19,0x4E19,0x4E19,0x4E19,0x4E19,0x4E19,0x4E19,0x4E19,
  0x4E19,0x4E19,0x4E19,0x4E19,0x4E19,0x4E19,0x4E19,0x4E19,0x4E19,0x4E19,0x4E19,0x4E19,0x4E19,0x4E19,0x4E19,0x4E19,
  0x4E19,0x4E19,0x4E19,0x4E19,0x4E19,0x4E19,0x4E19,0x4E19,0x4E19,0x4E19,0x4E19,0x4E19,0x4E19,0x4E19,0x4E19,0x4E19,
  0x4E19,0x4E19,0x4E19,0x4E19,0x4E19,0x4E19,0x4E19,0x4E19,0x4E19,0x4E19,0x4E19,0x4E19,0x4E19,0x4E19,0x4E19,0x4E19,
  0x4E19,0x4E19,0x4E19,0x4E19,0x4E19,0x4E19,0x4E19,0x4E19,0x4E19,0x4E19,0x4E19,0x4E19,0x4E19,0x4E19,0x4E19,0x4E19,
  0x4E19,0x4E19,0x4E19,0x4E19,0x4E19,0x4E19,0x4E19,0x4E19,0x4E19,0x4E19,0x4E19,0x4E19,0x4E19,0x4E19,0x4E19,0x4E19,
  0x4E19,0x4E19,0x4E19,0x4E19,0x4E19,0x4E19,0x4E19,0x4E19,0x4E19,0x4E19,0x4E19,0x4E19,0x4E19,0x4E19,0x4E19,0x4E19,
  0x4E19,0x4E19,0x4E19,0x4E19,0x4E19,0x4E19,0x4E19,0x4E19,0x4E19,0x4E19,0x4E19,0x4E19,0x4E19,0x4E19,0x4E19,0x4E19,
  0x4E19,0x4E19,0x4E19,0x4E19,0x4E19,0x4E19,0x4E19,0x4E19,0x4E19,0x4E19,0x4E19,0x4E19,0x4E19,0x4E19,0x4E19,0x4E19,
  0x4E19,0x4E19,0x4E19,0x4E19,0x4E19,0x4E19,0x4E19,0x4E19,0x4E19,0x4E19,0x4E19,0x4E19,0x4E19,0x4E19,0x4E19,0x4E19,
  0x4E19,0x4E19,0x4E19,0x4E19,0x4E19,0x4E19,0x4E19,0x4E19,0x4E19,0x4E19,0x4E19,0x4E19,0x4E19,0x4E19,0x4E19,0x4E19,
  0x4E19,0x4E19,0x4E19,0x4E19,0x4E19,0x4E19,0x4E19,0x4E19,0x4E19,0x4E19,0x4E19,0x4E19,0x4E19,0x4E19,0x4E19,0x4E19,
  0x4E19,0x4E19,0x4E19,0x4E19,0x4E19,0x4E19,0x4E19,0x4E19,0x4E19,0x4E19,0x4E19,0x4E19,0x4E19,0x4E19,0x4E19,0x4E19,
  0x4E19,0x4E19,0x4E19,0x4E19,0x4E19,0x4E19,0x4E19,0x4E19,0x4E19,0x4E19,0x4E19,0x4E19,0x4E19,0x4E19,0x4E19,0x4E19,
  0x4E19,0x4E19,0x4E19,0x4E19,0x4E19,0x4E19,0x4E19,0x4E19,0x4E19,0x4E19,0x4E19,0x4E19,0x4E19,0x4E19,0x4E19,0x4E19,
  0x4E19,0x4E19,0x4E19,0x4E19,0x4E19,0x4E19,0x4E19,0x4E19,0x4E19,0x4E19,0x4E19,0x4E19,0x4E19,0x4E19,0x4E19,0x4E19,
  0x4E19,0x4E19,0x4E19,0x4E19,0x4E19,0x4E19,0x4E19,0x4E19,0x4E19,0x4E19,0x4E19,0x4E19,0x4E19,0x4E19,0x4E19,0x4E19,
  0x4E19,0x4E19,0x4E19,0x4E19,0x4E19,0x4E19,0x4E19,0x4E19,0x4E19,0x4E19,0x4E19,0x4E19,0x4E19,0x4E19,0x4E19,0x4E19,
  0x4E19,0x4E19,0x4E19,0x4E19,0x4E19,0x4E19,0x4E19,0x4E19,0x4E19,0x4E19,0x4E19,0x4E19,0x4E19,0x4E19,0x4E19,0x4E19,
  0x4E19,0x4E19,0x4E19,0x4E19,0x4E19,0x4E19,0x4E19,0x4E19,0x4E19,0x4E19,0x4E19,0x4E19,0x4E19,0x4E19,0x4E19,0x4E19,
  0x4E19,0x4E19,0x4E19,0x4E19,0x4E19,0x4E19,0x4E19,0x4E19,0x4E19,0x4E19,0x4E19,0x4E19,0x4E19,0x4E19,0x4E19,0x4E19,
  0x4E19,0x4E19,0x4E19,0x4E19,0x4E19,0x4E19,0x4E19,0x4E19,0x4E19,0x4E19,0x4E19,0x4E19,0x4E19,0x4E19,0x4E19,0x4E19,
  0x4E19,0x4E19,0x4E19,0x4E19,0x4E19,0x4E19,0x4E19,0x4E19,0x4E19,0x4E19,0x4E19,0x4E19,0x4E19,0x4E19,0x4E19,0x4E19,
  0x4E19,0x4E19,0x4E19,0x4E19,0x4E19,0x4E19,0x4E19,0x4E19,0x4E19,0x4E19,0x4E19,0x4E19,0x4E19,0x4E19,0x4E19,0x4E19,
  0x4E19,0x4E19,0x4E19,0x4E19,0x4E19,0x4E19,0x4E19,0x4E19,0x4E19,0x4E19,0x4E19,0x4E19,0x4E19,0x4E19,0x4E19,0x4E19,
  0x4E19,0x4E19,0x4E19,0x4E19,0x4E19,0x4E19,0x4E19,0x4E19,0x4E19,0x4E19,0x4E19,0x4E19,0x4E19,0x4E19,0x4E19,0x4E19,
  0x4E19,0x4E19,0x4E19,0x4E19,0x4E19,0x4E19,0x4E19,0x4E19,0x4E19,0x4E19,0x4E19,0x4E19,0x4E19,0x4E19,0x4E19,0x4E19,
  0x4E19,0x4E19,0x4E19,0x4E19,0x4E19,0x4E19,0x4E19,0x4E19,0x4E19,0x4E19,0x4E19,0x4E19,0x4E19,0x4E19,0x4E19,0x4E19,
  0x4E19,0x4E19,0x4E19,0x4E19,0x4E19,0x4E19,0x4E19,0x4E19,0x4E19,0x4E19,0x4E19,0x4E19,0x4E19,0x4E19,0x4E19,0x4E19,
  0x4E19,0x4E19,0x4E19,0x4E19,0x4E19,0x4E19,0x4E19,0x4E19,0x4E19,0x4E19,0x4E19,0x4E19,0x4E19,0x4E19,0x4E19,0x4E19,
  0x4E19,0x4E19,0x4E19,0x4E19,0x4E19,0x4E19,0x4E19,0x4E19,0x4E19,0x4E19,0x4E19,0x4E19,0x4E19,0x4E19,0x4E19,0x4E19,
  0x4E19,0x4E19,0x4E19,0x4E19,0x4E19,0x4E19,0x4E19,0x4E19,0x4E19,0x4E19,0x4E19,0x4E19,0x4E19,0x4E19,0x4E19,0x4E19,
  0x4E19,0x4E19,0x4E19,0x4E19,0x4E19,0x4E19,0x4E19,0x4E19,0x4E19,0x4E19,0x4E19,0x4E19,0x4E19,0x4E19,0x4E19,0x4E19,
  0x4E19,0x4E19,0x4E19,0x4E19,0x4E19,0x4E19,0x4E19,0x4E19,0x4E19,0x4E19,0x4E19,0x4E19,0x4E19,0x4E19,0x4E19,0x4E19,
  0x4E19,0x4E19,0x4E19,0x4E19,0x4E19,0x4E19,0x4E19,0x4E19,0x4E19,0x4E19,0x4E19,0x4E19,0x4E19,0x4E19,0x4E19,0x4E19,
  0x4E19,0x4E19,0x4E19,0x4E19,0x4E19,0x4E19,0x4E19,0x4E19,0x4E19,0x4E19,0x4E19,0x4E19,0x4E19,0x4E19,0x4E19,0x4E19,
  0x4E19,0x4E19,0x4E19,0x4E19,0x4E19,0x4E19,0x4E19,0x4E19,0x4E19,0x4E19,0x4E19,0x4E19,0x4E19,0x4E19,0x4E19,0x4E19,
  0x4E19,0x4E19,0x4E19,0x4E19,0x4E19,0x4E19,0x4E19,0x4E19,0x4E19,0x4E19,0x4E19,0x4E19,0x4E19,0x4E19,0x4E19,0x4E19,
  0x4E19,0x4E19,0x4E19,0x4E19,0x4E19,0x4E19,0x4E19,0x4E19,0x4E19,0x4E19,0x4E19,0x4E19,0x4E19,0x4E19,0x4E19,0x4E19,
  0x4E19,0x4E19,0x4E19,0x4E19,0x4E19,0x4E19,0x4E19,0x4E19,0x4E19,0x4E19,0x4E19,0x4E19,0x4E19,0x4E19,0x4E19,0x4E19,
  0x4E19,0x4E19,0x4E19,0x4E19,0x4E19,0x4E19,0x4E19,0x4E19,0x4E19,0x4E19,0x4E19,0x4E19,0x4E19,0x4E19,0x4E19,0x4E19,
  0x4E19,0x4E19,0x4E19,0x4E19,0x4E19,0x4E19,0x4E19,0x4E19,0x4E19,0x4E19,0x4E19,0x4E19,0x4E19,0x4E19,0x4E19,0x4E19,
  0x4E19,0x4E19,0x4E19,0x4E19,0x4E19,0x4E19,0x4E19,0x4E19,0x4E19,0x4E19,0x4E19,0x4E19,0x4E19,0x4E19,0x4E19,0x4E19,
  0x4E19,0x4E19,0x4E19,0x4E19,0x4E19,0x4E19,0x4E19,0x4E19,0x4E19,0x4E19,0x4E19,0x4E19,0x4E19,0x4E19,0x4E19,0x4E19,
  0x4E19,0x4E19,0x4E19,0x4E19,0x4E19,0x4E19,0x4E19,0x4E19,0x4E19,0x4E19,0x4E19,0x4E19,0x4E19,0x4E19,0x4E19,0x4E19,
  0x4E19,0x4E19,0x4E19,0x4E19,0x4E19,0x4E19,0x4E19,0x4E19,0x4E19,0x4E19,0x4E19,0x4E19,0x4E19,0x4E19,0x4E19,0x4E19,
  0x4E19,0x4E19,0x4E19,0x4E19,0x4E19,0x4E19,0x4E19,0x4E19,0x4E19,0x4E19,0x4E19,0x4E19,0x4E19,0x4E19,0x4E19,0x4E19,
  0x4E19,0x4E19,0x4E19,0x4E19,0x4E19,0x4E19,0x4E19,0x4E19,0x4E19,0x4E19,0x4E19,0x4E19,0x4E19,0x4E19,0x4E19,0x4E19,
  0x4E19,0x4E19,0x4E19,0x4E19,0x4E19,0x4E19,0x4E19,0x4E19,0x4E19,0x4E19,0x4E19,0x4E19,0x4E19,0x4E19,0x4E19,0x4E19,
  0x4E19,0x4E19,0x4E19,0x4E19,0x4E19,0x4E19,0x4E19,0x4E19,0x4E19,0x4E19,0x4E19,0x4E19,0x4E19,0x4E19,0x4E19,0x4E19,
  0x4E19,0x4E19,0x4E19,0x4E19,0x4E19,0x4E19,0x4E19,0x4E19,0x4E19,0x4E19,0x4E19,0x4E19,0x4E19,0x4E19,0x4E19,0x4E19,
  0x4E19,0x4E19,0x4E19,0x4E19,0x4E19,0x4E19,0x4E19,0x4E19,0x4E19,0x4E19,0x4E19,0x4E19,0x4E19,0x4E19,0x4E19,0x4E19,
  0x4E19,0x4E19,0x4E19,0x4E19,0x4E19,0x4E19,0x4E19,0x4E19,0x4E19,0x4E19,0x4E19,0x4E19,0x4E19,0x4E19,0x4E19,0x4E19,
  0x4E19,0x4E19,0x4E19,0x4E19,0x4E19,0x4E19,0x4E19,0x4E19,0x4E19,0x4E19,0x4E19,0x4E19,0x4E19,0x4E19,0x4E19,0x4E19,
  0x4E19,0x4E19,0x4E19,0x4E19,0x4E19,0x4E19,0x4E19,0x4E19,0x4E19,0x4E19,0x4E19,0x4E19,0x4E19,0x4E19,0x4E19,0x4E19,
  0x4E19,0x4E19,0x4E19,0x4E19,0x4E19,0x4E19,0x4E19,0x4E19,0x4E19,0x4E19,0x4E19,0x4E19,0x4E19,0x4E19,0x4E19,0x4E19,
  0x4E19,0x4E19,0x4E19,0x4E19,0x4E19,0x4E19,0x4E19,0x4E19,0x4E19,0x4E19,0x4E19,0x4E19,0x4E19,0x4E19,0x4E19,0x4E19,
  0x4E19,0x4E19,0x4E19,0x4E19,0x4E19,0x4E19,0x4E19,0x4E19,0x4E19,0x4E19,0x4E19,0x4E19,0x4E19,0x4E19,0x4E19,0x4E19,
  0x4E19,0x4E19,0x4E19,0x4E19,0x4E19,0x4E19,0x4E19,0x4E19,0x4E19,0x4E19,0x4E19,0x4E19,0x4E19,0x4E19,0x4E19,0x4E19,
  0x4E19,0x4E19,0x4E19,0x4E19,0x4E19,0x4E19,0x4E19,0x4E19,0x4E19,0x4E19,0x4E19,0x4E19,0x4E19,0x4E19,0x4E19,0x4E19,
  0x4E19,0x4E19,0x4E19,0x4E19,0x4E19,0x4E19,0x4E19,0x4E19,0x4E19,0x4E19,0x4E19,0x4E19,0x4E19,0x4E19,0x4E19,0x4E19,
  0x4E19,0x4E19,0x4E19,0x4E19,0x4E19,0x4E19,0x4E19,0x4E19,0x4E19,0x4E19,0x4E19,0x4E19,0x4E19,0x4E19,0x4E19,0x4E19,
  0x4E19,0x4E19,0x4E19,0x4E19,0x4E19,0x4E19,0x4E19,0x4E19,0x4E19,0x4E19,0x4E19,0x4E19,0x4E19,0x4E19,0x4E19,0x4E19,
  0x4E19,0x4E19,0x4E19,0x4E19,0x4E19,0x4E19,0x4E19,0x4E19,0x4E19,0x4E19,0x4E19,0x4E19,0x4E19,0x4E19,0x4E19,0x4E19,
  0x4E19,0x4E19,0x4E19,0x4E19,0x4E19,0x4E19,0x4E19,0x4E19,0x4E19,0x4E19,0x4E19,0x4E19,0x4E19,0x4E19,0x4E19,0x4E19,
  0x4E19,0x4E19,0x4E19,0x4E19,0x4E19,0x4E19,0x4E19,0x4E19,0x4E19,0x4E19,0x4E19,0x4E19,0x4E19,0x4E19,0x4E19,0x4E19,
  0x4E19,0x4E19,0x4E19,0x4E19,0x4E19,0x4E19,0x4E19,0x4E19,0x4E19,0x4E19,0x4E19,0x4E19,0x4E19,0x4E19,0x4E19,0x4E19,
  0x4E19,0x4E19,0x4E19,0x4E19,0x4E19,0x4E19,0x4E19,0x4E19,0x4E19,0x4E19,0x4E19,0x4E19,0x4E19,0x4E19,0x4E19,0x4E19,
  0x4E19,0x4E19,0x4E19,0x4E19,0x4E19,0x4E19,0x4E19,0x4E19,0x4E19,0x4E19,0x4E19,0x4E19,0x4E19,0x4E19,0x4E19,0x4E19,
  0x4E19,0x4E19,0x4E19,0x4E19,0x4E19,0x4E19,0x4E19,0x4E19,0x4E19,0x4E19,0x4E19,0x4E19,0x4E19,0x4E19,0x4E19,0x4E19,
  0x4E19,0x4E19,0x4E19,0x4E19,0x4E19,0x4E19,0x4E19,0x4E19,0x4E19,0x4E19,0x4E19,0x4E19,0x4E19,0x4E19,0x4E19,0x4E19,
  0x4E19,0x4E19,0x4E19,0x4E19,0x4E19,0x4E19,0x4E19,0x4E19,0x4E19,0x4E19,0x4E19,0x4E19,0x4E19,0x4E19,0x4E19,0x4E19,
  0x4E19,0x4E19,0x4E19,0x4E19,0x4E19,0x4E19,0x4E19,0x4E19,0x4E19,0x4E19,0x4E19,0x4E19,0x4E19,0x4E19,0x4E19,0x4E19,
  0x4E19,0x4E19,0x4E19,0x4E19,0x4E19,0x4E19,0x4E19,0x4E19,0x4E19,0x4E19,0x4E19,0x4E19,0x4E19,0x4E19,0x4E19,0x4E19,
  0x4E19,0x4E19,0x4E19,0x4E19,0x4E19,0x4E19,0x4E19,0x4E19,0x4E19,0x4E19,0x4E19,0x4E19,0x4E19,0x4E19,0x4E19,0x4E19,
  0x4E19,0x4E19,0x4E19,0x4E19,0x4E19,0x4E19,0x4E19,0x4E19,0x4E19,0x4E19,0x4E19,0x4E19,0x4E19,0x4E19,0x4E19,0x4E19,
  0x4E19,0x4E19,0x4E19,0x4E19,0x4E19,0x4E19,0x4E19,0x4E19,0x4E19,0x4E19,0x4E19,0x4E19,0x4E19,0x4E19,0x4E19,0x4E19,
  0x4E19,0x4E19,0x4E19,0x4E19,0x4E19,0x4E19,0x4E19,0x4E19,0x4E19,0x4E19,0x4E19,0x4E19,0x4E19,0x4E19,0x4E19,0x4E19,
  0x4E19,0x4E19,0x4E19,0x4E19,0x4E19,0x4E19,0x4E19,0x4E19,0x4E19,0x4E19,0x4E19,0x4E19,0x4E19,0x4E19,0x4E19,0x4E19,
  0x4E19,0x4E19,0x4E19,0x4E19,0x4E19,0x4E19,0x4E19,0x4E19,0x4E19,0x4E19,0x4E19,0x4E19,0x4E19,0x4E19,0x4E19,0x4E19,
  0x4E19,0x4E19,0x4E19,0x4E19,0x4E19,0x4E19,0x4E19,0x4E19,0x4E19,0x4E19,0x4E19,0x4E19,0x4E19,0x4E19,0x4E19,0x4E19,
  0x4E19,0x4E19,0x4E19,0x4E19,0x4E19,0x4E19,0x4E19,0x4E19,0x4E19,0x4E19,0x4E19,0x4E19,0x4E19,0x4E19,0x4E19,0x4E19,
  0x4E19,0x4E19,0x4E19,0x4E19,0x4E19,0x4E19,0x4E19,0x4E19,0x4E19,0x4E19,0x4E19,0x4E19,0x4E19,0x4E19,0x4E19,0x4E19,
  0x4E19,0x4E19,0x4E19,0x4E19,0x4E19,0x4E19,0x4E19,0x4E19,0x4E19,0x4E19,0x4E19,0x4E19,0x4E19,0x4E19,0x4E19,0x4E19,
  0x4E19,0x4E19,0x4E19,0x4E19,0x4E19,0x4E19,0x4E19,0x4E19,0x4E19,0x4E19,0x4E19,0x4E19,0x4E19,0x4E19,0x4E19,0x4E19,
  0x4E19,0x4E19,0x4E19,0x4E19,0x4E19,0x4E19,0x4E19,0x4E19,0x4E19,0x4E19,0x4E19,0x4E19,0x4E19,0x4E19,0x4E19,0x4E19,
  0x4E19,0x4E19,0x4E19,0x4E19,0x4E19,0x4E19,0x4E19,0x4E19,0x4E19,0x4E19,0x4E19,0x4E19,0x4E19,0x4DF9,0x4DF9,0x4DF9,
  0x4DF9,0x4DF9,0x4DF9,0x4E19,0x4E19,0x4E19,0x4E19,0x4E19,0x4E19,0x4E19,0x4E19,0x4E19,0x4E19,0x4E19,0x4E19,0x4E19,
  0x4E19,0x4E19,0x4E19,0x4E19,0x4E19,0x4E19,0x4E19,0x4E19,0x4E19,0x4E19,0x4E19,0x4E19,0x4E19,0x4E19,0x4E19,0x4DF9,
  0x4DF9,0x4DF9,0x4DF9,0x4E19,0x4E19,0x4E19,0x4E19,0x4E19,0x4E19,0x4E19,0x4E19,0x4E19,0x4E19,0x4E19,0x4E19,0x4E19,
  0x4E19,0x4E19,0x4E19,0x4E19,0x4E19,0x4E19,0x4E19,0x4E19,0x4E19,0x4E19,0x4E19,0x4E19,0x4E19,0x4E19,0x4E19,0x4E19,
  0x4E19,0x4E19,0x4E19,0x4E19,0x4E19,0x4E19,0x4E19,0x4E19,0x4E19,0x4E19,0x4E19,0x4E19,0x4E19,0x4E19,0x4E19,0x4E19,
  0x4E19,0x4E19,0x4E19,0x4E19,0x4DF9,0x55F9,0x55F9,0x4DF9,0x4E19,0x4E19,0x4E19,0x4E19,0x4E19,0x4E19,0x4E19,0x4E19,
  0x4E19,0x4E19,0x4E19,0x4E19,0x4E19,0x4E19,0x4E19,0x4E19,0x4E19,0x4E19,0x4E19,0x4E19,0x4DF9,0x4DF9,0x4DF9,0x4DF9,
  0x4DF9,0x4DF9,0x4E19,0x4E19,0x4E19,0x4E19,0x4E19,0x4E19,0x4DF9,0x4DF9,0x4E19,0x4DF9,0x4E19,0x4E19,0x4E19,0x4E19,
  0x4E19,0x4E18,0x4E19,0x4E18,0x4E19,0x4E18,0x55F9,0x55F9,0x55F9,0x55F9,0x55F9,0x55F9,0x4DF9,0x4E19,0x4E19,0x4E19,
  0x4E19,0x4E19,0x4E19,0x4E19,0x4E19,0x4E19,0x4E19,0x4E19,0x4E19,0x4E19,0x4E19,0x4E19,0x4E19,0x4E19,0x4E19,0x4E19,
  0x4DF9,0x4DF9,0x4DF9,0x4DF9,0x4E19,0x4E19,0x4E19,0x4E19,0x55F9,0x55F9,0x55F9,0x55F9,0x4E19,0x4E19,0x4E19,0x4E19,
  0x4E19,0x4DF9,0x4DF9,0x4DF9,0x4E19,0x4E19,0x4E19,0x4E19,0x4E19,0x4E19,0x4E19,0x4E19,0x4E19,0x4E19,0x4E19,0x4E19,
  0x4E19,0x4E19,0x4E19,0x4E19,0x4E19,0x4E19,0x4E19,0x4E18,0x4E18,0x4E18,0x4E18,0x4E18,0x4E18,0x4E18,0x4E18,0x4E18,
  0x4E19,0x4E19,0x4E19,0x4E19,0x4E19,0x4E19,0x4E19,0x4E19,0x4E19,0x4E18,0x4E18,0x4E18,0x4E19,0x55F9,0x55D9,0x55F9,
  0x55F9,0x4DF9,0x4E19,0x4E19,0x4E19,0x4E19,0x4E19,0x4E19,0x4E19,0x4E19,0x4E19,0x4E19,0x4E19,0x4DF9,0x4E19,0x4E19,
  0x4E19,0x4E18,0x4E18,0x4E19,0x4DF9,0x55F9,0x55F9,0x55F9,0x55F9,0x55F9,0x55F9,0x4DF9,0x4DF9,0x4E19,0x4E19,0x4E19,
  0x4DF9,0x55F9,0x55F9,0x4DF9,0x55F9,0x4DF9,0x4DF9,0x4DF9,0x4E19,0x4E19,0x4E19,0x4E19,0x4E19,0x4E19,0x4E19,0x55F9,
  0x55F9,0x55F9,0x55F9,0x55F9,0x55F9,0x4E19,0x4E19,0x4E19,0x4E19,0x4E19,0x4E19,0x4E19,0x4E19,0x4E19,0x4E19,0x4E19,
  0x4E19,0x4E19,0x4E19,0x4E19,0x4E19,0x4E19,0x4E19,0x4E19,0x4E19,0x4DF9,0x4DF9,0x4DF9,0x4E19,0x4E19,0x4E19,0x4E19,
  0x4E19,0x55F9,0x55F9,0x55F9,0x55F9,0x4DF9,0x4E19,0x4E19,0x4E19,0x4E19,0x4DF9,0x4DF9,0x4DF9,0x4E19,0x4E19,0x4E19,
  0x4E19,0x4E19,0x4E19,0x4E19,0x4E19,0x4E19,0x4E19,0x4E19,0x4E19,0x4E19,0x4E19,0x4E19,0x4E19,0x4E19,0x4E19,0x4E19,
  0x4E19,0x4E18,0x4E18,0x4E18,0x4E18,0x4E18,0x4E18,0x4E18,0x4E18,0x4E19,0x4E19,0x4E19,0x4E19,0x4E19,0x4E19,0x4E19,
  0x4E19,0x4E19,0x4E18,0x4E18,0x4E18,0x4DF9,0x55F9,0x55F9,0x55F9,0x4DF9,0x4E19,0x4E19,0x4E19,0x4E19,0x4E19,0x4E19,
  0x4E19,0x4E19,0x4E19,0x4DF9,0x4DF9,0x4E19,0x4E19,0x4DF9,0x4E19,0x4E19,0x4E18,0x4E19,0x4E19,0x4DF9,0x55F9,0x55F9,
  0x55F9,0x55F9,0x55F9,0x4DF9,0x4DF9,0x4E19,0x4E19,0x4E19,0x4E19,0x4DF9,0x55F9,0x4DF9,0x4DF9,0x4DF9,0x4DF9,0x4DF9,
  0x4DF9,0x4DF9,0x4E19,0x4E19,0x4E19,0x4E19,0x4E19,0x4E19,0x4E19,0x4E19,0x4DF9,0x4DF9,0x4DF9,0x4E19,0x4E19,0x4E19,
  0x4E19,0x4E19,0x4E19,0x4E19,0x4E19,0x4E19,0x4E19,0x4E19,0x4E19,0x4E19,0x4E19,0x4E19,0x4E19,0x4E19,0x4E19,0x4E19,
  0x4E19,0x4E19,0x4E19,0x4E19,0x4E18,0x4E18,0x4E18,0x4E18,0x4E18,0x4E19,0x4DF9,0x4DF9,0x55F9,0x4DF9,0x4E19,0x4E19,
  0x4E19,0x4E19,0x4E19,0x4E19,0x4E19,0x4E19,0x4E19,0x4E19,0x4E19,0x4E19,0x4E19,0x4E19,0x4E19,0x4E19,0x4E19,0x4E19,
  0x4E19,0x4E19,0x4E19,0x4E19,0x4E19,0x4E19,0x4E19,0x4E19,0x4E19,0x4E19,0x4E19,0x4E19,0x4E19,0x4E19,0x4E19,0x4E19,
  0x4E19,0x4DF9,0x55F8,0x55F8,0x55F9,0x4E19,0x4E19,0x4E19,0x4E19,0x4E19,0x4DF9,0x55F9,0x55F9,0x55F9,0x4DF9,0x4E19,
  0x4E19,0x461A,0x461A,0x4619,0x4E19,0x4E19,0x4DF9,0x55F9,0x55F9,0x55F9,0x55F9,0x55F9,0x55F9,0x55F9,0x4E19,0x4E19,
  0x4E18,0x4E19,0x4E19,0x4E19,0x4E19,0x4E19,0x4E19,0x4E19,0x4E19,0x4E19,0x4E19,0x4E19,0x4E19,0x4E19,0x4E19,0x4E18,
  0x4E38,0x4E18,0x4E19,0x4E19,0x4E19,0x4E19,0x4E19,0x4DF9,0x4DF9,0x4DF9,0x4DF9,0x55F9,0x4DF9,0x4DF9,0x4DF9,0x4DF9,
  0x4DF9,0x4E19,0x4E19,0x4E19,0x4E19,0x4E19,0x4E19,0x4E19,0x4E19,0x4E19,0x4E19,0x4E19,0x4E19,0x4E19,0x4E19,0x4E19,
  0x4E19,0x4E19,0x4E19,0x4E19,0x4E19,0x4E19,0x4E19,0x4E19,0x4E19,0x4E19,0x4E19,0x4E18,0x4E18,0x4E18,0x4E18,0x4E18,
  0x4E18,0x4E19,0x4E19,0x4E19,0x4E19,0x4DF9,0x4DF9,0x4DF9,0x4E19,0x4E19,0x4E19,0x4E19,0x4E19,0x4E19,0x4E19,0x4E19,
  0x4E19,0x4E19,0x4DF9,0x4E19,0x4E19,0x4E19,0x4E18,0x4E18,0x4E18,0x4E18,0x4E18,0x55F8,0x4E19,0x4E19,0x4E19,0x4E19,
  0x4E19,0x4E19,0x4E19,0x4E19,0x4DF9,0x4DF9,0x4DF9,0x4DF9,0x4E19,0x4E19,0x4DF9,0x55F9,0x55F9,0x55F9,0x4E19,0x4E19,
  0x4E19,0x4E19,0x4DF9,0x55F9,0x55F9,0x55F9,0x55F9,0x4E19,0x4E19,0x4639,0x4639,0x461A,0x4E19,0x4E19,0x4E19,0x55F9,
  0x55F9,0x55F9,0x55F9,0x55F9,0x55F9,0x55F9,0x4DF9,0x4E19,0x55F8,0x5618,0x55F8,0x4DF9,0x4DF9,0x4DF9,0x4E19,0x4E19,
  0x4E19,0x4E19,0x4E19,0x4E19,0x4E19,0x4E19,0x4E19,0x4E18,0x4E18,0x4E18,0x4E18,0x4E18,0x4E18,0x4E19,0x4E19,0x4E19,
  0x4E19,0x4E19,0x4E19,0x55F9,0x55F9,0x55F9,0x55F9,0x55F9,0x55F9,0x55F9,0x4E19,0x4E19,0x4E19,0x4619,0x4619,0x4E19,
  0x4E19,0x4DF9,0x55F9,0x55F9,0x4DF9,0x4E19,0x4E19,0x4E19,0x4E19,0x4E19,0x4E19,0x4E19,0x4E19,0x4E19,0x4E19,0x4E19,
  0x4E19,0x4E19,0x4E19,0x4DF9,0x55F9,0x55F9,0x55F9,0x55F9,0x55F9,0x55F9,0x55F9,0x4DF9,0x4DF9,0x4DF9,0x4E19,0x4E19,
  0x4E19,0x4DF9,0x4DF9,0x4DF9,0x4E19,0x4E19,0x4E19,0x4E19,0x4E19,0x4E19,0x4DF9,0x55F9,0x55F9,0x55F9,0x55F8,0x55F8,
  0x55F8,0x5618,0x4E18,0x55F8,0x55F8,0x55F8,0x55F8,0x4E18,0x4E18,0x4E19,0x4E19,0x4E19,0x4DF9,0x55FA,0x55FA,0x55FA,
  0x4DFA,0x4DFA,0x4E1A,0x4E1A,0x4E19,0x4DF9,0x4DF9,0x55F9,0x55F9,0x55F9,0x55F9,0x55F9,0x55F9,0x55F9,0x4DF9,0x4E19,
  0x4E19,0x4E19,0x4E38,0x4E19,0x4E19,0x55F9,0x55F9,0x55F9,0x55F8,0x55F8,0x4E19,0x4E19,0x4E19,0x4E19,0x4E19,0x4E19,
  0x4DF9,0x55F9,0x55F8,0x55F9,0x55F9,0x4DF9,0x4E19,0x4E19,0x4E19,0x4E19,0x4E19,0x4E19,0x4E19,0x4E19,0x4E19,0x4E19,
  0x4E19,0x55F8,0x55F9,0x55F8,0x4E18,0x4E18,0x4E18,0x4E18,0x4E18,0x4E18,0x4E19,0x4E19,0x4DF9,0x55F9,0x55F9,0x55F9,
  0x55F9,0x55F9,0x55F9,0x4DF9,0x4E19,0x4E19,0x4E19,0x4619,0x4E19,0x4E19,0x4E19,0x55F9,0x55F9,0x4DF9,0x4E19,0x4E19,
  0x4E19,0x4E19,0x4E19,0x4E19,0x4E19,0x4E19,0x4E19,0x4E19,0x4E19,0x4E19,0x4E19,0x4E19,0x4DF9,0x55F9,0x55F9,0x55F9,
  0x55F9,0x55F9,0x55F9,0x55F9,0x4DF9,0x4DFA,0x4E19,0x4E19,0x4E19,0x4E19,0x4E19,0x4DF9,0x4E19,0x4E19,0x4E19,0x4E19,
  0x4E19,0x4E19,0x4DF9,0x55F9,0x55F9,0x55F9,0x55F9,0x55F9,0x55F8,0x4E18,0x4E18,0x4E18,0x5618,0x55F8,0x55F8,0x5618,
  0x4E18,0x4E18,0x4E19,0x4E19,0x4E19,0x4DF9,0x55F9,0x55F9,0x55F9,0x55F9,0x4DF9,0x4E19,0x4E19,0x4E19,0x4E19,0x4DF9,
  0x4DF9,0x55F9,0x55F9,0x55F9,0x55F9,0x55F9,0x4DF9,0x4DF9,0x4E19,0x4E19,0x4E18,0x4E38,0x4E18,0x55F9,0x55F9,0x55F9,
  0x55F8,0x55F8,0x4E19,0x4E19,0x4E19,0x4E19,0x4E19,0x4E19,0x4E19,0x4E19,0x55F9,0x55F9,0x55F9,0x55F9,0x4E19,0x4E19,
  0x4E19,0x4E19,0x4E19,0x4E19,0x4E19,0x4E19,0x4E19,0x4E19,0x4DF9,0x55F9,0x55F9,0x55F9,0x55F9,0x55F8,0x4E18,0x4E18,
  0x4E18,0x4E18,0x4E19,0x4E19,0x4E19,0x4E19,0x4E19,0x4E19,0x4DF9,0x55F9,0x55F9,0x55F9,0x55F9,0x55F9,0x55F9,0x4E19,
  0x4E19,0x4E18,0x4E18,0x4E18,0x4E18,0x4E18,0x4E19,0x4E19,0x4E19,0x4E19,0x4E19,0x4E19,0x4E19,0x4E19,0x4E19,0x4E19,
  0x4E19,0x4E19,0x4E19,0x4E19,0x4E19,0x4E19,0x4E19,0x4DF9,0x4DF9,0x55F9,0x55FA,0x4DFA,0x4DFA,0x4E1A,0x4E19,0x4619,
  0x4639,0x4639,0x4639,0x4E19,0x4E19,0x4E19,0x4E19,0x4E19,0x4E19,0x4E19,0x4E19,0x4DF9,0x55F9,0x55F9,0x55F9,0x55F9,
  0x55F9,0x4E19,0x4E19,0x4E19,0x4E19,0x4E19,0x4E19,0x4E19,0x4E19,0x4E19,0x4E19,0x4E19,0x4E19,0x4E19,0x55F9,0x55F9,
  0x55F9,0x55F9,0x55F8,0x55F8,0x55F8,0x55F9,0x4DF9,0x4E19,0x4DF9,0x4E19,0x4E19,0x4E19,0x4E19,0x4E19,0x4DF9,0x4DF9,
  0x4E19,0x4E19,0x4E19,0x4E18,0x4E38,0x4E18,0x55F8,0x55F9,0x55F9,0x4DF9,0x4DF9,0x4E19,0x4E19,0x4E19,0x4E19,0x4E19,
  0x4E19,0x4E19,0x4E19,0x4E19,0x4E19,0x4E19,0x4DF9,0x4DF9,0x4DF9,0x4DF9,0x4DF9,0x4E19,0x4E19,0x4E19,0x4DF9,0x4DF9,
  0x55F9,0x55F9,0x55F9,0x55F9,0x55D9,0x55F9,0x55F9,0x55F9,0x4E19,0x4E19,0x4E19,0x4E19,0x4E19,0x4E19,0x4E19,0x4E19,
  0x4E19,0x4E19,0x4E19,0x4E19,0x4E19,0x4DF9,0x55F9,0x55F9,0x55F9,0x55F8,0x55F8,0x4E18,0x4E18,0x4E18,0x4E18,0x4E19,
  0x4E19,0x4E19,0x4E19,0x4E19,0x4E19,0x4E19,0x4E19,0x4E19,0x4E19,0x4E19,0x4E19,0x4E19,0x4E19,0x4E19,0x4E19,0x4E19,
  0x4E19,0x4E19,0x4E19,0x4DF9,0x4DFA,0x4DFA,0x4E19,0x4E19,0x4639,0x4639,0x4638,0x4E18,0x4E18,0x4E18,0x4E18,0x4E19,
  0x4E19,0x4E19,0x4E19,0x4DF9,0x4DF9,0x4DF9,0x4DF9,0x55F9,0x4DF9,0x4DF9,0x4E19,0x4E19,0x4E19,0x4E19,0x4E19,0x4E19,
  0x4E19,0x4E19,0x4E19,0x4E19,0x4E19,0x4E19,0x4E19,0x4DF9,0x55F9,0x55F9,0x55F8,0x55F8,0x55F8,0x55F8,0x55F8,0x4DF9,
  0x4DF9,0x4E19,0x4E19,0x4E19,0x4E19,0x4E19,0x4E19,0x4E19,0x4E1A,0x4E1A,0x4E19,0x4E19,0x4E18,0x4E18,0x5618,0x55F8,
  0x55F8,0x55F9,0x4E19,0x4E19,0x4E19,0x4E1A,0x4E19,0x4E19,0x4E19,0x4E19,0x4E19,0x4E19,0x4E19,0x4E19,0x4E19,0x4DF9,
  0x55F9,0x55F9,0x55F9,0x55F9,0x55F9,0x55F9,0x55F9,0x55F9,0x55F9,0x55F9,0x55F9,0x55F9,0x55FA,0x55FA,0x55F9,0x55F9,
  0x55F9,0x55F9,0x4DF9,0x4DF9,0x4E19,0x4E19,0x4E19,0x4E19,0x55F9,0x5619,0x45F8,0x4E39,0x4618,0x4618,0x4618,0x4E18,
  0x4DF8,0x5619,0x4DB8,0x55F9,0x5619,0x4E19,0x4E5A,0x45F8,0x4E19,0x4E19,0x4E19,0x4E19,0x4E19,0x4E19,0x4E19,0x4E19,
  0x4E19,0x4E19,0x4E19,0x4E19,0x4E19,0x4E19,0x4E19,0x4E19,0x4618,0x4E58,0x45F8,0x4E39,0x4DF9,0x4E19,0x4E19,0x4E19,
  0x4DF8,0x4E18,0x4E18,0x4E18,0x5618,0x55F8,0x55F8,0x55F8,0x4E18,0x4E19,0x4E19,0x4E19,0x5619,0x4DF9,0x4DF9,0x4DF9,
  0x4DF9,0x5619,0x4E19,0x4DF9,0x4DF9,0x4E19,0x4E39,0x4E19,0x45F8,0x5639,0x4E19,0x4DD8,0x5619,0x55F9,0x5619,0x4DF9,
  0x4E19,0x45F8,0x4E19,0x4E39,0x4E19,0x4E19,0x5619,0x4DF9,0x5619,0x4DF8,0x4DF8,0x4E18,0x5659,0x45F8,0x45F8,0x4E39,
  0x4619,0x463A,0x4E3A,0x4DF9,0x563A,0x55D8,0x55F8,0x6638,0x6638,0x55F8,0x4DD8,0x563A,0x45F9,0x4E3A,0x4E1A,0x45F9,
  0x4E19,0x4E18,0x4DF8,0x5618,0x4E18,0x5639,0x4E19,0x45F8,0x5619,0x55F9,0x55F9,0x55F9,0x5619,0x55D8,0x55D9,0x5619,
  0x4DF9,0x4DF9,0x4DF9,0x4E19,0x4E1A,0x4E1A,0x4E1A,0x4E1A,0x4DF9,0x5619,0x4DD8,0x4DF9,0x561A,0x4E19,0x4E19,0x4E19,
  0x4E19,0x55F9,0x55F9,0x5619,0x4E39,0x4E39,0x4E59,0x4638,0x4E18,0x5639,0x4DD7,0x5E5A,0x55F9,0x5619,0x4DF9,0x45F9,
  0x4E39,0x4E19,0x4E19,0x4E19,0x4E19,0x4E19,0x4E19,0x4E19,0x4E19,0x4E19,0x4E19,0x4E19,0x4E19,0x4E19,0x4E19,0x4E19,
  0x4E19,0x4E38,0x4E58,0x4E18,0x4E39,0x4DF8,0x4DF9,0x4DF9,0x4DF9,0x5618,0x5618,0x5618,0x4DF8,0x5618,0x55F8,0x55F9,
  0x5E19,0x4DF8,0x4E18,0x4E18,0x4E19,0x4DF9,0x4E19,0x4DF9,0x4DF9,0x4DF9,0x4DF9,0x4E1A,0x4E19,0x4E3A,0x4E19,0x4E19,
  0x4619,0x4E19,0x45F8,0x4E18,0x55F8,0x5E19,0x4DB7,0x55F8,0x4DF8,0x5639,0x4E19,0x4E19,0x4619,0x45F8,0x4619,0x4E19,
  0x4E19,0x4DF8,0x4E39,0x4DF8,0x4DF8,0x4DF8,0x4E19,0x567A,0x45F8,0x4E59,0x45F8,0x4E19,0x55F8,0x5DD7,0x7659,0x6DF7,
  0x75F7,0x6DF7,0x6DF7,0x6E59,0x55F8,0x4DF9,0x4E19,0x45F9,0x4E3A,0x4E19,0x5639,0x4E18,0x4DF8,0x4DD8,0x4E19,0x4E39,
  0x4E39,0x4DD8,0x4DF9,0x5619,0x4DF9,0x5619,0x5619,0x55F9,0x4DF9,0x55F9,0x4DF9,0x4E19,0x4E19,0x4E19,0x4619,0x4639,
  0x4E19,0x4DF8,0x4E19,0x4DF9,0x4E19,0x4E19,0x4E19,0x4E19,0x4E19,0x4E19,0x5618,0x55F8,0x55F8,0x4DF8,0x55F8,0x5618,
  0x5618,0x5618,0x5638,0x4DF7,0x4E18,0x4DF8,0x4E19,0x4DF9,0x563A,0x4DD9,0x4E19,0x4E19,0x4E19,0x4E19,0x4E19,0x4E19,
  0x4E19,0x4E19,0x4E19,0x4E19,0x4E19,0x4E19,0x4E19,0x4E19,0x4E19,0x4E19,0x4DF8,0x4E18,0x4E19,0x5619,0x4DF9,0x5619,
  0x55F9,0x5619,0x55F8,0x55F8,0x55F8,0x4DF9,0x561A,0x561A,0x4DD9,0x4DD9,0x4DF9,0x4DF8,0x4DF8,0x4DF8,0x4DF9,0x4E19,
  0x4DF9,0x4E19,0x4E19,0x45D9,0x4DF9,0x4DF9,0x4E1A,0x4DF9,0x4E19,0x4E19,0x4DD8,0x5619,0x5639,0x5619,0x5619,0x4DD8,
  0x5E39,0x5E39,0x55D7,0x5618,0x5E39,0x5639,0x5639,0x4E39,0x4E19,0x4E39,0x4E39,0x45F8,0x4E19,0x563A,0x561A,0x4DF9,
  0x45D8,0x4E39,0x4E18,0x4E17,0x5617,0x6E57,0x7E57,0xB7BD,0xCFFE,0xD7FE,0xD7FE,0xC7FE,0xB7BD,0x7E38,0x6E59,0x5E18,
  0x5618,0x4E18,0x4E18,0x4DF8,0x4E18,0x5639,0x563A,0x4DF9,0x45D9,0x4E3A,0x4E5A,0x4E3A,0x4619,0x4E19,0x4E19,0x4DF9,
  0x4DD9,0x561A,0x4E19,0x4E19,0x4E19,0x4E18,0x4E18,0x4E18,0x4E38,0x4E18,0x4E19,0x4E39,0x4E19,0x4DF9,0x4DF9,0x45F9,
  0x45F9,0x4E19,0x4E19,0x4DF7,0x5E18,0x5DF7,0x6E59,0x6E18,0x6E18,0x6E38,0x6E38,0x5DF7,0x6638,0x5E38,0x5638,0x4DF8,
  0x4DD9,0x563A,0x45D9,0x4E19,0x4E19,0x4E19,0x4E19,0x4E19,0x4E19,0x4E19,0x4E19,0x4E19,0x4E19,0x4E19,0x4E19,0x4E19,
  0x4E19,0x4E19,0x4E19,0x5619,0x4DF8,0x4E19,0x4DF9,0x4DF9,0x4E19,0x4DD8,0x4DD8,0x55F8,0x5E18,0x55F8,0x55F8,0x5619,
  0x4E1A,0x4E1A,0x4E3A,0x4DF9,0x55F8,0x4E19,0x4E19,0x4E19,0x4E19,0x4E19,0x4E19,0x563A,0x4E19,0x5639,0x4DF8,0x5619,
  0x4DF8,0x55F9,0x55F9,0x561A,0x561A,0x45B8,0x4DF8,0x4DF8,0x5618,0x5E17,0x5DF7,0x65F8,0x7618,0x6DF8,0x6DF8,0x6E38,
  0x5E17,0x55F7,0x4E17,0x5638,0x4E39,0x4DF9,0x4DD8,0x4DF9,0x5E3A,0x55F8,0x55F8,0x5E17,0x6E57,0x7656,0xB7FC,0xCFFC,
  0xDFFD,0xE7FC,0xDF9B,0xD79A,0xDFFC,0xD7FD,0xC7FD,0xB7DD,0x7637,0x6E58,0x5DF7,0x5618,0x5639,0x5619,0x4DD8,0x4E19,
  0x5619,0x4E19,0x4DF9,0x45D8,0x4E19,0x4618,0x45F8,0x4E19,0x563A,0x4E19,0x4DF9,0x4E19,0x4E19,0x4E19,0x4E18,0x4E18,
  0x4E18,0x4E18,0x4E18,0x4E18,0x4E18,0x4E18,0x4E18,0x4E19,0x5639,0x4E19,0x4E39,0x4E19,0x5E37,0x6657,0x6E17,0xB7DE,
  0xCFFE,0xCFBD,0xCFBD,0xCFDE,0xBFDD,0x8658,0x6E37,0x55D6,0x5E38,0x5618,0x45D8,0x4E39,0x4E19,0x4E19,0x4E19,0x4E19,
  0x4E19,0x4E19,0x4E19,0x4E19,0x4E19,0x4E19,0x4E19,0x4E19,0x4E19,0x4E19,0x4E19,0x4E19,0x5619,0x4E19,0x4E19,0x4DF9,
  0x4E19,0x4E3A,0x5619,0x5619,0x55D7,0x5E18,0x6638,0x5E18,0x5619,0x4DF9,0x4619,0x4E3A,0x4E19,0x55F9,0x4DF9,0x4DF9,
  0x4E19,0x4E19,0x4E19,0x4E19,0x4DD8,0x4DF8,0x5619,0x55F8,0x55F8,0x55F8,0x5DF8,0x55F8,0x55D9,0x4DFA,0x4E1A,0x563A,
  0x5639,0x55F7,0x6E37,0x7E57,0xBFFE,0xC7DD,0xCFDD,0xCFFD,0xCFFE,0xB79B,0x8EB7,0x7616,0x65F7,0x6639,0x55F8,0x55F8,
  0x5619,0x55F8,0x5E18,0x65F7,0x7617,0xBFDD,0xCFFC,0xDFFC,0xDFBA,0xE7FB,0xF7FC,0xEFFB,0xEFFB,0xF7FC,0xE7FB,0xD7BA,
  0xDFFC,0xCFFD,0xBFDD,0x7617,0x5DB7,0x5DD8,0x55D8,0x55F9,0x5619,0x5619,0x55F8,0x5618,0x5E38,0x5E38,0x5618,0x4E18,
  0x4E18,0x4E18,0x4E19,0x4E39,0x4E19,0x4E19,0x4E19,0x4E18,0x55F8,0x55F8,0x55F8,0x55F7,0x55F7,0x55F7,0x5618,0x55F8,
  0x5618,0x5618,0x4DD8,0x4DF8,0x4E19,0x7656,0xB7FD,0xC7FD,0xDFFE,0xCF9B,0xE7DC,0xEFFE,0xE7BC,0xDFFD,0xCFDC,0xC7FD,
  0x7E37,0x6E37,0x55F7,0x5638,0x4E18,0x4E19,0x4E19,0x4E19,0x4E19,0x4E19,0x4E19,0x4E19,0x4E19,0x4E19,0x4E19,0x4E19,
  0x4E19,0x4E19,0x4E19,0x4E19,0x4E19,0x4DF9,0x4DF9,0x4E19,0x4E19,0x563A,0x4DF8,0x5E18,0x5DF7,0x6E17,0x6E17,0x6DF6,
  0x6DF6,0x6E38,0x6638,0x5E18,0x5639,0x55F8,0x4DF9,0x4DF9,0x4DF9,0x4E19,0x4E19,0x4E19,0x4E19,0x4E18,0x5618,0x5618,
  0x5E18,0x5DF7,0x5DF7,0x65F7,0x5DF8,0x5E3A,0x4598,0x5E5A,0x5DF8,0x5DF7,0x7658,0xBFFF,0xC7DC,0xD7FD,0xDFFC,0xE7DC,
  0xE7DC,0xE7FC,0xDFFC,0xCFFB,0xC7DC,0xBFFD,0x75F7,0x7638,0x6618,0x55D7,0x5E18,0x6618,0x7617,0xC7DD,0xD7DC,0xE7FB,
  0xEFDA,0xF7FB,0xEFFA,0xDF99,0xE7DA,0xE7FA,0xDF99,0xEFFA,0xEFFB,0xE7FA,0xDFFB,0xCFDC,0xBFBD,0x7617,0x65F8,0x5DF8,
  0x6619,0x5DF7,0x6618,0x6E37,0x6E37,0x6E16,0x6E16,0x6E37,0x5DF7,0x5E18,0x4DD7,0x4DF8,0x4DF9,0x4E19,0x4E19,0x4E19,
  0x4DF9,0x55F8,0x55F8,0x55F8,0x5DF7,0x5DF7,0x65F6,0x6617,0x5DD7,0x55D7,0x5DF8,0x55D7,0x5E19,0x55F8,0xDFDC,0xDFDC,
  0xDFBB,0xEFFC,0xEFFB,0xEFDA,0xEFBA,0xEFDB,0xEFFB,0xDFDB,0xDFFC,0xCFFD,0xBFFE,0x7E78,0x5DD6,0x55F7,0x55F8,0x4E19,
  0x4E19,0x4E19,0x4E19,0x4E19,0x4E19,0x4E19,0x4E19,0x4E19,0x4E19,0x4E19,0x4E19,0x4E19,0x4E19,0x4DF9,0x4DD8,0x5619,
  0x4DF8,0x4E18,0x5618,0x55D7,0x7658,0x7E37,0xC7FD,0xCFDD,0xCFDC,0xD7FD,0xCFFD,0xB77B,0x8E78,0x6DD6,0x5E18,0x5619,
  0x5619,0x4E19,0x4E19,0x4E19,0x4E19,0x4E18,0x5618,0x5618,0x55F7,0x6659,0x6E38,0x6E38,0x6DF6,0x6E17,0x6617,0x6E38,
  0x6DD6,0x7E17,0xBFDD,0xCFFD,0xD7FC,0xE7FC,0xE7DB,0xE7FB,0xEFFB,0xEFFB,0xE7DB,0xE7DB,0xE7FB,0xE7FC,0xD7FC,0xD7FC,
  0xC7DC,0x7DF6,0x7E17,0x75D6,0x7E17,0xC7FE,0xDFFD,0xDFDC,0xEFFB,0xEFDA,0xEFDA,0xEFFB,0xE7DB,0xEFFC,0xEFFC,0xE7DB,
  0xF7FB,0xEFDA,0xEFDA,0xEFFB,0xDFFB,0xCFFD,0x7E17,0x6E17,0x5DB7,0x6E38,0x7E37,0xB7BC,0xCFFC,0xCFDB,0xCFFD,0xCFFE,
  0xBFBC,0x7E37,0x6E17,0x65F7,0x6659,0x4DF8,0x4E19,0x4E19,0x4E19,0x4E19,0x4DF9,0x5619,0x5619,0x5E18,0x6E17,0x75F6,
  0x7637,0x6E17,0x6E38,0x6E59,0x5DF7,0x5DF8,0x5618,0xEFBB,0xEFBB,0xF7FC,0xE799,0xEFDA,0xEFFA,0xEFDA,0xEFDA,0xEFDA,
  0xEFDB,0xE7FC,0xDFFC,0xCFDC,0xBFFD,0x7E16,0x6E17,0x55F8,0x4DF9,0x4DF9,0x4E19,0x4E19,0x4E19,0x4E19,0x4E19,0x4E19,
  0x4E19,0x4E19,0x4E19,0x4DF9,0x4E19,0x4DF9,0x4DF9,0x55F8,0x5E39,0x55D7,0x5DF7,0x6E38,0x7E57,0xB7DD,0xCFFD,0xD7FC,
  0xDFFC,0xE7DB,0xE7DB,0xE7FC,0xDFFC,0xD7DC,0xC7FD,0x7617,0x6638,0x5E18,0x5618,0x4DF8,0x4DF8,0x5618,0x5E17,0x5DF7,
  0x6617,0x7E78,0xAFBD,0xBFFE,0xC7FF,0xBFDD,0xC7FE,0xB7FD,0x8656,0x8E36,0xCFFC,0xDFFC,0xDFDB,0xEFFC,0xEFDB,0xEFFB,
  0xEFDA,0xE7DA,0xEFFA,0xEFDB,0xEFFB,0xEFFC,0xE7BA,0xE7FB,0xDFFB,0xD7DB,0xD7FD,0xC7BC,0x9657,0xCFFE,0xD7DD,0xE7FC,
  0xE7DB,0xEFDB,0xF7FB,0xE7BA,0xE7FA,0xE7FB,0xDFDB,0xE7DB,0xEFFC,0xEFDB,0xEFB9,0xF7FA,0xEFFA,0xE7FB,0xDFFC,0xC7FC,
  0x8E77,0x7E16,0xBFFE,0xCFFD,0xDFFD,0xDFDA,0xE7FB,0xE7FC,0xD7BB,0xDFFD,0xCFDD,0xBFDD,0x7E37,0x65F6,0x5E18,0x5618,
  0x4E19,0x4E19,0x4E19,0x5619,0x5E19,0x6E19,0x7618,0xC7FE,0xC7DD,0xC7FE,0xC7FE,0xBFFE,0xAFBD,0x7E78,0x6617,0x65F7,
  0xE7DC,0xE7DB,0xEFDB,0xEFDB,0xEFFA,0xEFFA,0xEFDA,0xEFDA,0xEFFB,0xE7BA,0xE7FB,0xE7FC,0xDFFC,0xDFFD,0xC79B,0x8637,
  0x65F7,0x55F9,0x4DD8,0x4DF9,0x5639,0x4E19,0x4DF8,0x5619,0x4E18,0x4E18,0x4DF8,0x5619,0x4DF9,0x55FA,0x4DFA,0x4DD9,
  0x55F8,0x55D7,0x65F6,0x7E16,0xBFDD,0xCFFC,0xDFFC,0xE7FC,0xE7FB,0xE7FB,0xE7FB,0xE7FB,0xE7FB,0xE7FB,0xE7FB,0xDFFB,
  0xCFFC,0xBFDC,0x7658,0x5DF7,0x5E19,0x55D7,0x6617,0x6DF6,0x8656,0xBFBB,0xD7FD,0xCFDC,0xD7FC,0xE7FC,0xDFDB,0xDFFB,
  0xDFDB,0xD7FB,0xDFDB,0xDFDB,0xE7DB,0xE7FB,0xEFDB,0xEFFB,0xEFDB,0xEFDB,0xEFDB,0xEFDB,0xEFDB,0xEFDB,0xEFDB,0xEFDB,
  0xE7DA,0xE7FB,0xE7FB,0xE7FB,0xDFFC,0xDFFC,0xDFFC,0xDFFC,0xE7FC,0xE7FB,0xEFDB,0xEFDB,0xEFDA,0xEFDA,0xEFFA,0xE7FB,
  0xE7FC,0xE7FC,0xEFDB,0xEFDB,0xEFDA,0xEFDA,0xEFDA,0xE7FB,0xDFDB,0xDFFB,0xD7FC,0xD7FC,0xDFFC,0xDFFB,0xE7FB,0xE7FB,
  0xE7FC,0xDFDB,0xE7FC,0xE7FC,0xDFDB,0xD7FD,0xB79C,0x7E57,0x5E17,0x4DB6,0x5E59,0x55F7,0x6E38,0x7E17,0xC7DE,0xD7DD,
  0xE7DC,0xE7DB,0xE7DB,0xDFFC,0xD7FC,0xD7FC,0xCFFC,0xC7FC,0x8615,0xE7FC,0xE7FB,0xE7FB,0xE7FB,0xEFFB,0xEFFB,0xEFDA,
  0xEFDA,0xEFFB,0xE7DA,0xEFFB,0xE7FB,0xDFDB,0xE7FC,0xDFFC,0xBF7B,0x6E18,0x5E39,0x55F8,0x4DF8,0x4DF8,0x5619,0x55F8,
  0x5618,0x5E38,0x5E38,0x5E17,0x55D7,0x55F8,0x4DD9,0x4DFA,0x561A,0x5DF8,0x6E37,0x7E37,0xC7FE,0xD7DC,0xDFDB,0xEFDB,
  0xEFBA,0xEFDA,0xEFDA,0xEFDB,0xE7FB,0xE7FB,0xE7FB,0xEFDA,0xE7FA,0xE7FA,0xD7FB,0xBFFD,0x7637,0x65F7,0x6E58,0x75F6,
  0xC7FD,0xC7BA,0xDFFB,0xE7FB,0xDFDB,0xE7FC,0xE7FB,0xE7B9,0xEFFA,0xEFDA,0xEFFB,0xEFFB,0xEFFB,0xEFDB,0xEFDB,0xEFDB,
  0xEFDB,0xEFDB,0xEFDB,0xEFDB,0xEFDB,0xEFDB,0xEFDB,0xEFDB,0xEFDB,0xEFFA,0xEFFA,0xEFFB,0xEFFB,0xE7FB,0xE7DB,0xE7DB,
  0xE7DB,0xE7FB,0xE7FB,0xEFDB,0xEFFB,0xEFDA,0xEFDA,0xEFFA,0xEFFB,0xE7FB,0xE7FC,0xE7DB,0xEFDB,0xEFDB,0xEFDA,0xEFDA,
  0xEFDA,0xEFDA,0xE7DA,0xE7FB,0xE7FB,0xE7FB,0xE7FB,0xE7FB,0xE7FB,0xE7FB,0xE7DB,0xEFFB,0xEFDA,0xE7BA,0xE7FB,0xDFFC,
  0xB79B,0x7636,0x7678,0x65F6,0x6E17,0xBFFD,0xCFFD,0xDFDC,0xE7DB,0xEFDB,0xEFDA,0xEFDA,0xEFFB,0xE7FB,0xDFFB,0xDFFB,
  0xD7FB,0xD7FB,0xE7DB,0xE7FB,0xE7FB,0xEFDB,0xEFDB,0xEFDB,0xEFDA,0xEFDA,0xE7DA,0xE7DA,0xEFFB,0xEFFB,0xE7DB,0xE7FB,
  0xE7FC,0xD7FD,0x7657,0x5617,0x5618,0x5E18,0x5E18,0x5DF8,0x6E39,0x6E38,0x6DF7,0x6E17,0x7637,0x6617,0x6638,0x5E39,
  0x4DF8,0x5639,0x5DD6,0x7617,0xB7BD,0xCFFD,0xDFFC,0xE7FB,0xEFFB,0xEFDA,0xEFDA,0xEFDA,0xE7FB,0xE7FB,0xE7FB,0xE7FB,
  0xEFDA,0xEFDA,0xEFBA,0xEFDB,0xD7DC,0xC7DD,0x8E57,0x8616,0xCFFE,0xCFFC,0xE7FD,0xE7FC,0xE7DB,0xE7FB,0xEFFC,0xE7FC,
  0xE7DA,0xE7FB,0xEFFB,0xEFFB,0xEFFB,0xEFFB,0xE7FB,0xE7FB,0xE7FB,0xE7FB,0xE7FB,0xE7FB,0xEFFB,0xEFFB,0xEFFB,0xEFFB,
  0xEFFB,0xEFFB,0xEFFB,0xEFFB,0xEFFB,0xEFFB,0xEFFB,0xEFFB,0xEFDB,0xEFDB,0xEFDB,0xEFDB,0xEFDB,0xEFFB,0xEFFA,0xEFFA,
  0xEFFA,0xEFFA,0xE7FB,0xE7FB,0xEFFB,0xEFDB,0xEFDA,0xEFDA,0xEFDA,0xEFFB,0xEFFB,0xEFFB,0xE7FB,0xE7FB,0xE7FB,0xE7FB,
  0xEFFB,0xEFFA,0xE7DA,0xEFDA,0xF7FA,0xF7FA,0xEFBA,0xEFDA,0xE7FC,0xDFFD,0xCFDC,0x85F5,0x8616,0xC7FD,0xD7FE,0xDFFC,
  0xEFFB,0xEFDB,0xEFDB,0xE7FB,0xE7FB,0xE7FB,0xE7FB,0xE7FB,0xE7FB,0xE7FB,0xE7FC,0xEFDB,0xEFDB,0xEFDB,0xEFFB,0xEFDB,
  0xEFDB,0xEFDA,0xEFDA,0xEFFA,0xEFFB,0xE7FB,0xEFFB,0xE7FB,0xE7FB,0xE7DB,0xD7FC,0xBFFE,0x6636,0x6617,0x65D6,0x6E17,
  0x7E38,0xB7FF,0xBFDD,0xCFFE,0xC7DD,0xC7FD,0xB7FD,0x7616,0x6E57,0x5DF6,0x5DF6,0x7637,0xBFFD,0xD7FE,0xD7FD,0xDFFC,
  0xEFFB,0xEFFB,0xE7BA,0xEFDA,0xEFFB,0xE7FB,0xE7FB,0xE7FB,0xEFFB,0xEFDA,0xEFDA,0xF7BA,0xF7DA,0xEFFC,0xDFDC,0xD7DC,
  0xD7DC,0xCFBC,0xDFFD,0xDFDB,0xE7DB,0xE7FB,0xE7DB,0xE7FB,0xE7FB,0xE7FB,0xE7DB,0xE7FB,0xE7FB,0xE7FB,0xE7FB,0xE7FB,
  0xE7FB,0xE7FB,0xE7FB,0xE7FB,0xE7FB,0xEFFB,0xEFFB,0xEFFB,0xE7FB,0xEFFB,0xEFFB,0xEFFB,0xEFFB,0xEFFB,0xEFFB,0xEFFB,
  0xEFFB,0xEFFB,0xEFFB,0xEFDB,0xEFFB,0xEFFB,0xEFFB,0xEFFA,0xEFFA,0xEFFA,0xEFFA,0xEFFA,0xEFDA,0xEFDA,0xEFDA,0xEFFA,
  0xEFFB,0xEFFB,0xE7FB,0xE7FB,0xE7FB,0xE7FB,0xE7FB,0xE7FB,0xE7DB,0xEFDB,0xEFDA,0xEFDA,0xEFDA,0xEFDA,0xF7DA,0xF7DA,
  0xEFDA,0xEFBB,0xE7DC,0xDFDC,0xDFFD,0xD7DC,0xD7DC,0xDFDB,0xE7FB,0xEFFA,0xEFFA,0xE7DB,0xE7DB,0xE7DB,0xE7FB,0xE7FB,
  0xE7FB,0xE7FB,0xEFFB,0xE7FB,0xEFDB,0xEFDB,0xEFDB,0xEFDA,0xEFDA,0xEFDA,0xEFFB,0xEFFB,0xEFFB,0xEFFB,0xE7DA,0xE7DA,
  0xEFFB,0xEFFB,0xE7FB,0xDFFB,0xC7DB,0x9696,0x7DF4,0x85D5,0xCFFE,0xCFDD,0xDFFD,0xE7FD,0xDFBB,0xEFFC,0xDFDA,0xDFFB,
  0xCFFC,0xC7FC,0x7E36,0x8656,0x8E56,0xCFFD,0xCFBB,0xDFFC,0xE7DB,0xF7FB,0xE7BA,0xF7FB,0xEFDA,0xE7FB,0xE7FB,0xE7FB,
  0xE7FB,0xEFFB,0xEFDA,0xEFDA,0xF7FB,0xEF9A,0xEFDB,0xEFFB,0xE7FB,0xE7FC,0xE7FC,0xDFDB,0xE7DB,0xEFFB,0xEFFB,0xEFDA,
  0xE7BA,0xEFDA,0xEFFB,0xE7FB,0xE7FB,0xE7FB,0xE7FB,0xE7FB,0xE7FA,0xE7FA,0xE7FA,0xE7FA,0xE7FA,0xE7FA,0xE7FA,0xE7FA,
  0xE7FA,0xE7FA,0xE7FA,0xE7FA,0xE7FB,0xE7FB,0xEFFA,0xEFFA,0xEFDA,0xEFDA,0xEFDA,0xEFDA,0xEFDA,0xEFDA,0xEFDA,0xEFFA,
  0xEFFB,0xE7FB,0xE7FB,0xE7FA,0xEFFA,0xEFFA,0xEFFA,0xEFFA,0xE7FB,0xE7FB,0xE7FB,0xE7FB,0xE7FB,0xE7DB,0xE7DB,0xE7DB,
  0xEFDB,0xEFDB,0xEFDB,0xEFDA,0xEFDB,0xEFFB,0xEFBA,0xE7BA,0xEFDB,0xEFFB,0xEFDB,0xEFDB,0xEFDC,0xEFDC,0xEFFD,0xEFFC,
  0xEFFB,0xE7DA,0xE7DA,0xEFFA,0xEFFA,0xE7FB,0xE7DB,0xE7DB,0xEFDB,0xEFDB,0xEFDB,0xEFDB,0xEFDB,0xEFDA,0xEFDA,0xEFDA,
  0xEFDA,0xEFDA,0xEFDA,0xEFFB,0xEFFB,0xE7DA,0xEFFB,0xEFFB,0xE7DA,0xEFFB,0xEFFB,0xEFFB,0xE7FB,0xDFFB,0xD7FB,0xD7FC,
  0xDFFC,0xDFDC,0xDFBB,0xEFBC,0xEFDB,0xF7DB,0xEF99,0xF7FB,0xEFFB,0xDFDA,0xDFFC,0xCFFC,0xCFFC,0xCFDC,0xDFFC,0xEFFD,
  0xE7DB,0xEFFB,0xEFFA,0xE7B9,0xEFFA,0xEFFA,0xE7FB,0xE7FB,0xE7FB,0xE7FB,0xEFDB,0xEFDB,0xEFDB,0xEFDB,0xEFDB,0xEFDA,
  0xEFDA,0xE7DA,0xE7DA,0xE7DA,0xE7FB,0xEFFB,0xEFDA,0xEFDA,0xEFDA,0xEFDA,0xEFDA,0xEFFB,0xE7FB,0xE7FB,0xE7FB,0xE7FB,
  0xE7FB,0xE7FA,0xE7FA,0xE7FA,0xE7FA,0xE7FA,0xE7FA,0xE7FA,0xE7FA,0xE7FA,0xE7FA,0xE7FA,0xE7FA,0xE7FB,0xE7FB,0xEFFA,
  0xEFFA,0xEFDA,0xEFDA,0xEFDA,0xEFDA,0xEFDA,0xEFDA,0xEFDA,0xEFFA,0xE7FB,0xE7FB,0xE7FB,0xE7FB,0xEFFA,0xEFFA,0xEFDA,
  0xEFFB,0xE7FB,0xE7FB,0xE7FB,0xE7FB,0xE7FB,0xE7FB,0xE7DB,0xEFDB,0xEFDB,0xEFDB,0xEFDB,0xEFDB,0xEFBB,0xEFFB,0xEFFB,
  0xE7DB,0xE7FB,0xEFFB,0xEFFC,0xEFFC,0xEFBB,0xE79A,0xEFDB,0xEFBB,0xEFDB,0xEFDA,0xEFFA,0xE7DA,0xEFFB,0xEFFB,0xEFDA,
  0xEFDA,0xEFDB,0xEFDB,0xEFDB,0xEFDB,0xEFDB,0xEFDA,0xEFDA,0xEFDA,0xEFDA,0xEFDA,0xEFDA,0xEFFB,0xEFFB,0xE7DA,0xEFFB,
  0xEFFB,0xEFFB,0xEFFA,0xE7DA,0xEFDA,0xE7DA,0xE7FB,0xE7DB,0xE7DB,0xEFFC,0xE7DB,0xF7FC,0xEFDB,0xEFBB,0xF7FB,0xEFBA,
  0xEFFB,0xEFFB,0xE7FB,0xE7FB,0xE7FC,0xDFDC,0xDFDB,0xEFFC,0xE7BB,0xEFDB,0xEFBA,0xE799,0xFFFC,0xE7BA,0xEFFA,0xE7FB,
  0xE7FB,0xE7FB,0xE7FB,0xEFDB,0xEFDB,0xEFDB,0xE7FB,0xEFFC,0xE7FB,0xEFFA,0xEFFA,0xE7FA,0xEFFA,0xEFFA,0xE7FA,0xE7DA,
  0xEFDA,0xEFFB,0xEFFB,0xEFFB,0xEFDB,0xE7DB,0xE7FB,0xE7FB,0xE7FB,0xE7FB,0xE7FB,0xE7FB,0xEFFA,0xEFFA,0xEFFA,0xEFFA,
  0xEFFA,0xE7FA,0xE7FA,0xE7FA,0xE7FA,0xE7FA,0xE7FB,0xE7FB,0xEFFB,0xEFFA,0xEFDA,0xEFDA,0xEFDA,0xEFDA,0xEFDA,0xEFDA,
  0xEFDA,0xEFFB,0xE7FB,0xE7FB,0xE7FB,0xE7FB,0xE7FB,0xE7FB,0xE7FB,0xE7FB,0xE7FB,0xE7FB,0xE7FB,0xE7FB,0xE7FB,0xEFDB,
  0xEFDB,0xEFDB,0xEFDB,0xEFFB,0xEFDB,0xEFDB,0xE7BA,0xEFDB,0xEFFC,0xE7FC,0xE7FB,0xE7FB,0xE7FB,0xE7FB,0xEFFC,0xE7DA,
  0xF7FB,0xEFDA,0xE7DA,0xEFFB,0xEFFB,0xE7FB,0xE7FA,0xEFFA,0xEFFA,0xEFDA,0xEFDB,0xEFDB,0xEFDB,0xEFDB,0xEFDB,0xEFDA,
  0xEFDA,0xEFDA,0xEFDA,0xEFDA,0xEFDA,0xEFFB,0xEFFB,0xEFFB,0xE7DA,0xE7DA,0xEFFB,0xEFDA,0xEFDA,0xEFFA,0xEFFB,0xEFFB,
  0xE7DB,0xEFDB,0xEFFB,0xEFDA,0xEFBA,0xEFDA,0xEFFB,0xE7DB,0xEFFB,0xE7DB,0xE7FC,0xE7FC,0xE7FC,0xE7DC,0xE7FC,0xEFFB,
  0xE7DB,0xEFFB,0xEFDA,0xF7FB,0xEFDA,0xEFFA,0xEFFA,0xE7FA,0xE7FB,0xE7FB,0xE7FB,0xE7FB,0xEFDB,0xEFDB,0xEFDB,0xE7FB,
  0xDFBA,0xE7FB,0xEFFB,0xE7D9,0xEFFA,0xEFFA,0xE7DA,0xE7FA,0xE7FB,0xE7FB,0xE7DA,0xE7DB,0xE7FB,0xE7FB,0xE7FB,0xE7FB,
  0xE7FB,0xE7DB,0xE7DB,0xE7FB,0xE7FB,0xEFFB,0xEFFA,0xEFFA,0xEFFA,0xEFFA,0xEFFA,0xEFFA,0xE7FA,0xEFFA,0xE7FA,0xE7FB,
  0xE7FB,0xEFFB,0xEFFB,0xEFDA,0xEFFA,0xEFFA,0xEFFA,0xEFDA,0xEFDA,0xEFFB,0xE7FB,0xE7FB,0xE7FB,0xE7FB,0xE7FB,0xE7FB,
  0xE7FB,0xE7FC,0xE7FC,0xE7FC,0xE7FB,0xE7FB,0xE7FB,0xEFFB,0xEFDA,0xEFDA,0xEFDA,0xEFDB,0xEFFB,0xEFFB,0xEFFB,0xEFFB,
  0xEFDB,0xE7DB,0xE7FB,0xDFFB,0xDFFB,0xE7FB,0xE7FB,0xE7FA,0xE7FA,0xEFFA,0xEFDA,0xE7DA,0xEFFB,0xE7DB,0xE7FB,0xE7DB,
  0xE7FB,0xE7FB,0xE7FB,0xE7FB,0xE7FB,0xE7FB,0xE7FB,0xE7DB,0xEFFB,0xEFDA,0xEFDA,0xE7DA,0xEFFB,0xEFFB,0xEFFB,0xE7DB,
  0xE7DA,0xEFFB,0xEFDA,0xEFDA,0xEFDA,0xEFDA,0xEFFB,0xEFFB,0xEFFB,0xEFFC,0xE7DA,0xEFDA,0xEFFA,0xE7FA,0xE7FA,0xE7FB,
  0xDFFB,0xDFFC,0xD7FC,0xD7FC,0xD7DC,0xD7BB,0xDFDB,0xE7DB,0xEFFB,0xEFDA,0xEFDB,0xEFDA,0xF7DA,0xF7FB,0xEFDA,0xEFFA,
  0xE7DA,0xE7FB,0xE7FB,0xE7FB,0xE7DB,0xE7DB,0xEFDA,0xEFDB,0xE7FB,0xE7FA,0xEFFB,0xE7D9,0xEFFA,0xEFF9,0xEFD9,0xEFFA,
  0xE7DA,0xE7FC,0xDFFC,0xD7BB,0xDFFD,0xDFFD,0xDFDC,0xDFFC,0xDFDB,0xE7DB,0xEFFC,0xE7DB,0xE7DB,0xEFFB,0xEFFB,0xEFDB,
  0xEFFB,0xEFFB,0xEFDA,0xEFDA,0xEFFB,0xEFFA,0xEFDA,0xEFFA,0xE7DA,0xEFFB,0xE7FB,0xEFFB,0xE7DA,0xEFFB,0xEFDA,0xEFFB,
  0xEFFB,0xE7DA,0xE7FB,0xE7FB,0xDFDB,0xE7FB,0xDFDB,0xDFFB,0xDFDB,0xE7FC,0xDFDC,0xE7FC,0xDFDC,0xEFFC,0xE7FB,0xE7DA,
  0xEFFB,0xEFDA,0xEFDA,0xEFDA,0xEFFB,0xEFFB,0xE7FB,0xE7FB,0xEFDA,0xEFDA,0xEFDA,0xE7DA,0xEFFB,0xE7FA,0xEFFB,0xE7FA,
  0xEFFA,0xE7D9,0xEFFA,0xEFFA,0xEFFA,0xE7FA,0xE7DA,0xE7FC,0xDFFC,0xDFFC,0xD7DB,0xDFDB,0xDFFC,0xDFDB,0xDFDB,0xE7FB,
  0xE7FB,0xEFFB,0xEFFB,0xEFFB,0xEFFB,0xEFFB,0xE7DA,0xE7DB,0xE7DB,0xE7DA,0xEFFB,0xEFDA,0xEFFB,0xEFFB,0xEFFB,0xEFFB,
  0xE7DA,0xDFBB,0xE7FB,0xE7FB,0xEFFB,0xEFFA,0xE7FA,0xE7FA,0xDFFB,0xB738,0xBF79,0xAF18,0xAEF8,0xB6F8,0xBEF8,0xBEF8,
  0xBEB7,0xE7BA,0xF7FB,0xEFDA,0xF7FB,0xF7DB,0xE7BA,0xF7FB,0xEFDA,0xEFFB,0xE7FB,0xE7FB,0xE7FB,0xEFDB,0xEFFB,0xEFDB,
  0xEFFB,0xE7DA,0xE7DA,0xE7FA,0xEFDA,0xEFFA,0xEFDA,0xEFDA,0xEFFA,0xE7DA,0xE7FC,0xBF39,0xBF5A,0xBF3A,0xAE97,0xB6F9,
  0xB6B7,0xBEB7,0xC6F8,0xE7DB,0xEFFC,0xE7FB,0xEFFB,0xE7BA,0xEFFB,0xE7DA,0xEFDA,0xEFDA,0xEFFB,0xEFFB,0xEFFB,0xEFDA,
  0xEFDB,0xE7DB,0xEFFB,0xE7FB,0xEFFB,0xEFFB,0xEFFB,0xE7DB,0xE7DA,0xEFFB,0xE7DA,0xE7FB,0xEFFC,0xDFDB,0xCF59,0xC738,
  0xC718,0xBED8,0xB697,0xB6B8,0xB697,0xB6B7,0xE7FC,0xDFBB,0xEFFB,0xEFFA,0xEFFA,0xEFFA,0xEFFA,0xEFFA,0xE7DA,0xE7FB,
  0xE7FB,0xEFFA,0xEFFA,0xEFFA,0xEFDA,0xEFFA,0xE7BA,0xEFDA,0xE7D9,0xEFFA,0xEFFA,0xEFFA,0xE7D9,0xE7FA,0xE7FB,0xDFBB,
  0xCF59,0xBF59,0xBF39,0xB6F8,0xB6F8,0xB6D8,0xB6D7,0xC718,0xDFFC,0xE7FC,0xE7DA,0xE7DB,0xE7FB,0xE7FB,0xE7FB,0xE7FB,
  0xEFFA,0xEFFB,0xEFDA,0xEFFB,0xEFDB,0xEFFB,0xEFFB,0xE7DA,0xE7DB,0xE7DB,0xEFFC,0xEFFC,0xEFFB,0xEFFA,0xEFDA,0xE7DA,
  0xE7FB,0xDFDA,0xC779,0xC77A,0xBF9A,0xAEF8,0xC79A,0xC759,0xCF7A,0xB6B7,0xDFDB,0xEFFC,0xE7BA,0xEFFB,0xEFFB,0xE7BA,
  0xEFFB,0xE7DA,0xEFFB,0xE7FB,0xE7FB,0xE7FB,0xEFFB,0xEFFB,0xEFDB,0xEFDB,0xEFFC,0xEFFC,0xEFDB,0xEFDB,0xEFDB,0xEFBA,
  0xEFDB,0xEFFB,0xE7FC,0xDFFC,0xB6F8,0xCFBC,0xC77B,0xB6F8,0xCF9A,0xC759,0xCF7A,0xBED8,0xDFBB,0xDFDB,0xE7FC,0xE7FC,
  0xE7DB,0xEFFB,0xEFFB,0xEFFB,0xEFDA,0xEFDA,0xEFDA,0xEFDA,0xEFDB,0xEFFB,0xE7DB,0xEFFB,0xE7BA,0xE7FB,0xEFFB,0xE7DB,
  0xEFFC,0xE7FB,0xE7FC,0xE7FC,0xDFFB,0xE7FC,0xD7BA,0xC718,0xCF9A,0xCF7A,0xB6B7,0xCF7B,0xCF7B,0xCF9B,0xBEF8,0xDFDC,
  0xDFFB,0xE7FB,0xE7DA,0xEFDA,0xEFD9,0xEFFA,0xE7FA,0xE7DA,0xE7FB,0xE7FB,0xE7FA,0xEFDA,0xEFFA,0xEFDA,0xEFDB,0xEFDB,
  0xF7FC,0xEFFB,0xE799,0xEFFB,0xE7DA,0xE7FB,0xE7FC,0xE7FC,0xD7DB,0xBF39,0xC79A,0xBF7A,0xB6F8,0xCFBB,0xC75A,0xCF9A,
  0xB6B7,0xD7BB,0xE7FC,0xE7FC,0xE7FC,0xE7FC,0xE7FB,0xE7FB,0xEFFB,0xEFFA,0xE7DA,0xEFFB,0xEFFB,0xEFDB,0xE7DB,0xE7BA,
  0xDF9A,0xE7BB,0xE7DB,0xDF9A,0xDFBB,0xE7DB,0xE7FB,0xE7FB,0xE7FB,0xDFDB,0xBED7,0xAE96,0xAEB7,0xB718,0xAEB7,0xC77A,
  0xC75A,0xCF9B,0xB6B7,0xDFFC,0xDFDB,0xE7DC,0xE7DB,0xE7DB,0xEFFC,0xEFDB,0xEFFB,0xEFFB,0xE7DB,0xEFFB,0xEFFB,0xEFDB,
  0xE7DA,0xE79A,0xE79A,0xDF5A,0xDF7B,0xDF9B,0xEFFC,0xEFFC,0xEFDC,0xEFDC,0xE7DB,0xDFDB,0xB6D8,0xAEB7,0xAED7,0xAEB7,
  0xB6D7,0xC759,0xCF7A,0xCF7A,0xB6B7,0xE7FD,0xDFFC,0xE7FC,0xE7DB,0xE7FB,0xEFFB,0xEFFB,0xEFFB,0xEFDB,0xEFDA,0xEFDA,
  0xEFFB,0xEFDB,0xEFDB,0xE7DA,0xE7DA,0xDF9A,0xDFBA,0xDFBA,0xD79A,0xE7FC,0xDFDB,0xDFDB,0xE7FC,0xDFFC,0xDFDB,0xBEF8,
  0xB6D7,0xBED7,0xAE96,0xB6B7,0xCF7B,0xBF19,0xC77B,0xB6D8,0xD7BC,0xDFFC,0xDFDB,0xEFFC,0xEFFB,0xEFFA,0xEFFA,0xEFFB,
  0xE7FB,0xE7FB,0xE7FB,0xEFFB,0xE7DA,0xEFDA,0xE79A,0xDF79,0xE77A,0xE77A,0xDF5A,0xEFDB,0xE7FC,0xE7FB,0xE7FC,0xDFFC,
  0xCFBB,0xB6D8,0xAED8,0xAEB6,0xB6D6,0xAEB6,0xC779,0xBF39,0xCF9A,0xB6D7,0xDFFD,0xDFFC,0xDFDC,0xDFFC,0xDFFB,0xE7FB,
  0xE7FB,0xE7FB,0xEFFA,0xEFDA,0xEFFA,0xEFDA,0xE7BA,0xE7BA,0xDF9A,0xD77A,0xDF9A,0xD779,0xD7BA,0xDFDB,0xDFFC,0xDFDC,
  0xDFDC,0xDFDC,0xDFDD,0xB697,0xCF7B,0xCF7A,0xCF7A,0xC77A,0xC79B,0xC79B,0xC77B,0xAEB8,0xD7DC,0xD7FC,0xDFFD,0xE7FD,
  0xDFDC,0xE7FC,0xE7BB,0xE7DB,0xE7DA,0xEFDA,0xEFDA,0xEFDA,0xE7BA,0xE79A,0xDF9A,0xDF7A,0xDFBC,0xD77B,0xD77B,0xDFBC,
  0xE7BC,0xDFBC,0xDFFD,0xDFDC,0xD7DC,0xB6B7,0xD7BA,0xCF79,0xD799,0xCF79,0xCF79,0xC738,0xCF9B,0xAEB8,0xD7DC,0xD7DC,
  0xD7BB,0xE7FC,0xE7FC,0xE7FB,0xE7DB,0xE7DB,0xEFDB,0xEFFB,0xEFFB,0xEFFB,0xEFDA,0xE79A,0xDF99,0xDF99,0xDF99,0xDFBA,
  0xD77A,0xD77A,0xDFFC,0xDFFC,0xDFFD,0xDFFC,0xD7BB,0xDFFC,0xB6B7,0xC77A,0xC759,0xCF9A,0xCF7A,0xCF9A,0xC77A,0xCF9B,
  0xAED8,0xD7FD,0xCFDC,0xDFFC,0xDFFC,0xE7FB,0xE7DA,0xE7DA,0xEFFB,0xEFFB,0xE7FB,0xE7FB,0xE7DB,0xDF9A,0xE7BA,0xDF9A,
  0xDF9A,0xE7BB,0xDF7A,0xD77A,0xE7DC,0xD7BB,0xDFDC,0xDFFD,0xCFDC,0xD7FD,0xAEF9,0xC79B,0xCF99,0xD799,0xCF99,0xCF79,
  0xCF9A,0xC77A,0xB6D7,0xCFBB,0xD7DC,0xDFDC,0xDFFC,0xE7FC,0xE7FC,0xE7FB,0xE7DB,0xEFFA,0xEFFB,0xEFDA,0xE7BA,0xDF79,
  0xDF9A,0xDF9A,0xDF9A,0xD77A,0xBED7,0xB696,0xB6B7,0xB6F8,0xAEB8,0xAEB9,0xB6FA,0xD7DD,0xB6D8,0xCF7A,0xC718,0xCF79,
  0xC718,0xCFBA,0xBF39,0xC79B,0xAEF8,0xA6B7,0xAEF9,0xAED8,0xD7DC,0xDFFD,0xE7FD,0xEFFC,0xEFFB,0xEFDB,0xEFDA,0xEFDA,
  0xE7BA,0xE799,0xE779,0xDF9A,0xDF9A,0xCF7B,0xBED8,0xBED8,0xBE97,0xBEB8,0xB6B8,0xB6D9,0xAEB9,0xD7FD,0xAED7,0xCF99,
  0xC717,0xD778,0xCF37,0xD7B9,0xC739,0xCFBC,0xA6B8,0xAEB8,0xB719,0xB6D8,0xDFFC,0xDFFC,0xDFFB,0xE7FC,0xEFFC,0xEFFB,
  0xEFDB,0xEFDB,0xEFDA,0xE7BA,0xE799,0xE7BA,0xDFBA,0xDF9A,0xD77A,0xBED7,0xBED7,0xB6D8,0xB6D8,0xB6B8,0xAEB7,0xB6D8,
  0xD7FC,0xB6B7,0xCF9B,0xBF18,0xCF9A,0xC718,0xCF79,0xC759,0xCFBB,0xA697,0xAEF9,0xAEF9,0xB6F9,0xD7FC,0xDFFC,0xE7FC,
  0xEFFB,0xEFDB,0xEFDB,0xEFDB,0xEFDB,0xE7BB,0xE79A,0xDF9A,0xDF9A,0xD79A,0xCF79,0xB6D7,0xBED8,0xB6D8,0xB697,0xB6D8,
  0xAEB8,0xAEB8,0xD7DD,0xAEB8,0xC77A,0xC718,0xD778,0xC6F7,0xCF99,0xC738,0xCFBB,0xA696,0xB6F8,0xAED8,0xDFFC,0xDFDC,
  0xDFDB,0xDFDB,0xE7FB,0xE7FB,0xEFDA,0xEFDA,0xE7BA,0xE799,0xDF79,0xDF9A,0xDF9A,0xDFBA,0xD77A,0xB696,0xCF79,0xCF79,
  0xCFBB,0xC79B,0xB71A,0xAEF9,0xC7BC,0xAEB7,0xCF9A,0xC717,0xDF98,0xC6F6,0xD7B9,0xBEF7,0xC79A,0xA6B7,0xB75A,0xB75B,
  0xAEF9,0xD7DD,0xD7FC,0xDFBC,0xE7DC,0xE7DB,0xEFFB,0xEFDA,0xE7BA,0xE799,0xDF79,0xDF79,0xDF9A,0xDFBA,0xCF9A,0xAED7,
  0xCF79,0xCF39,0xD79A,0xC77A,0xB73A,0xA6D9,0xC7DD,0xA6F8,0xCF99,0xC737,0xD778,0xC717,0xCF99,0xB718,0xBF7B,0xAEF9,
  0xAEF9,0xBF5A,0xAED8,0xD7DB,0xDFDC,0xE7FC,0xDFDB,0xE7FB,0xEFFB,0xE7DB,0xE7BA,0xE7BA,0xE79A,0xE79A,0xDF79,0xDF79,
  0xDF9A,0xD79A,0xBED7,0xCF5A,0xC73A,0xC77B,0xC77B,0xBF19,0xAED8,0xD7FC,0xB6D7,0xC77A,0xBF39,0xCF9A,0xCF57,0xD798,
  0xB6F7,0xC79A,0xA6F8,0xA719,0xB77C,0xAEF9,0xD7FD,0xD7FC,0xDFDC,0xE7DB,0xEFDB,0xEFFB,0xEFBB,0xE79A,0xE77A,0xE77A,
  0xE77A,0xDF9A,0xD7BA,0xCFB9,0xB6F7,0xC779,0xC79A,0xCF9B,0xCF7B,0xBF19,0xB6D8,0xD7FC,0xB6D8,0xCF9A,0xC6F7,0xDFBA,
  0xC718,0xD7DB,0xB6F7,0xC79A,0xA6B7,0xB719,0xBF9B,0xB6D8,0xAEB7,0xB6B7,0xC718,0xDF9A,0xEFFB,0xEFFB,0xEFDA,0xE799,
  0xE79A,0xE79A,0xDF9A,0xD77A,0xD79B,0xCF9A,0xB6B7,0xCF79,0xC738,0xBF5A,0xBF9B,0xAF3A,0xA6D9,0xC7DC,0xAEF8,0xCF99,
  0xD778,0xD778,0xDF98,0xD778,0xCF99,0xC79A,0xAED7,0xA6D8,0xA6B8,0xA6B7,0xBF19,0xAE97,0xB6B7,0xBED8,0xE7DC,0xEFDB,
  0xEFBA,0xE799,0xE799,0xE799,0xDF99,0xD79A,0xD79A,0xCFBB,0xAEB7,0xCF79,0xC718,0xCF9A,0xC77A,0xAF3A,0xA6F9,0xC7FD,
  0xA6D8,0xCFBA,0xCF78,0xD798,0xD798,0xD7BA,0xC79A,0xBF9B,0xA6D8,0xA6D8,0xAED8,0xAE97,0xB6D7,0xBED8,0xB696,0xC718,
  0xD77A,0xE7FB,0xEFFB,0xE7DA,0xE7BA,0xE799,0xDF79,0xDF9A,0xDF7A,0xD79A,0xCF7A,0xAE97,0xCF9B,0xBF3A,0xC77B,0xC77B,
  0xBF3A,0xAEB8,0xCFBC,0xB6D8,0xCF9A,0xCF9A,0xCF99,0xCF98,0xD798,0xCFB9,0xC799,0x9EB7,0xA6F9,0xAED9,0xA698,0xB6D8,
  0xB6B7,0xB6B7,0xC6F8,0xDFBA,0xEFFB,0xEFDB,0xE77A,0xE77A,0xEF7A,0xDF7A,0xD79A,0xD7BA,0xC799,0xAED6,0xC79A,0xB719,
  0xC79B,0xC75A,0xBF19,0xAEB8,0xCFBB,0xB6D8,0xCF9B,0xCF79,0xD7BA,0xD779,0xCF9A,0xCF9A,0xC77A,0xAEF8,0x9E97,0xA6B7,
  0xCF9A,0xC79A,0xCFBB,0xB6B7,0xDF5A,0xE77A,0xE7BA,0xEFDB,0xDF9A,0xDF7A,0xE77A,0xDF7A,0xAEB7,0xAEF8,0xAEF8,0xAEB7,
  0xAEB7,0xAED8,0xA6B7,0xA6D8,0x9ED8,0xA6F8,0xCFFD,0xAED8,0xCF7A,0xC719,0xD77A,0xC718,0xD79A,0xC738,0xC7BA,0xAED6,
  0xBF38,0xC799,0xCF79,0xD799,0xD779,0xCF79,0xB6D8,0xCF9B,0xDFBB,0xE7DB,0xE779,0xE779,0xE7B9,0xDFB9,0xAEB7,0xAEF8,
  0xAED8,0xAEB7,0xAEB6,0xB6D7,0xAED7,0xA6B7,0xA6D8,0x9EB8,0xCFFD,0xA6D7,0xC779,0xC758,0xD798,0xC757,0xCF99,0xBF38,
  0xBFBB,0xA6B7,0xBF38,0xCF79,0xCF79,0xD799,0xCF59,0xCF79,0xB6D7,0xD79A,0xD7BA,0xDFBA,0xEFDA,0xE799,0xE799,0xE779,
  0xDF7B,0xB677,0xB6D8,0xAED8,0xAED8,0xAED8,0xA6D8,0xAEF8,0xA6B7,0xAEB8,0xAE98,0xD7DE,0xAEB9,0xC75A,0xC779,0xC7B8,
  0xBF57,0xCF98,0xC777,0xC798,0xA6F8,0xAF39,0xCF7A,0xD759,0xDF5A,0xD77A,0xCF9B,0xAEB7,0xDFBA,0xDF99,0xE7DA,0xE79A,
  0xE77A,0xE79B,0xD77B,0xB6B8,0xAEB7,0xAED7,0xA696,0xB6D8,0xAEB8,0xAED8,0xAEB8,0xAED8,0xA6B8,0xCFDC,0xAE98,0xCF9C,
  0xC738,0xD799,0xC718,0xD77A,0xC738,0xC79A,0xA6D8,0xB739,0xC79A,0xCF9A,0xC779,0xC7BB,0xB6D8,0xDF7A,0xE779,0xE79A,
  0xE7DA,0xE79A,0xE79A,0xDF7A,0xDF9B,0xAEF9,0xBF7A,0xC7BB,0xC79A,0xCF9A,0xC77A,0xC79B,0xB75A,0xAF39,0xA6D8,0xC7DC,
  0xA6B8,0xCF7A,0xC719,0xDF9A,0xC718,0xD79A,0xBF38,0xC7BA,0xAEB6,0xBF17,0xCF78,0xD778,0xD798,0xD798,0xCF79,0xB6D8,
  0xCF9C,0xD79B,0xE7FB,0xE79A,0xE779,0xDF78,0xD799,0xAEF8,0xBF7B,0xC79B,0xC77A,0xCFBB,0xC77A,0xC79A,0xAF19,0xAF3A,
  0xAEF9,0xCFFD,0xAEB7,0xCF9A,0xC737,0xD799,0xC717,0xCF99,0xBF38,0xBF9A,0xA6B7,0xBF18,0xCF78,0xCF58,0xDF99,0xCF79,
  0xCF7A,0xB6D7,0xD79A,0xD79A,0xDFBA,0xE7DA,0xE799,0xE799,0xDF79,0xD79B,0xB6B8,0xC75A,0xC77A,0xC79B,0xBF9B,0xBF7A,
  0xBF9A,0xB739,0xB719,0xAED9,0xCFBD,0xAEB9,0xC77B,0xC778,0xC798,0xC757,0xCF98,0xC777,0xC798,0x9EF8,0xAF39,0xCF7A,
  0xD759,0xDF59,0xD759,0xC79B,0xAED8,0xD7BA,0xDFB9,0xE7FA,0xE7BA,0xE79A,0xDF7A,0xD77B,0xB6B7,0xC77A,0xC79A,0xCF9A,
  0xCF9A,0xC77B,0xC75B,0xB719,0xAEF9,0xA6F8,0xCFFC,0xAED9,0xC79C,0xC738,0xD799,0xC717,0xD79A,0xBF18,0xC79A,0xA6B8,
  0xB719,0xCF99,0xD759,0xCF39,0xC79A,0xAEF7,0xD799,0xDF99,0xE799,0xEFD9,0xE7B9,0xDFB9,0xDF99,0xCF9A,0xA6F7,0xB739,
  0xC759,0xC718,0xCF79,0xC759,0xC79A,0xAEF9,0xAF1A,0x9EB8,0xBF9C,0xB6F8,0xCF9A,0xD779,0xD798,0xD798,0xD799,0xCF99,
  0xCF9A,0xAED7,0xBF18,0xCF99,0xC737,0xD799,0xC717,0xD799,0xB6B8,0xD7BC,0xD79B,0xE7DB,0xE799,0xE779,0xDF99,0xD79A,
  0xAED8,0xB75B,0xC79B,0xBF39,0xCF9A,0xBF39,0xC79B,0xB719,0xAF1A,0x9E98,0xC77C,0xB6D9,0xCF7A,0xDF9A,0xD758,0xDF79,
  0xDF9A,0xCF79,0xC79B,0xAED7,0xBF18,0xD799,0xCF37,0xD799,0xC738,0xCF79,0xB6D7,0xD79B,0xD79A,0xDFBA,0xE7DA,0xE799,
  0xE799,0xDF9A,0xCF9A,0xB6F8,0xBF18,0xCF9A,0xBF38,0xCFBB,0xBF59,0xC7BA,0xAF18,0xAF18,0xA6B7,0xBF5B,0xAED8,0xCF9B,
  0xCF99,0xD799,0xD779,0xDFBA,0xCF78,0xC799,0xA6F8,0xAF39,0xC779,0xCF38,0xD779,0xCF39,0xC79B,0xAED8,0xD79A,0xDF99,
  0xEFDB,0xE77A,0xE79A,0xDF9A,0xCF79,0xB6D7,0xBF38,0xC799,0xC758,0xC799,0xBF59,0xC77A,0xB759,0xAF18,0xA6D7,0xBF7A,
  0xAED8,0xC77A,0xCF79,0xD7B9,0xDF99,0xD779,0xCF99,0xC779,0xAED8,0xB718,0xCF99,0xDF59,0xCF38,0xC77A,0xAEF7,0xD799,
  0xDF99,0xE799,0xEFFA,0xE798,0xDF99,0xDF99,0xCFBA,0xA6F7,0xB759,0xCF59,0xCF38,0xCF78,0xC738,0xC77A,0xB73A,0xB75B,
  0xA6D9,0xAEF9,0xA697,0xCF99,0xD798,0xD777,0xDFB8,0xCF78,0xD79A,0xC77A,0xAED8,0xBF38,0xCF9A,0xC738,0xD799,0xC717,
  0xD779,0xB6B8,0xD79C,0xDFBB,0xE7DB,0xE779,0xE779,0xE799,0xD79A,0xAEB8,0xB73A,0xC79A,0xBF38,0xC779,0xBF38,0xC79A,
  0xB73A,0xAF3B,0xA6B9,0xB6FA,0xAEB8,0xCF5A,0xDFBA,0xD758,0xDF99,0xDF99,0xD779,0xC79A,0xAED8,0xBF18,0xCF99,0xC737,
  0xD799,0xC738,0xCF7A,0xB6B7,0xD79B,0xDF9B,0xE7BB,0xEFDB,0xE79A,0xDF9A,0xD79A,0xCFBB,0xAEF8,0xBF38,0xCF79,0xBF18,
  0xCF9A,0xBF59,0xBF59,0xB739,0xB738,0xA6F8,0xAF39,0xAED8,0xCFBB,0xCF58,0xD799,0xD779,0xDF9A,0xD759,0xCF99,0xA6F8,
  0xAF59,0xC799,0xC738,0xD779,0xC738,0xC79B,0xAED8,0xD779,0xDF79,0xEFDB,0xE77A,0xE779,0xDFBA,0xCF79,0xB6F7,0xB737,
  0xC799,0xBF57,0xCF99,0xBF38,0xBF59,0xB759,0xB738,0xA6F7,0xAF38,0xAED8,0xC79A,0xCF99,0xD7B8,0xDFB9,0xD778,0xD7B9,
  0xC779,0xB6F8,0xB718,0xCF99,0xDF99,0xCF58,0xC799,0xB6F7,0xDF99,0xDF79,0xE799,0xEFDA,0xE799,0xE79A,0xDF79,0xD77A,
  0xAEF7,0xBF7A,0xCFBA,0xD799,0xD7DA,0xC758,0xAED8,0xA6B8,0x9EB9,0xA6D9,0xA6D8,0xA6D7,0xC798,0xBF56,0xD7B7,0xC755,
  0xCFB8,0xBF38,0xC79B,0xA697,0xBF18,0xC779,0xCF79,0xD779,0xD799,0xD759,0xBEB8,0xD77B,0xDF9A,0xEFDB,0xEF7A,0xEF79,
  0xE779,0xD77A,0xAED9,0xBF7B,0xCFBA,0xCFB9,0xCFB9,0xBF58,0xAED7,0xA6F8,0x9EB9,0x9ED9,0xA6F9,0xA697,0xCF9B,0xC738,
  0xD779,0xC737,0xCF98,0xBF38,0xC79A,0xAED7,0xBF18,0xCFB9,0xC757,0xD7B9,0xC759,0xCF9B,0xB6B7,0xD77B,0xDF7B,0xE79B,
  0xEFBB,0xE77A,0xE79A,0xD79A,0xCFBB,0xAED7,0xCF79,0xD779,0xCF99,0xCF9A,0xC77A,0xB718,0xAEB7,0xAEB7,0xA6B7,0xA6B7,
  0xA697,0xC79A,0xC738,0xDF99,0xCEF8,0xD759,0xCF38,0xC779,0xA6F8,0xB75A,0xCF9A,0xCF58,0xD799,0xCF59,0xCF9B,0xB6F8,
  0xDF9A,0xE779,0xEFDB,0xE77A,0xE79A,0xDF7A,0xD79A,0xB6D7,0xC799,0xCFBA,0xCFB9,0xCFBA,0xC77A,0xB6F8,0xAED7,0x9EB6,
  0x9EB6,0xA6D7,0xA6D8,0xC7BB,0xBF57,0xCFB8,0xC737,0xD799,0xC737,0xC799,0xA6D7,0xB738,0xC798,0xD798,0xC758,0xC779,
  0xB6D7,0xDF9A,0xDF79,0xE79A,0xEFBB,0xE79A,0xE79A,0xDF7A,0xD77A,0xAED7,0xB759,0xC778,0xC737,0xCF79,0xC738,0xAED8,
  0xBF9B,0xB77B,0xBFBC,0xAF39,0xA6F7,0xC7B8,0xBF76,0xCFD8,0xC756,0xCFB9,0xBF38,0xC79B,0xAEB7,0xBF18,0xCF9A,0xC738,
  0xD799,0xC737,0xCF79,0xB6B7,0xD79B,0xDF9A,0xE7BA,0xE779,0xE779,0xE799,0xD79A,0xAEB8,0xBF3A,0xC758,0xC757,0xC778,
  0xC758,0xAED7,0xBF9A,0xB77B,0xBFDC,0xAF19,0xA6B8,0xCFBB,0xBF38,0xCF99,0xC737,0xCF98,0xC758,0xC79A,0xAED7,0xBF38,
  0xCF99,0xC758,0xCF99,0xC758,0xCF7A,0xB6B7,0xD77B,0xDF7A,0xE79A,0xEFBB,0xE79A,0xDF9A,0xDF9A,0xCF9B,0xAEB7,0xC718,
  0xD779,0xC718,0xCF9A,0xBF39,0xAEB7,0xC77A,0xC759,0xC77A,0xB718,0xA6F7,0xC79A,0xC738,0xD779,0xCF18,0xD779,0xCF58,
  0xC779,0xA6F8,0xB739,0xC799,0xCF57,0xD778,0xCF38,0xC77A,0xB6D7,0xDF9A,0xDF79,0xEFBB,0xE77A,0xE79A,0xDF9B,0xD79B,
  0xB6D7,0xBF39,0xC779,0xBF58,0xC779,0xBF18,0xAEB7,0xBF7A,0xBFBA,0xC7DB,0xB738,0xAED8,0xBF5A,0xBF58,0xCFB9,0xC737,
  0xD799,0xC737,0xC799,0xA6D7,0xB738,0xCF98,0xD778,0xCF58,0xC77A,0xB6D7,0xD77A,0xDF9A,0xDF9A,0xE79A,0xD759,0xDF7A,
  0xD79A,0xD79A,0xAED8,0xBF59,0xCF79,0xC738,0xCF5A,0xC739,0xAE97,0xC79B,0xB73A,0xBFBB,0xAF38,0xA6D6,0xC7B9,0xC778,
  0xCF98,0xCF78,0xCF99,0xC779,0xC79A,0xAED7,0xBF17,0xCF99,0xBF17,0xCF98,0xBF16,0xCF99,0xAEB7,0xD7BB,0xD7BA,0xDFDA,
  0xDF79,0xE799,0xE799,0xDF99,0xAE96,0xBEF7,0xCF78,0xCF77,0xC757,0xC757,0xAED6,0xBF9A,0xAF59,0xB77A,0xAF39,0xA6F7,
  0xC79A,0xC779,0xCF99,0xCF98,0xCF98,0xCF99,0xC79A,0xAEB7,0xBF18,0xCF79,0xC758,0xCF79,0xC758,0xC759,0xB6B7,0xD79A,
  0xDF9A,0xDF99,0xE7B9,0xDF79,0xDF99,0xD7BA,0xCF9B,0xB6D8,0xC6F8,0xDF79,0xBEF7,0xCFBA,0xB719,0xAEB8,0xCF7A,0xBF39,
  0xC799,0xAF37,0xA6F7,0xBFB9,0xC758,0xD79A,0xD759,0xD7BA,0xCF78,0xC799,0xA6D7,0xAF18,0xC778,0xC756,0xCF78,0xCF58,
  0xC77A,0xB6B7,0xDF9A,0xDF79,0xE79A,0xE77A,0xDF5A,0xDF9B,0xCF5A,0xBEF8,0xB6F8,0xC779,0xBF38,0xCF9A,0xC739,0xAE97,
  0xC77A,0xB759,0xBF59,0xAEF8,0xAED8,0xCF9B,0xC779,0xD799,0xD779,0xD779,0xCF79,0xCF79,0xAED8,0xB719,0xCF99,0xD799,
  0xCF59,0xC79A,0xAED7,0xCF99,0xCF99,0xCF98,0xC798,0xCFB8,0xCFB9,0xCF99,0xC779,0xAED7,0xBF7A,0xCFBA,0xCF9A,0xCF7B,
  0xC75A,0xAEB7,0xBFBA,0xAF38,0xB798,0xA757,0x9ED5,0xB798,0xB737,0xC798,0xBF37,0xC7B9,0xBF37,0xC799,0xA6B5,0xAF36,
  0xB777,0xC7B8,0xC797,0xCFD8,0xC778,0xB6F8,0xCF9A,0xCF9A,0xDFDA,0xDF99,0xDFB9,0xD798,0xCF97,0xAED6,0xBF98,0xBF96,
  0xC796,0xC7B7,0xBF77,0xA6F5,0xB798,0xAF57,0xB7B9,0xA737,0x9ED5,0xBFB9,0xBF37,0xCFB9,0xC757,0xCF78,0xC757,0xC79A,
  0xAEB6,0xBF18,0xCF78,0xCF78,0xD7B9,0xCF79,0xCF9A,0xAED6,0xC7B9,0xCF98,0xCF98,0xCFB8,0xCF97,0xCFB8,0xC7B9,0xC7BB,
  0xA697,0xD79A,0xD758,0xD799,0xCF99,0xC79A,0xA6D7,0xC77A,0xB717,0xB7B8,0xA736,0x96F5,0xB7B8,0xB737,0xCF98,0xC737,
  0xCF98,0xBF57,0xBF97,0x9EF5,0xA756,0xBFB7,0xBF97,0xC7B7,0xC798,0xC7B9,0xAED7,0xDFBA,0xDF79,0xE79A,0xE79A,0xDFBA,
  0xD799,0xC779,0xAEB6,0xBF58,0xBFB9,0xC798,0xC799,0xC799,0xA6B6,0xBF9A,0xAF37,0xB798,0xAF37,0xA6D6,0xBF79,0xBF37,
  0xCF99,0xC717,0xD799,0xC738,0xCF7A,0xA6B7,0xB738,0xC798,0xCF7A,0xB6D7,0xC77A,0xA6B7,0xBF98,0xBFB7,0x7E30,0x764F,
  0x762F,0x7E50,0xBFF8,0xBF98,0x9E96,0xA697,0xCFDB,0xAEB7,0xBF7A,0xA6D7,0xA716,0xAF98,0xAFB7,0x7630,0x7610,0x7630,
  0x75F0,0x9F15,0xB797,0x9EF5,0xB7B8,0x9EF5,0xB7B7,0x7610,0x6E2F,0x6E4F,0x7630,0xB7B7,0xB756,0xBF77,0xB6F7,0xCF7A,
  0xD779,0xDFBA,0xD778,0xCF98,0xC7D7,0xB7D6,0x7630,0x6E50,0x762F,0x762F,0xAFD6,0xA775,0x96F3,0xA7B6,0x6E10,0x7651,
  0x6E10,0x7E30,0xAF96,0xB756,0xC7B8,0xBF36,0xCFB8,0xBF37,0xC779,0xAEF7,0xBF17,0xD7B9,0xBEF6,0xD7B9,0xBF57,0xBF98,
  0xA715,0xBFF9,0xAFB6,0x7E30,0x7E2F,0x7E2F,0x760F,0xB7F8,0xB7DA,0x9ED7,0xBF37,0xCF58,0xC737,0xCFB9,0xAF37,0x9EF6,
  0xAF78,0xAFB8,0x7650,0x6E50,0x662F,0x6E30,0xA755,0xBF96,0xB715,0xC7D7,0xAF75,0xAFB6,0x7651,0x6E30,0x760F,0x764F,
  0xAFB5,0xAF96,0xB7B8,0xA6F6,0xCFB9,0xD799,0xDF99,0xD799,0xCFF8,0xBFB7,0xB7D8,0x7E31,0x75F0,0x7630,0x7E30,0xAFB6,
  0x96D4,0x96F4,0xAFD7,0x6DEF,0x7650,0x6E0F,0x7631,0xAFB7,0xAF36,0xC7D9,0xBF16,0xC778,0xC758,0xBF98,0x9ED6,0xA717,
  0xB797,0xC79A,0xAEF7,0xB779,0x96B5,0x7E30,0x6E4F,0x76AF,0x6ECF,0x76EF,0x76CF,0x6E4E,0x7630,0x96D5,0x9EF7,0xB779,
  0xA6D6,0xB7B9,0x8ED5,0x86B3,0x660F,0x6E90,0x76D0,0x6E8F,0x7690,0x76B1,0x660F,0x7651,0xA7B7,0xA7F7,0x6E0F,0x6E0F,
  0x76B0,0x66EF,0x66CF,0x76F0,0x6E0E,0x7E2F,0xB796,0xA6D5,0xC799,0xD7D9,0xBF57,0xCFD8,0xB796,0x762F,0x6E6E,0x6EAF,
  0x6F10,0x6ED0,0x76F0,0x662E,0x662E,0x662E,0x6E6F,0x76D0,0x6EAF,0x6EAF,0x76B0,0x764F,0x75EF,0xB796,0xB797,0xC7D8,
  0xB777,0xBFB8,0x9E94,0xB716,0xCF98,0xC756,0xCFB8,0xAF36,0xB7F8,0x8EF3,0x6E30,0x6E4F,0x76D0,0x76D0,0x7EF0,0x76B0,
  0x664F,0x6E32,0x8ED5,0xAF56,0xC7D8,0xB756,0xAF56,0xA777,0x8ED4,0x7630,0x662F,0x668F,0x6EF0,0x6EF0,0x76F0,0x6E0E,
  0x7E2E,0xB7D5,0xA794,0x764F,0x660E,0x6E90,0x6EB0,0x76D0,0x76F0,0x6E4E,0x6E2F,0xA7B6,0x96F5,0xBFB8,0xCFD8,0xCFB8,
  0xCFD8,0xAF94,0x764F,0x6E6F,0x6E6F,0x76D0,0x76F0,0x76AF,0x6E4E,0x6E6F,0x660E,0x666F,0x6EB0,0x6ECF,0x66AF,0x6E8F,
  0x6E4F,0x760F,0xB7B7,0xBF97,0xC7B7,0xBFD8,0xB7B7,0x96F5,0x9F76,0x760F,0xBFB8,0xAF97,0x6E31,0x5E0F,0x7711,0x66AE,
  0x6F0E,0x6F0E,0x6EEE,0x6F0E,0x66EF,0x66F0,0x560F,0x6610,0xAF97,0xAFB7,0x6E50,0x6670,0x5E4E,0x566E,0x5EAE,0x5EEE,
  0x66EF,0x5ECE,0x66CF,0x6F31,0x66B0,0x5E4E,0x562D,0x6ED0,0x6EF0,0x66CE,0x5F0E,0x5EEE,0x66CF,0x6EAF,0x6EAF,0x6E2F,
  0x7631,0x9715,0xAFB6,0x7E51,0x7630,0x764F,0x664D,0x6ECE,0x66EE,0x56AD,0x5EEE,0x6710,0x66CF,0x66D0,0x562D,0x4E4D,
  0x5EEF,0x5F0E,0x5EEE,0x5ECE,0x76F0,0x76B0,0x6E4F,0x7650,0xA7B6,0x8F13,0x6E30,0x7630,0xAF96,0xB796,0xB796,0xB7B6,
  0xAFD7,0x6E2F,0x664F,0x6EF0,0x66EF,0x66CE,0x5ECD,0x66EE,0x6F10,0x66D0,0x6ED1,0x6650,0x6E0E,0xAFB5,0xA7D5,0x7E90,
  0x6E50,0x5E2E,0x5E4E,0x66AE,0x670F,0x5EEE,0x4EAD,0x670F,0x6EEE,0x76CE,0x6E6D,0x666D,0x6EAF,0x6F10,0x66F0,0x5EAF,
  0x6710,0x5E8D,0x6EEF,0x668F,0x664F,0x6E50,0x8EF3,0xAFD7,0x7E10,0x760E,0x768E,0x5E6C,0x5E8E,0x66EF,0x670F,0x56CD,
  0x670E,0x66EE,0x66CE,0x566D,0x4E4C,0x5F0F,0x56CD,0x5EEE,0x6F30,0x66AF,0x76F1,0x5DED,0x7E6F,0xAFD5,0x8F12,0x6E4F,
  0x6670,0x5E4F,0x5E4D,0xA7B5,0x7650,0x7732,0x66F0,0x56CE,0x672E,0x66ED,0x5ECC,0x66ED,0x5EED,0x56ED,0x5EEF,0x568F,
  0x560E,0x6E70,0x662E,0x6ED0,0x670F,0x56AE,0x5EEE,0x56CD,0x4EAC,0x570D,0x5F2E,0x5EEE,0x5EEE,0x5EEF,0x670F,0x670F,
  0x56AD,0x56CD,0x5EED,0x56ED,0x4E8C,0x56AD,0x566D,0x4E2C,0x66AF,0x6ED1,0x5E0E,0x666F,0x6EB0,0x76F1,0x668F,0x66CE,
  0x568C,0x4E6B,0x5F0E,0x570E,0x56EE,0x6730,0x66EF,0x5EEF,0x5EEE,0x4E8C,0x570D,0x570D,0x674F,0x568D,0x4E0C,0x5E4E,
  0x5E0E,0x5E4E,0x666F,0x6ED1,0x76D1,0x660E,0x764F,0x762E,0xAFF5,0x6E4F,0x6ED0,0x66CF,0x5EEF,0x5EEE,0x5F2E,0x5EED,
  0x56CD,0x5F0E,0x5EEF,0x5EAF,0x6ED0,0x6EAF,0x6E6E,0x5E2D,0x668F,0x66AF,0x66F0,0x5ECD,0x568C,0x56AC,0x5F0D,0x570E,
  0x56ED,0x5F0D,0x670D,0x5ECD,0x66EE,0x566D,0x5EEE,0x56CE,0x56CE,0x4E8C,0x568D,0x4E6C,0x566D,0x66AF,0x6690,0x5E2E,
  0x664E,0x76B0,0x76F0,0x66CE,0x66ED,0x4E8C,0x4E8C,0x56ED,0x570D,0x5F2E,0x5F0E,0x670F,0x5ECE,0x5EEE,0x468C,0x5F0D,
  0x5F2E,0x5EED,0x5ECE,0x4E2C,0x5E6D,0x5DEC,0x662D,0x6EAF,0x6ECF,0x66D0,0x5ECF,0x5EEE,0x5E6C,0x564C,0x5EAE,0x5ECF,
  0x5F2F,0x5F0E,0x5EED,0x670E,0x670E,0x5EED,0x5F2E,0x4EAD,0x4E6D,0x4E4D,0x5EAE,0x66CE,0x66EE,0x5EEE,0x670E,0x5F0D,
  0x56CC,0x5F0D,0x466B,0x4E6B,0x5EEE,0x670E,0x5EEE,0x5EEE,0x5EEE,0x462B,0x56AC,0x56AC,0x466B,0x5F0E,0x56CD,0x56CE,
  0x5F0E,0x568D,0x4E2D,0x6F10,0x66EF,0x66EF,0x6F30,0x66EF,0x670E,0x56ED,0x56CC,0x56AC,0x4E6B,0x670E,0x66CE,0x5EAE,
  0x6EEF,0x568D,0x4E4B,0x5F2D,0x5F2D,0x4EAB,0x4E8C,0x5ECE,0x5EAF,0x6710,0x66EF,0x5EAE,0x5EEF,0x6710,0x66CF,0x6EAE,
  0x76EF,0x5E2D,0x564D,0x66F0,0x5EEF,0x5F0F,0x5F0E,0x5EED,0x5F0E,0x5F0E,0x56CE,0x5F0F,0x5ECE,0x566D,0x5E8D,0x5EAD,
  0x66EF,0x6F71,0x56CE,0x670F,0x5F0D,0x5ECC,0x5EED,0x4E6B,0x466B,0x572E,0x572D,0x570C,0x5F0D,0x5F0E,0x466C,0x56CE,
  0x4E8D,0x56AD,0x4E8C,0x5EEE,0x670E,0x5EAD,0x564D,0x564D,0x6F10,0x66EF,0x5EEE,0x66EE,0x66CD,0x66ED,0x670F,0x5EEE,
  0x4E8C,0x4E8C,0x5ECD,0x66EE,0x66CE,0x66CE,0x672F,0x462B,0x5EED,0x56CD,0x4E2B,0x568D,0x5ECE,0x568D,0x5E4C,0x6EAE,
  0x6ECE,0x66AE,0x6710,0x5F0F,0x5EED,0x672E,0x56AC,0x568D,0x4E8D,0x56EE,0x56EE,0x4E8C,0x4E6C,0x4E6C,0x4E4B,0x56EE,
  0x4EAD,0x56CE,0x5EEF,0x5F0E,0x670D,0x670E,0x672E,0x5F0D,0x5F0D,0x5F0D,0x674E,0x5F0D,0x5EED,0x4E6C,0x66EE,0x5ECD,
  0x5ECD,0x56AD,0x4E6B,0x56CC,0x4E6B,0x5F0E,0x672E,0x56CE,0x56CD,0x4E8B,0x56ED,0x5F0F,0x5EEE,0x5F0E,0x5EED,0x5F0E,
  0x56EE,0x5F0E,0x5F2E,0x672E,0x56CC,0x56EC,0x56AC,0x5EAD,0x66CF,0x6EEF,0x5E8D,0x56AC,0x4E8B,0x468A,0x466A,0x56CD,
  0x670F,0x5ECE,0x5EEF,0x5EEE,0x672F,0x6770,0x4EAC,0x6F6F,0x670E,0x66CD,0x670F,0x66EF,0x4E6D,0x464C,0x5EEE,0x5EED,
  0x4E6B,0x4E4B,0x568C,0x4E8C,0x5EEE,0x4E8C,0x5EEE,0x5EED,0x56CD,0x56CE,0x5F0F,0x5F0E,0x5F0E,0x5F0D,0x670D,0x5F0D,
  0x672F,0x5F0E,0x468C,0x570D,0x5F2D,0x5F2E,0x4E8C,0x464C,0x4E8D,0x4E6D,0x56CE,0x672E,0x5EED,0x5ECD,0x4E4B,0x5EEE,
  0x670F,0x56AD,0x5F0E,0x570D,0x674E,0x670E,0x66EE,0x5F0E,0x5F0E,0x5F0E,0x5EED,0x566C,0x66EE,0x66CE,0x5EAE,0x5EAD,
  0x568C,0x56AC,0x568C,0x566C,0x5EAD,0x4E6C,0x56CD,0x66AD,0x66AD,0x6EEE,0x670E,0x670F,0x5F0E,0x5F0D,0x5EED,0x672F,
  0x568D,0x5ECE,0x56AD,0x464B,0x672E,0x5EEE,0x5EED,0x670E,0x4EAC,0x464B,0x5EEF,0x66EF,0x56AD,0x670E,0x5F0E,0x672E,
  0x56CD,0x674E,0x5F2D,0x56CC,0x5F0D,0x5EEE,0x4E6C,0x56AE,0x568D,0x5ECE,0x56AD,0x56CD,0x5EED,0x5EED,0x4E4B,0x4E4C,
  0x670F,0x56AD,0x4E8B,0x5F2E,0x56CC,0x5F0D,0x5F2D,0x672D,0x672F,0x5F0E,0x5F2E,0x5F0E,0x670E,0x5F0E,0x5F2D,0x4E6A,
  0x670E,0x66CE,0x562C,0x564C,0x5EED,0x56CC,0x5F4E,0x570D,0x4E6C,0x568D,0x5ECE,0x66EE,0x5F0E,0x5F2E,0x5F2E,0x5F2E,
  0x5ECC,0x670D,0x66ED,0x66EE,0x5EEE,0x5EEE,0x5F0F,0x4E6C,0x566C,0x670E,0x5EED,0x5EED,0x5F0F,0x466C,0x466C,0x56ED,
  0x56ED,0x672F,0x5F0F,0x670F,0x670F,0x5EEE,0x5EED,0x6F4E,0x56AD,0x5ECE,0x5EEF,0x4E4C,0x5EEE,0x4E8B,0x4E6B,0x66EE,
  0x670F,0x5EAE,0x5ECE,0x4E6C,0x4E6C,0x56CD,0x5EED,0x4E8C,0x670E,0x56AD,0x674F,0x5F2E,0x5F2D,0x5F2D,0x5F0D,0x672E,
  0x5EEE,0x570E,0x5F2E,0x570D,0x4E6B,0x5EED,0x5EAE,0x568D,0x4E4C,0x5EEE,0x5F0D,0x5EED,0x5ECD,0x4E6C,0x468C,0x5F2E,
  0x670E,0x66EE,0x66EE,0x5EEE,0x5F0F,0x5F4F,0x5F2D,0x5EED,0x670E,0x4E6C,0x4E6C,0x5EEE,0x5EED,0x5EEE,0x5EED,0x670E,
  0x5EED,0x5EED,0x672F,0x4E4C,0x568D,0x670E,0x5EED,0x670E,0x5EED,0x672E,0x5F2D,0x5F2D,0x674E,0x5EED,0x5F0E,0x4E8C,
  0x4E6D,0x5ECE,0x56AE,0x5F0E,0x672E,0x5F0D,0x5EED,0x66EE,0x66EE,0x4E2B,0x56AD,0x5F2D,0x56CC,0x5F2E,0x5F2D,0x674D,
  0x5F0C,0x5F0E,0x672F,0x5F0E,0x5EED,0x672E,0x5F0D,0x5F0D,0x56EC,0x4E8C,0x4E4C,0x66EF,0x66EE,0x5EEE,0x5F2E,0x56EC,
  0x5F2E,0x5EED,0x5EEE,0x566C,0x4E6C,0x5F0E,0x5F0D,0x5F0D,0x5F0D,0x674E,0x5EED,0x670D,0x670E,0x5EEE,0x4E6C,0x4E4B,
  0x670E,0x5ECD,0x66ED,0x670E,0x5ECD,0x5F2F,0x570E,0x5F0D,0x4EAC,0x4E8C,0x5EEE,0x5EEE,0x670F,0x5EEE,0x670E,0x670D,
  0x5F0D,0x672F,0x5EEF,0x5EEF,0x4E6D,0x4E6C,0x5EED,0x66ED,0x5ECD,0x66EF,0x66EF,0x5EEE,0x66EE,0x5EED,0x4EAC,0x4EAC,
  0x5EED,0x5EED,0x674F,0x56ED,0x5F0D,0x676D,0x5F0C,0x672D,0x5F0D,0x5F0E,0x676F,0x56ED,0x5F0E,0x5F0D,0x4E8C,0x4E6C,
  0x5EEE,0x5F0E,0x5F0E,0x5EED,0x5F0D,0x5EEE,0x5EEE,0x570E,0x468C,0x464B,0x5EED,0x5EEE,0x5F0E,0x5F2F,0x570E,0x5F2D,
  0x5EED,0x5ECD,0x5ECD,0x5EEE,0x5F0E,0x5F0D,0x5F0E,0x5F2E,0x670E,0x5F0D,0x5EED,0x5F0E,0x5EEE,0x5ECD,0x5ECD,0x5EED,
  0x5F0E,0x5F2E,0x5F0E,0x5F0E,0x5F2E,0x5F2E,0x5EED,0x56AC,0x5EED,0x5F0E,0x5EEE,0x5F0E,0x5F0E,0x5F0E,0x5F0E,0x5F0E,
  0x5F0E,0x5EED,0x5ECD,0x56CD,0x56ED,0x5F0D,0x5F2E,0x5F0D,0x5F0D,0x5F0D,0x5F0E,0x5F0E,0x5F0E,0x5F0E,0x5F0E,0x5F0E,
  0x5F0D,0x56EC,0x56CC,0x5EED,0x5EEE,0x5F0E,0x5F0D,0x5F0E,0x5F2E,0x5F0D,0x5EED,0x5F0E,0x5EED,0x5EED,0x56ED,0x5EED,
  0x5F0E,0x5F0E,0x5F0D,0x5F0D,0x5F0D,0x5EED,0x56CD,0x56CD,0x5F0E,0x5F0E,0x5F0D,0x5F0D,0x5F0D,0x5F0E,0x5F0E,0x5F0E,
  0x5F0D,0x5F0D,0x56ED,0x56CD,0x56CD,0x5F0E,0x670E,0x5F0E,0x5F0E,0x5F2E,0x5F0E,0x5ECD,0x56CD,0x5ECD,0x5EED,0x5F0D,
  0x670D,0x670D,0x5F0E,0x5F0E,0x5F0E,0x5F0E,0x5F0E,0x5F0D,0x56AC,0x56ED,0x5F0D,0x672E,0x5F2E,0x5F0D,0x5F2D,0x5F2D,
  0x5F2D,0x5F0E,0x5F0E,0x5F2E,0x5F2E,0x5F0D,0x56ED,0x56AC,0x5EED,0x5F0E,0x5F0E,0x5F0E,0x5F0E,0x5F0E,0x5F0E,0x5F0E,
  0x5F0E,0x5F0D,0x56CD,0x56CC,0x5ECD,0x5F0E,0x5F2E,0x5F0E,0x5F2D,0x5F0D,0x5EED,0x5F0D,0x5F0D,0x5F0E,0x5F0D,0x5F0E,
  0x5F2E,0x5F2E,0x5F0E,0x5F0D,0x5F0E,0x5F0D,0x5F0D,0x5EED,0x5F0D,0x5F0D,0x5F0E,0x5F0E,0x5F0D,0x5F2E,0x672E,0x5F0D,
  0x5EED,0x5F0D,0x5F0D,0x5F0D,0x5F0D,0x5F0D,0x5F0E,0x5F0E,0x5F0E,0x5F0E,0x5F0D,0x5F0D,0x5EED,0x5F0D,0x5F0E,0x5F2E,
  0x5F0E,0x5F0E,0x5F0E,0x5F0E,0x5F0E,0x5F0E,0x5F0E,0x5F0E,0x5F0E,0x5F2E,0x5F0D,0x5EED,0x5F0D,0x5F0E,0x5F0E,0x5F0E,
  0x5F2E,0x5F2E,0x5F0E,0x5F0D,0x5F0E,0x5F0D,0x5F0D,0x5EED,0x5F0D,0x5F0D,0x5F0D,0x5F0E,0x5F0E,0x5F0D,0x5F0D,0x5F0D,
  0x5EED,0x5F0D,0x5F0D,0x5F0D,0x5F0D,0x5F0D,0x5F0D,0x5F0E,0x5F0E,0x5F0E,0x5F0D,0x5F0D,0x5EED,0x5F0D,0x5F2E,0x5F2E,
  0x5F0E,0x5F0E,0x5F2E,0x5F2E,0x5F0D,0x5EED,0x5F0D,0x5F0D,0x5F0E,0x5F0D,0x5F0E,0x5F0E,0x5F0E,0x5F0E,0x5F0D,0x5F0D,
  0x5F0D,0x5EED,0x5F0D,0x5F2E,0x672E,0x5F2E,0x5F0D,0x5F0E,0x5F2E,0x5F2E,0x5F0E,0x5F0D,0x5F2E,0x672E,0x5F2E,0x5F0D,
  0x5EED,0x5F0D,0x5F0D,0x5F0D,0x5F0E,0x5F0E,0x5F0E,0x5F0E,0x5F0D,0x5F0E,0x5F0D,0x5F0D,0x5EED,0x5F0D,0x5F2E,0x5F2E,
  0x5F0E,0x5F0E,0x5F0E,0x5F0D,0x5F0D,0x5F2E,0x5F2E,0x5F0E,0x5F0E,0x5F2E,0x5F2E,0x5F0E,0x5F0E,0x5F2E,0x5F2E,0x5F0D,
  0x5F0D,0x5F0E,0x5F0E,0x5F0E,0x5F0E,0x5F0D,0x5F0E,0x5F2E,0x5F2E,0x5F0D,0x5F0D,0x5F0D,0x5F0E,0x5F0E,0x5F0E,0x5F0E,
  0x5F0E,0x5F0E,0x5F0E,0x5F0E,0x5F0D,0x5F0D,0x5F0E,0x672E,0x5F2E,0x5F0D,0x5F0E,0x5F0E,0x5F0E,0x5F0E,0x5F0E,0x5F0E,
  0x5F0E,0x5F0E,0x5F2E,0x5F0E,0x5F0D,0x5F0E,0x5F2E,0x5F0E,0x5F0E,0x5F2E,0x5F2E,0x5F0E,0x5F0E,0x5F2E,0x5F2E,0x5F0D,
  0x5F0D,0x5F0E,0x5F0D,0x5F0D,0x5F0E,0x5F0E,0x5F0E,0x5F0E,0x5F0D,0x5F0D,0x5F0D,0x5F0E,0x5F0E,0x5F0E,0x5F0E,0x5F0E,
  0x5F0E,0x5F0E,0x5F2E,0x5F2E,0x5F0E,0x5F0D,0x5F0E,0x5F2E,0x5F2E,0x5F0D,0x5F0D,0x5F2E,0x5F2E,0x5F0E,0x5F0D,0x5F0E,
  0x5F2E,0x5F2E,0x5F0E,0x5F0E,0x5F0E,0x5F2E,0x5F0E,0x5F0E,0x5F0D,0x5F0D,0x5F0E,0x5F2E,0x672E,0x5F2E,0x5F0E,0x5F0E,
  0x5F0E,0x5F0E,0x5F0E,0x5F0E,0x5F0E,0x5F0E,0x5F2E,0x672E,0x5F2E,0x5F0E,0x5F0D,0x5F0D,0x5F0E,0x5F0E,0x5F2E,0x5F0E,
  0x5F0E,0x5F0E,0x5F2E,0x5F2E,0x5F0E,0x5F0D,0x5F0E,0x5F2E,0x5F2E,0x5F0D,0x5F0E,0x5F0E,0x5F0E,0x5F0E,0x5F0E,0x5F0E,
  0x5F0E,0x5F0E,0x5F0E,0x5F0E,0x5F0E,0x5F0E,0x5F0E,0x5F0E,0x5F0E,0x5F0E,0x5F0E,0x5F2E,0x5F2E,0x5F2E,0x5F0E,0x5F0E,
  0x5F0E,0x5F0E,0x5F0E,0x5F0E,0x5F0E,0x5F0E,0x5F0E,0x5F0E,0x5F0E,0x5F0E,0x5F0E,0x5F0E,0x5F0E,0x5F0E,0x5F0E,0x5F2E,
  0x5F2E,0x5F0E,0x5F0D,0x5F0E,0x5F0E,0x5F0E,0x5F0E,0x5F0E,0x5F0E,0x5F0E,0x5F0E,0x5F0E,0x5F0E,0x5F0E,0x5F2E,0x5F0E,
  0x5F0D,0x5F0D,0x5F0E,0x5F0E,0x5F0E,0x5F0E,0x5F0E,0x5F0E,0x5F0E,0x5F0E,0x5F0E,0x5F2E,0x5F2E,0x5F0E,0x5F0E,0x5F0E,
  0x5F0E,0x5F0D,0x5F0D,0x5F0E,0x5F0E,0x5F0E,0x5F0E,0x5F0E,0x5F0E,0x5F0E,0x5F0E,0x5F2E,0x5F0E,0x5F0E,0x5F0E,0x5F0E,
  0x5F2E,0x5F0E,0x5F0D,0x5F0D,0x5F0E,0x5F2E,0x5F0E,0x5F0E,0x5F0E,0x5F0E,0x5F2E,0x5F0E,0x5F0E,0x5F2E,0x5F2E,0x5F2E,
  0x5F0E,0x5F0E,0x5F0D,0x5F2E,0x5F0E,0x5F0D,0x5F0D,0x5F0E,0x5F0E,0x5F0E,0x5F0E,0x5F0E,0x5F0E,0x5F0E,0x5F0E,0x5F0D,
  0x5F0D,0x5F0E,0x5F2E,0x5F0D,0x5F0E,0x5F0E,0x5F2E,0x5F2E,0x5F2E,0x5F0E,0x5F0E,0x5F2E,0x5F0E,0x5F0E,0x5F0E,0x5F0E,
  0x5F2E,0x5F0E,0x5F0D,0x5F0E,0x5F0D,0x5F0E,0x5F0E,0x5F0E,0x5F0E,0x5F0E,0x5F0E,0x5F0E,0x5F0E,0x5F0E,0x5F0E,0x5F0E,
  0x5F0E,0x5F0E,0x5F0E,0x5F0D,0x5F0E,0x5F2E,0x5F2E,0x5F2E,0x5F0E,0x5F0D,0x5F0D,0x5F0E,0x5F2E,0x5F2E,0x5F2E,0x5F0E,
  0x5F0E,0x5F0E,0x5F0E,0x5F0E,0x5F0E,0x5F0E,0x5F0E,0x5F0E,0x5F0E,0x5F0E,0x5F0D,0x5F0D,0x5F0E,0x5F0E,0x5F0E,0x5F0E,
  0x5F0E,0x5F0E,0x5F0E,0x5F0E,0x5F0D,0x5F0E,0x5F2E,0x5F0E,0x5F0E,0x5F0D,0x5F0E,0x5F0E,0x5F0E,0x5F0E,0x5F0E,0x5F0E,
  0x5F0E,0x5F0E,0x5F0E,0x5F0D,0x5F2E,0x5F2E,0x5F0E,0x5F0D,0x5F0D,0x5F0D,0x5F0D,0x5F0D,0x5F0E,0x5F0E,0x5F0E,0x5F0E,
  0x5F0E,0x5F0E,0x5F0E,0x5F0E,0x5F2E,0x5F0E,0x5F0D,0x5F0E,0x5F0E,0x5F0E,0x5F0E,0x5F0E,0x5F0E,0x5F0E,0x5F0E,0x5F0E,
  0x5F0E,0x5F0D,0x5F0E,0x5F2E,0x5F0E,0x5F0E,0x5F2E,0x5F2E,0x5F0E,0x5F0E,0x5F0E,0x5F0E,0x5F0E,0x5F0D,0x5F0D,0x5F0D,
  0x5F0E,0x5F2E,0x5F0E,0x5F0D,0x5F0D,0x5F0E,0x5F2E,0x5F0E,0x5F0D,0x5F0D,0x5F0D,0x5F0E,0x5F0E,0x5F0E,0x5F0E,0x5F0E,
  0x5F2E,0x5F2E,0x5F0E,0x5F0E,0x5F2E,0x5F0E,0x5F0D,0x5F0E,0x5F0E,0x5F0E,0x5F0E,0x5F0E,0x5F0E,0x5F0E,0x5F2E,0x5F2E,
  0x5F0E,0x5F0E,0x5F2E,0x5F2E,0x5F0E,0x5F0E,0x5F2E,0x5F2E,0x5F0E,0x5F0E,0x5F2E,0x5F2E,0x5F0E,0x5F0D,0x5F0D,0x5F0E,
  0x5F2E,0x5F2E,0x5F0D,0x5F0D,0x5F2E,0x5F0E,0x5F0E,0x5F0E,0x5F0E,0x5F0E,0x5F0E,0x5F0E,0x5F0E,0x5F2E,0x5F0E,0x5F0E,
  0x5F2E,0x5F2E,0x5F0E,0x5F0E,0x5F2E,0x5F0E,0x5F0E,0x5F0E,0x5F0E,0x5F0E,0x5F0E,0x5F0E,0x5F0E,0x5F0D,0x5F0E,0x5F2E,
  0x5F0E,0x5F0E,0x5F2E,0x5F2E,0x5F2E,0x5F0E,0x5F2E,0x5F2E,0x5F0E,0x5F0E,0x5F2E,0x5F2E,0x5F0E,0x5F0E,0x5F0D,0x5F0D,
  0x5F0D,0x5F0D,0x5F0E,0x5F0E,0x5F0E,0x5F0E,0x5F0E,0x5F0E,0x5F0E,0x5F0E,0x5F0E,0x5F0E,0x5F0E,0x5F2E,0x5F0E,0x5F0D,
  0x5F0E,0x5F0E,0x5F0E,0x5F0E,0x672E,0x672E,0x5F0E,0x5F0E,0x5F0E,0x5F0E,0x5F0D,0x5F0E,0x5F2E,0x5F0E,0x5F0E,0x5F0E,
  0x5F0E,0x5F0E,0x5F0E,0x5F0E,0x5F0E,0x5F2E,0x5F2E,0x5F0E,0x5F2E,0x5F2E,0x5F2E,0x5F0E,0x5F0D,0x5F0D,0x5F0E,0x5F2E,
  0x5F2E,0x5F2E,0x5F0E,0x5F2E,0x5F2E,0x5F0E,0x5F0E,0x5F0E,0x5F0E,0x5F0E,0x5F0E,0x5F0E,0x5F0E,0x5F2E,0x5F0E,0x5F0D,
  0x5F0E,0x5F0E,0x5F0E,0x5F0E,0x672E,0x5F0E,0x5F0E,0x5F2E,0x5F2E,0x5F0E,0x5F0D,0x5F2E,0x5F2E,0x5F0D,0x5F0D,0x5F2E,
  0x5F2E,0x5F0D,0x5F0E,0x5F2E,0x5F2E,0x5F0E,0x5F0E,0x5F0D,0x5F0D,0x5F0E,0x5F2E,0x5F0E,0x5F0E,0x5F2E,0x5F0E,0x5F0E,
  0x5F0E,0x5F0E,0x5F0E,0x5F0E,0x5F0E,0x5F0E,0x5F2E,0x5F0D,0x5F0E,0x5F2E,0x5F2E,0x5F0D,0x5F0E,0x672E,0x5F0E,0x5F0E,
  0x5F0E,0x5F0E,0x5F0E,0x5F0E,0x5F0E,0x5F0E,0x5F0D,0x5F2E,0x5F2E,0x5F0D,0x5F0E,0x5F2E,0x5F2E,0x5F0E,0x5F0D,0x5F2E,
  0x5F2E,0x5F0D,0x5F0E,0x5F2E,0x5F2E,0x5F0E,0x5F0D,0x5F0D,0x5F0D,0x5F0E,0x5F0E,0x5F0E,0x5F2E,0x5F2E,0x5F0E,0x5F0E,
  0x5F0E,0x5F0E,0x5F0E,0x5F0E,0x5F0E,0x5F0D,0x5F0E,0x5F0D,0x5F0E,0x5F2E,0x5F2E,0x5F0D,0x5F0E,0x672E,0x672E,0x5F0E,
  0x5F0D,0x5F2E,0x5F2E,0x5F0E,0x5F0D,0x5F0E,0x5F0E,0x5F0E,0x5F0E,0x5F0E,0x5F0E,0x5F0E,0x5F0E,0x5F0E,0x5F2E,0x5F2E,
  0x5F2E,0x5F2E,0x5F0E,0x5F0E,0x5F0E,0x5F0E,0x5F0E,0x5F0E,0x5F0E,0x5F0E,0x5F2E,0x5F2E,0x5F2E,0x5F2E,0x5F0E,0x5F0E,
  0x5F0E,0x5F0E,0x5F0E,0x5F0E,0x5F0E,0x5F0E,0x5F0E,0x5F0D,0x5F0E,0x5F2E,0x5F2E,0x5F0D,0x5F0E,0x672E,0x5F0E,0x5F0D,
  0x5F2E,0x5F2E,0x5F0D,0x5F0D,0x5F0E,0x5F0E,0x5F0D,0x5F0D,0x5F0E,0x5F0E,0x5F0D,0x5F0D,0x5F2E,0x5F2E,0x5F0D,0x672E,
  0x5F0E,0x5F0D,0x5F0E,0x5F2E,0x5F0E,0x5F0E,0x672E,0x5F0D,0x5F0D,0x5F0D,0x5F0D,0x5F0E,0x5F0E,0x5F0E,0x5F0E,0x5F0D,
  0x5F0D,0x5F0D,0x5F2E,0x5F0E,0x5F0D,0x5F0D,0x5F2E,0x5F0E,0x5F0E,0x5F0E,0x5F0E,0x5F0E,0x5F0E,0x5F0E,0x5F0E,0x5F0E,
  0x5F0E,0x5F0E,0x5F0D,0x5F0D,0x5F2E,0x5F0E,0x5F0D,0x5F0D,0x5F0E,0x5F0E,0x5F0D,0x5F0D,0x5F2E,0x5F2E,0x5F0D,0x5F0E,
  0x5F0E,0x5F0E,0x5F2E,0x5F2E,0x5F0E,0x5F0E,0x5F0E,0x5F0E,0x5F0E,0x5F0E,0x5F0E,0x5F0D,0x5F0D,0x5F0D,0x5F0D,0x5F0D,
  0x5F0D,0x5F0D,0x5F2E,0x5F2E,0x5F0D,0x5F0D,0x5F0E,0x5F0E,0x5F0D,0x5F0D,0x5F2E,0x5F2E,0x5F0D,0x5F0D,0x5F0D,0x5F0E,
  0x5F0E,0x5F0D,0x5F0D,0x5F0D,0x5F0E,0x5F0E,0x5F0E,0x5F0D,0x5F0E,0x5F0E,0x5F0D,0x5F0D,0x5F0D,0x5F2E,0x672E,0x672E,
  0x5F2E,0x5F0D,0x5F0D,0x5F0D,0x5F0E,0x5F0E,0x5F0D,0x5F0E,0x5F0E,0x5F0E,0x5F0D,0x5F0D,0x5F0D,0x5F0E,0x5F0E,0x5F0D,
  0x5F0D,0x5F0D,0x5F2E,0x5F2E,0x5F0D,0x5F0D,0x5F0E,0x5F0E,0x5F0E,0x5F0E,0x5F0E,0x5F0E,0x5F0E,0x5F0E,0x5F0E,0x5F0E,
  0x5F0E,0x5F0E,0x5F0E,0x5F0E,0x5F0E,0x5F0E,0x5F0E,0x5F0E,0x5F0E,0x5F0E,0x5F0E,0x5F0E,0x5F0E,0x5F0E,0x5F0E,0x5F0E,
  0x5F0E,0x5F0E,0x5F0E,0x5F0E,0x5F0E,0x5F0E,0x5F0E,0x5F0E,0x5F0E,0x5F0E,0x5F0E,0x5F0E,0x5F0E,0x5F0E,0x5F0E,0x5F0E,
  0x5F0E,0x5F0E,0x5F0E,0x5F0E,0x5F0E,0x5F0E,0x5F0E,0x5F0E,0x5F0E,0x5F0E,0x5F0E,0x5F0E,0x5F0E,0x5F0E,0x5F0E,0x5F0E,
  0x5F0E,0x5F0E,0x5F0E,0x5F0E,0x5F0E,0x5F0E,0x5F0E,0x5F0E,0x5F0E,0x5F0E,0x5F0E,0x5F0E,0x5F0E,0x5F0E,0x5F0E,0x5F0E,
  0x5F0E,0x5F0E,0x5F0E,0x5F0E,0x5F0E,0x5F0E,0x5F0E,0x5F0E,0x5F0E,0x5F0E,0x5F0E,0x5F0E,0x5F0E,0x5F0E,0x5F0E,0x5F0E,
  0x5F0E,0x5F0E,0x5F0E,0x5F0E,0x5F0E,0x5F0E,0x5F0E,0x5F0E,0x5F0E,0x5F0E,0x5F0E,0x5F0E,0x5F0E,0x5F0E,0x5F0E,0x5F0E,
  0x5F0E,0x5F0E,0x5F0E,0x5F0E,0x5F0E,0x5F0E,0x5F0E,0x5F0E,0x5F0E,0x5F0E,0x5F0E,0x5F0E,0x5F0E,0x5F0E,0x5F0E,0x5F0E,
  0x5F0E,0x5F0E,0x5F0E,0x5F0E,0x5F0E,0x5F0E,0x5F0E,0x5F0E,0x5F0E,0x5F0E,0x5F0E,0x5F0E,0x5F0E,0x5F0E,0x5F0E,0x5F0E,
  0x5F0E,0x5F0E,0x5F0E,0x5F0E,0x5F0E,0x5F0E,0x5F0E,0x5F0E,0x5F0E,0x5F0E,0x5F0E,0x5F0E,0x5F0E,0x5F0E,0x5F0E,0x5F0E,
  0x5F0E,0x5F0E,0x5F0E,0x5F0E,0x5F0E,0x5F0E,0x5F0E,0x5F0E,0x5F0E,0x5F0E,0x5F0E,0x5F0E,0x5F0E,0x5F0E,0x5F0E,0x5F0E,
  0x5F0E,0x5F0E,0x5F0E,0x5F0E,0x5F0E,0x5F0E,0x5F0E,0x5F0E,0x5F0E,0x5F0E,0x5F0E,0x5F0E,0x5F0E,0x5F0E,0x5F0E,0x5F0E,
  0x5F0E,0x5F0E,0x5F0E,0x5F0E,0x5F0E,0x5F0E,0x5F0E,0x5F0E,0x5F0E,0x5F0E,0x5F0E,0x5F0E,0x5F0E,0x5F0E,0x5F0E,0x5F0E,
  0x5F0E,0x5F0E,0x5F0E,0x5F0E,0x5F0E,0x5F0E,0x5F0E,0x5F0E,0x5F0E,0x5F0E,0x5F0E,0x5F0E,0x5F0E,0x5F0E,0x5F0E,0x5F0E,
  0x5F0E,0x5F0E,0x5F0E,0x5F0E,0x5F0E,0x5F0E,0x5F0E,0x5F0E,0x5F0E,0x5F0E,0x5F0E,0x5F0E,0x5F0E,0x5F0E,0x5F0E,0x5F0E,
  0x5F0E,0x5F0E,0x5F0E,0x5F0E,0x5F0E,0x5F0E,0x5F0E,0x5F0E,0x5F0E,0x5F0E,0x5F0E,0x5F0E,0x5F0E,0x5F0E,0x5F0E,0x5F0E,
  0x5F0E,0x5F0E,0x5F0E,0x5F0E,0x5F0E,0x5F0E,0x5F0E,0x5F0E,0x5F0E,0x5F0E,0x5F0E,0x5F0E,0x5F0E,0x5F0E,0x5F0E,0x5F0E,
  0x5F0E,0x5F0E,0x5F0E,0x5F0E,0x5F0E,0x5F0E,0x5F0E,0x5F0E,0x5F0E,0x5F0E,0x5F0E,0x5F0E,0x5F0E,0x5F0E,0x5F0E,0x5F0E,
  0x5F0E,0x5F0E,0x5F0E,0x5F0E,0x5F0E,0x5F0E,0x5F0E,0x5F0E,0x5F0E,0x5F0E,0x5F0E,0x5F0E,0x5F0E,0x5F0E,0x5F0E,0x5F0E,
  0x5F0E,0x5F0E,0x5F0E,0x5F0E,0x5F0E,0x5F0E,0x5F0E,0x5F0E,0x5F0E,0x5F0E,0x5F0E,0x5F0E,0x5F0E,0x5F0E,0x5F0E,0x5F0E,
  0x5F0E,0x5F0E,0x5F0E,0x5F0E,0x5F0E,0x5F0E,0x5F0E,0x5F0E,0x5F0E,0x5F0E,0x5F0E,0x5F0E,0x5F0E,0x5F0E,0x5F0E,0x5F0E,
  0x5F0E,0x5F0E,0x5F0E,0x5F0E,0x5F0E,0x5F0E,0x5F0E,0x5F0E,0x5F0E,0x5F0E,0x5F0E,0x5F0E,0x5F0E,0x5F0E,0x5F0E,0x5F0E,
  0x5F0E,0x5F0E,0x5F0E,0x5F0E,0x5F0E,0x5F0E,0x5F0E,0x5F0E,0x5F0E,0x5F0E,0x5F0E,0x5F0E,0x5F0E,0x5F0E,0x5F0E,0x5F0E,
  0x5F0E,0x5F0E,0x5F0E,0x5F0E,0x5F0E,0x5F0E,0x5F0E,0x5F0E,0x5F0E,0x5F0E,0x5F0E,0x5F0E,0x5F0E,0x5F0E,0x5F0E,0x5F0E,
  0x5F0E,0x5F0E,0x5F0E,0x5F0E,0x5F0E,0x5F0E,0x5F0E,0x5F0E,0x5F0E,0x5F0E,0x5F0E,0x5F0E,0x5F0E,0x5F0E,0x5F0E,0x5F0E,
  0x5F0E,0x5F0E,0x5F0E,0x5F0E,0x5F0E,0x5F0E,0x5F0E,0x5F0E,0x5F0E,0x5F0E,0x5F0E,0x5F0E,0x5F0E,0x5F0E,0x5F0E,0x5F0E,
  0x5F0E,0x5F0E,0x5F0E,0x5F0E,0x5F0E,0x5F0E,0x5F0E,0x5F0E,0x5F0E,0x5F0E,0x5F0E,0x5F0E,0x5F0E,0x5F0E,0x5F0E,0x5F0E,
  0x5F0E,0x5F0E,0x5F0E,0x5F0E,0x5F0E,0x5F0E,0x5F0E,0x5F0E,0x5F0E,0x5F0E,0x5F0E,0x5F0E,0x5F0E,0x5F0E,0x5F0E,0x5F0E,
  0x5F0E,0x5F0E,0x5F0E,0x5F0E,0x5F0E,0x5F0E,0x5F0E,0x5F0E,0x5F0E,0x5F0E,0x5F0E,0x5F0E,0x5F0E,0x5F0E,0x5F0E,0x5F0E,
  0x5F0E,0x5F0E,0x5F0E,0x5F0E,0x5F0E,0x5F0E,0x5F0E,0x5F0E,0x5F0E,0x5F0E,0x5F0E,0x5F0E,0x5F0E,0x5F0E,0x5F0E,0x5F0E,
  0x5F0E,0x5F0E,0x5F0E,0x5F0E,0x5F0E,0x5F0E,0x5F0E,0x5F0E,0x5F0E,0x5F0E,0x5F0E,0x5F0E,0x5F0E,0x5F0E,0x5F0E,0x5F0E,
  0x5F0E,0x5F0E,0x5F0E,0x5F0E,0x5F0E,0x5F0E,0x5F0E,0x5F0E,0x5F0E,0x5F0E,0x5F0E,0x5F0E,0x5F0E,0x5F0E,0x5F0E,0x5F0E,
  0x5F0E,0x5F0E,0x5F0E,0x5F0E,0x5F0E,0x5F0E,0x5F0E,0x5F0E,0x5F0E,0x5F0E,0x5F0E,0x5F0E,0x5F0E,0x5F0E,0x5F0E,0x5F0E,
  0x5F0E,0x5F0E,0x5F0E,0x5F0E,0x5F0E,0x5F0E,0x5F0E,0x5F0E,0x5F0E,0x5F0E,0x5F0E,0x5F0E,0x5F0E,0x5F0E,0x5F0E,0x5F0E,
  0x5F0E,0x5F0E,0x5F0E,0x5F0E,0x5F0E,0x5F0E,0x5F0E,0x5F0E,0x5F0E,0x5F0E,0x5F0E,0x5F0E,0x5F0E,0x5F0E,0x5F0E,0x5F0E,
  0x5F0E,0x5F0E,0x5F0E,0x5F0E,0x5F0E,0x5F0E,0x5F0E,0x5F0E,0x5F0E,0x5F0E,0x5F0E,0x5F0E,0x5F0E,0x5F0E,0x5F0E,0x5F0E,
  0x5F0E,0x5F0E,0x5F0E,0x5F0E,0x5F0E,0x5F0E,0x5F0E,0x5F0E,0x5F0E,0x5F0E,0x5F0E,0x5F0E,0x5F0E,0x5F0E,0x5F0E,0x5F0E,
  0x5F0E,0x5F0E,0x5F0E,0x5F0E,0x5F0E,0x5F0E,0x5F0E,0x5F0E,0x5F0E,0x5F0E,0x5F0E,0x5F0E,0x5F0E,0x5F0E,0x5F0E,0x5F0E,
  0x5F0E,0x5F0E,0x5F0E,0x5F0E,0x5F0E,0x5F0E,0x5F0E,0x5F0E,0x5F0E,0x5F0E,0x5F0E,0x5F0E,0x5F0E,0x5F0E,0x5F0E,0x5F0E,
  0x5F0E,0x5F0E,0x5F0E,0x5F0E,0x5F0E,0x5F0E,0x5F0E,0x5F0E,0x5F0E,0x5F0E,0x5F0E,0x5F0E,0x5F0E,0x5F0E,0x5F0E,0x5F0E,
  0x5F0E,0x5F0E,0x5F0E,0x5F0E,0x5F0E,0x5F0E,0x5F0E,0x5F0E,0x5F0E,0x5F0E,0x5F0E,0x5F0E,0x5F0E,0x5F0E,0x5F0E,0x5F0E,
  0x5F0E,0x5F0E,0x5F0E,0x5F0E,0x5F0E,0x5F0E,0x5F0E,0x5F0E,0x5F0E,0x5F0E,0x5F0E,0x5F0E,0x5F0E,0x5F0E,0x5F0E,0x5F0E,
  0x5F0E,0x5F0E,0x5F0E,0x5F0E,0x5F0E,0x5F0E,0x5F0E,0x5F0E,0x5F0E,0x5F0E,0x5F0E,0x5F0E,0x5F0E,0x5F0E,0x5F0E,0x5F0E,
  0x5F0E,0x5F0E,0x5F0E,0x5F0E,0x5F0E,0x5F0E,0x5F0E,0x5F0E,0x5F0E,0x5F0E,0x5F0E,0x5F0E,0x5F0E,0x5F0E,0x5F0E,0x5F0E,
  0x5F0E,0x5F0E,0x5F0E,0x5F0E,0x5F0E,0x5F0E,0x5F0E,0x5F0E,0x5F0E,0x5F0E,0x5F0E,0x5F0E,0x5F0E,0x5F0E,0x5F0E,0x5F0E,
  0x5F0E,0x5F0E,0x5F0E,0x5F0E,0x5F0E,0x5F0E,0x5F0E,0x5F0E,0x5F0E,0x5F0E,0x5F0E,0x5F0E,0x5F0E,0x5F0E,0x5F0E,0x5F0E,
  0x5F0E,0x5F0E,0x5F0E,0x5F0E,0x5F0E,0x5F0E,0x5F0E,0x5F0E,0x5F0E,0x5F0E,0x5F0E,0x5F0E,0x5F0E,0x5F0E,0x5F0E,0x5F0E,
  0x5F0E,0x5F0E,0x5F0E,0x5F0E,0x5F0E,0x5F0E,0x5F0E,0x5F0E,0x5F0E,0x5F0E,0x5F0E,0x5F0E,0x5F0E,0x5F0E,0x5F0E,0x5F0E,
  0x5F0E,0x5F0E,0x5F0E,0x5F0E,0x5F0E,0x5F0E,0x5F0E,0x5F0E,0x5F0E,0x5F0E,0x5F0E,0x5F0E,0x5F0E,0x5F0E,0x5F0E,0x5F0E,
  0x5F0E,0x5F0E,0x5F0E,0x5F0E,0x5F0E,0x5F0E,0x5F0E,0x5F0E,0x5F0E,0x5F0E,0x5F0E,0x5F0E,0x5F0E,0x5F0E,0x5F0E,0x5F0E,
  0x5F0E,0x5F0E,0x5F0E,0x5F0E,0x5F0E,0x5F0E,0x5F0E,0x5F0E,0x5F0E,0x5F0E,0x5F0E,0x5F0E,0x5F0E,0x5F0E,0x5F0E,0x5F0E,
  0x5F0E,0x5F0E,0x5F0E,0x5F0E,0x5F0E,0x5F0E,0x5F0E,0x5F0E,0x5F0E,0x5F0E,0x5F0E,0x5F0E,0x5F0E,0x5F0E,0x5F0E,0x5F0E,
  0x5F0E,0x5F0E,0x5F0E,0x5F0E,0x5F0E,0x5F0E,0x5F0E,0x5F0E,0x5F0E,0x5F0E,0x5F0E,0x5F0E,0x5F0E,0x5F0E,0x5F0E,0x5F0E,
  0x5F0E,0x5F0E,0x5F0E,0x5F0E,0x5F0E,0x5F0E,0x5F0E,0x5F0E,0x5F0E,0x5F0E,0x5F0E,0x5F0E,0x5F0E,0x5F0E,0x5F0E,0x5F0E,
  0x5F0E,0x5F0E,0x5F0E,0x5F0E,0x5F0E,0x5F0E,0x5F0E,0x5F0E,0x5F0E,0x5F0E,0x5F0E,0x5F0E,0x5F0E,0x5F0E,0x5F0E,0x5F0E,
  0x5F0E,0x5F0E,0x5F0E,0x5F0E,0x5F0E,0x5F0E,0x5F0E,0x5F0E,0x5F0E,0x5F0E,0x5F0E,0x5F0E,0x5F0E,0x5F0E,0x5F0E,0x5F0E,
  0x5F0E,0x5F0E,0x5F0E,0x5F0E,0x5F0E,0x5F0E,0x5F0E,0x5F0E,0x5F0E,0x5F0E,0x5F0E,0x5F0E,0x5F0E,0x5F0E,0x5F0E,0x5F0E,
  0x5F0E,0x5F0E,0x5F0E,0x5F0E,0x5F0E,0x5F0E,0x5F0E,0x5F0E,0x5F0E,0x5F0E,0x5F0E,0x5F0E,0x5F0E,0x5F0E,0x5F0E,0x5F0E,
  0x5F0E,0x5F0E,0x5F0E,0x5F0E,0x5F0E,0x5F0E,0x5F0E,0x5F0E,0x5F0E,0x5F0E,0x5F0E,0x5F0E,0x5F0E,0x5F0E,0x5F0E,0x5F0E,
  0x5F0E,0x5F0E,0x5F0E,0x5F0E,0x5F0E,0x5F0E,0x5F0E,0x5F0E,0x5F0E,0x5F0E,0x5F0E,0x5F0E,0x5F0E,0x5F0E,0x5F0E,0x5F0E,
  0x5F0E,0x5F0E,0x5F0E,0x5F0E,0x5F0E,0x5F0E,0x5F0E,0x5F0E,0x5F0E,0x5F0E,0x5F0E,0x5F0E,0x5F0E,0x5F0E,0x5F0E,0x5F0E,
  0x5F0E,0x5F0E,0x5F0E,0x5F0E,0x5F0E,0x5F0E,0x5F0E,0x5F0E,0x5F0E,0x5F0E,0x5F0E,0x5F0E,0x5F0E,0x5F0E,0x5F0E,0x5F0E,
  0x5F0E,0x5F0E,0x5F0E,0x5F0E,0x5F0E,0x5F0E,0x5F0E,0x5F0E,0x5F0E,0x5F0E,0x5F0E,0x5F0E,0x5F0E,0x5F0E,0x5F0E,0x5F0E,
  0x5F0E,0x5F0E,0x5F0E,0x5F0E,0x5F0E,0x5F0E,0x5F0E,0x5F0E,0x5F0E,0x5F0E,0x5F0E,0x5F0E,0x5F0E,0x5F0E,0x5F0E,0x5F0E,
  0x5F0E,0x5F0E,0x5F0E,0x5F0E,0x5F0E,0x5F0E,0x5F0E,0x5F0E,0x5F0E,0x5F0E,0x5F0E,0x5F0E,0x5F0E,0x5F0E,0x5F0E,0x5F0E,
  0x5F0E,0x5F0E,0x5F0E,0x5F0E,0x5F0E,0x5F0E,0x5F0E,0x5F0E,0x5F0E,0x5F0E,0x5F0E,0x5F0E,0x5F0E,0x5F0E,0x5F0E,0x5F0E,
  0x5F0E,0x5F0E,0x5F0E,0x5F0E,0x5F0E,0x5F0E,0x5F0E,0x5F0E,0x5F0E,0x5F0E,0x5F0E,0x5F0E,0x5F0E,0x5F0E,0x5F0E,0x5F0E,
  0x5F0E,0x5F0E,0x5F0E,0x5F0E,0x5F0E,0x5F0E,0x5F0E,0x5F0E,0x5F0E,0x5F0E,0x5F0E,0x5F0E,0x5F0E,0x5F0E,0x5F0E,0x5F0E,
  0x5F0E,0x5F0E,0x5F0E,0x5F0E,0x5F0E,0x5F0E,0x5F0E,0x5F0E,0x5F0E,0x5F0E,0x5F0E,0x5F0E,0x5F0E,0x5F0E,0x5F0E,0x5F0E,
  0x5F0E,0x5F0E,0x5F0E,0x5F0E,0x5F0E,0x5F0E,0x5F0E,0x5F0E,0x5F0E,0x5F0E,0x5F0E,0x5F0E,0x5F0E,0x5F0E,0x5F0E,0x5F0E,
  0x5F0E,0x5F0E,0x5F0E,0x5F0E,0x5F0E,0x5F0E,0x5F0E,0x5F0E,0x5F0E,0x5F0E,0x5F0E,0x5F0E,0x5F0E,0x5F0E,0x5F0E,0x5F0E,
  0x5F0E,0x5F0E,0x5F0E,0x5F0E,0x5F0E,0x5F0E,0x5F0E,0x5F0E,0x5F0E,0x5F0E,0x5F0E,0x5F0E,0x5F0E,0x5F0E,0x5F0E,0x5F0E,
  0x5F0E,0x5F0E,0x5F0E,0x5F0E,0x5F0E,0x5F0E,0x5F0E,0x5F0E,0x5F0E,0x5F0E,0x5F0E,0x5F0E,0x5F0E,0x5F0E,0x5F0E,0x5F0E,
  0x5F0E,0x5F0E,0x5F0E,0x5F0E,0x5F0E,0x5F0E,0x5F0E,0x5F0E,0x5F0E,0x5F0E,0x5F0E,0x5F0E,0x5F0E,0x5F0E,0x5F0E,0x5F0E,
  0x5F0E,0x5F0E,0x5F0E,0x5F0E,0x5F0E,0x5F0E,0x5F0E,0x5F0E,0x5F0E,0x5F0E,0x5F0E,0x5F0E,0x5F0E,0x5F0E,0x5F0E,0x5F0E,
  0x5F0E,0x5F0E,0x5F0E,0x5F0E,0x5F0E,0x5F0E,0x5F0E,0x5F0E,0x5F0E,0x5F0E,0x5F0E,0x5F0E,0x5F0E,0x5F0E,0x5F0E,0x5F0E,
  0x5F0E,0x5F0E,0x5F0E,0x5F0E,0x5F0E,0x5F0E,0x5F0E,0x5F0E,0x5F0E,0x5F0E,0x5F0E,0x5F0E,0x5F0E,0x5F0E,0x5F0E,0x5F0E,
  0x5F0E,0x5F0E,0x5F0E,0x5F0E,0x5F0E,0x5F0E,0x5F0E,0x5F0E,0x5F0E,0x5F0E,0x5F0E,0x5F0E,0x5F0E,0x5F0E,0x5F0E,0x5F0E,
  0x5F0E,0x5F0E,0x5F0E,0x5F0E,0x5F0E,0x5F0E,0x5F0E,0x5F0E,0x5F0E,0x5F0E,0x5F0E,0x5F0E,0x5F0E,0x5F0E,0x5F0E,0x5F0E,
  0x5F0E,0x5F0E,0x5F0E,0x5F0E,0x5F0E,0x5F0E,0x5F0E,0x5F0E,0x5F0E,0x5F0E,0x5F0E,0x5F0E,0x5F0E,0x5F0E,0x5F0E,0x5F0E,
  0x5F0E,0x5F0E,0x5F0E,0x5F0E,0x5F0E,0x5F0E,0x5F0E,0x5F0E,0x5F0E,0x5F0E,0x5F0E,0x5F0E,0x5F0E,0x5F0E,0x5F0E,0x5F0E,
  0x5F0E,0x5F0E,0x5F0E,0x5F0E,0x5F0E,0x5F0E,0x5F0E,0x5F0E,0x5F0E,0x5F0E,0x5F0E,0x5F0E,0x5F0E,0x5F0E,0x5F0E,0x5F0E,
  0x5F0E,0x5F0E,0x5F0E,0x5F0E,0x5F0E,0x5F0E,0x5F0E,0x5F0E,0x5F0E,0x5F0E,0x5F0E,0x5F0E,0x5F0E,0x5F0E,0x5F0E,0x5F0E,
  0x5F0E,0x5F0E,0x5F0E,0x5F0E,0x5F0E,0x5F0E,0x5F0E,0x5F0E,0x5F0E,0x5F0E,0x5F0E,0x5F0E,0x5F0E,0x5F0E,0x5F0E,0x5F0E,
  0x5F0E,0x5F0E,0x5F0E,0x5F0E,0x5F0E,0x5F0E,0x5F0E,0x5F0E,0x5F0E,0x5F0E,0x5F0E,0x5F0E,0x5F0E,0x5F0E,0x5F0E,0x5F0E,
  0x5F0E,0x5F0E,0x5F0E,0x5F0E,0x5F0E,0x5F0E,0x5F0E,0x5F0E,0x5F0E,0x5F0E,0x5F0E,0x5F0E,0x5F0E,0x5F0E,0x5F0E,0x5F0E,
  0x5F0E,0x5F0E,0x5F0E,0x5F0E,0x5F0E,0x5F0E,0x5F0E,0x5F0E,0x5F0E,0x5F0E,0x5F0E,0x5F0E,0x5F0E,0x5F0E,0x5F0E,0x5F0E,
  0x5F0E,0x5F0E,0x5F0E,0x5F0E,0x5F0E,0x5F0E,0x5F0E,0x5F0E,0x5F0E,0x5F0E,0x5F0E,0x5F0E,0x5F0E,0x5F0E,0x5F0E,0x5F0E,
  0x5F0E,0x5F0E,0x5F0E,0x5F0E,0x5F0E,0x5F0E,0x5F0E,0x5F0E,0x5F0E,0x5F0E,0x5F0E,0x5F0E,0x5F0E,0x5F0E,0x5F0E,0x5F0E,
  0x5F0E,0x5F0E,0x5F0E,0x5F0E,0x5F0E,0x5F0E,0x5F0E,0x5F0E,0x5F0E,0x5F0E,0x5F0E,0x5F0E,0x5F0E,0x5F0E,0x5F0E,0x5F0E,
  0x5F0E,0x5F0E,0x5F0E,0x5F0E,0x5F0E,0x5F0E,0x5F0E,0x5F0E,0x5F0E,0x5F0E,0x5F0E,0x5F0E,0x5F0E,0x5F0E,0x5F0E,0x5F0E,
  0x5F0E,0x5F0E,0x5F0E,0x5F0E,0x5F0E,0x5F0E,0x5F0E,0x5F0E,0x5F0E,0x5F0E,0x5F0E,0x5F0E,0x5F0E,0x5F0E,0x5F0E,0x5F0E,
  0x5F0E,0x5F0E,0x5F0E,0x5F0E,0x5F0E,0x5F0E,0x5F0E,0x5F0E,0x5F0E,0x5F0E,0x5F0E,0x5F0E,0x5F0E,0x5F0E,0x5F0E,0x5F0E,
  0x5F0E,0x5F0E,0x5F0E,0x5F0E,0x5F0E,0x5F0E,0x5F0E,0x5F0E,0x5F0E,0x5F0E,0x5F0E,0x5F0E,0x5F0E,0x5F0E,0x5F0E,0x5F0E,
  0x5F0E,0x5F0E,0x5F0E,0x5F0E,0x5F0E,0x5F0E,0x5F0E,0x5F0E,0x5F0E,0x5F0E,0x5F0E,0x5F0E,0x5F0E,0x5F0E,0x5F0E,0x5F0E,
  0x5F0E,0x5F0E,0x5F0E,0x5F0E,0x5F0E,0x5F0E,0x5F0E,0x5F0E,0x5F0E,0x5F0E,0x5F0E,0x5F0E,0x5F0E,0x5F0E,0x5F0E,0x5F0E,
  0x5F0E,0x5F0E,0x5F0E,0x5F0E,0x5F0E,0x5F0E,0x5F0E,0x5F0E,0x5F0E,0x5F0E,0x5F0E,0x5F0E,0x5F0E,0x5F0E,0x5F0E,0x5F0E,
  0x5F0E,0x5F0E,0x5F0E,0x5F0E,0x5F0E,0x5F0E,0x5F0E,0x5F0E,0x5F0E,0x5F0E,0x5F0E,0x5F0E,0x5F0E,0x5F0E,0x5F0E,0x5F0E,
  0x5F0E,0x5F0E,0x5F0E,0x5F0E,0x5F0E,0x5F0E,0x5F0E,0x5F0E,0x5F0E,0x5F0E,0x5F0E,0x5F0E,0x5F0E,0x5F0E,0x5F0E,0x5F0E,
  0x5F0E,0x5F0E,0x5F0E,0x5F0E,0x5F0E,0x5F0E,0x5F0E,0x5F0E,0x5F0E,0x5F0E,0x5F0E,0x5F0E,0x5F0E,0x5F0E,0x5F0E,0x5F0E,
  0x5F0E,0x5F0E,0x5F0E,0x5F0E,0x5F0E,0x5F0E,0x5F0E,0x5F0E,0x5F0E,0x5F0E,0x5F0E,0x5F0E,0x5F0E,0x5F0E,0x5F0E,0x5F0E,
  0x5F0E,0x5F0E,0x5F0E,0x5F0E,0x5F0E,0x5F0E,0x5F0E,0x5F0E,0x5F0E,0x5F0E,0x5F0E,0x5F0E,0x5F0E,0x5F0E,0x5F0E,0x5F0E,
  0x5F0E,0x5F0E,0x5F0E,0x5F0E,0x5F0E,0x5F0E,0x5F0E,0x5F0E,0x5F0E,0x5F0E,0x5F0E,0x5F0E,0x5F0E,0x5F0E,0x5F0E,0x5F0E,
  0x5F0E,0x5F0E,0x5F0E,0x5F0E,0x5F0E,0x5F0E,0x5F0E,0x5F0E,0x5F0E,0x5F0E,0x5F0E,0x5F0E,0x5F0E,0x5F0E,0x5F0E,0x5F0E,
  0x5F0E,0x5F0E,0x5F0E,0x5F0E,0x5F0E,0x5F0E,0x5F0E,0x5F0E,0x5F0E,0x5F0E,0x5F0E,0x5F0E,0x5F0E,0x5F0E,0x5F0E,0x5F0E,
  0x5F0E,0x5F0E,0x5F0E,0x5F0E,0x5F0E,0x5F0E,0x5F0E,0x5F0E,0x5F0E,0x5F0E,0x5F0E,0x5F0E,0x5F0E,0x5F0E,0x5F0E,0x5F0E,
  0x5F0E,0x5F0E,0x5F0E,0x5F0E,0x5F0E,0x5F0E,0x5F0E,0x5F0E,0x5F0E,0x5F0E,0x5F0E,0x5F0E,0x5F0E,0x5F0E,0x5F0E,0x5F0E,
  0x5F0E,0x5F0E,0x5F0E,0x5F0E,0x5F0E,0x5F0E,0x5F0E,0x5F0E,0x5F0E,0x5F0E,0x5F0E,0x5F0E,0x5F0E,0x5F0E,0x5F0E,0x5F0E,
  0x5F0E,0x5F0E,0x5F0E,0x5F0E,0x5F0E,0x5F0E,0x5F0E,0x5F0E,0x5F0E,0x5F0E,0x5F0E,0x5F0E,0x5F0E,0x5F0E,0x5F0E,0x5F0E,
  0x5F0E,0x5F0E,0x5F0E,0x5F0E,0x5F0E,0x5F0E,0x5F0E,0x5F0E,0x5F0E,0x5F0E,0x5F0E,0x5F0E,0x5F0E,0x5F0E,0x5F0E,0x5F0E,
  0x5F0E,0x5F0E,0x5F0E,0x5F0E,0x5F0E,0x5F0E,0x5F0E,0x5F0E,0x5F0E,0x5F0E,0x5F0E,0x5F0E,0x5F0E,0x5F0E,0x5F0E,0x5F0E,
  0x5F0E,0x5F0E,0x5F0E,0x5F0E,0x5F0E,0x5F0E,0x5F0E,0x5F0E,0x5F0E,0x5F0E,0x5F0E,0x5F0E,0x5F0E,0x5F0E,0x5F0E,0x5F0E,
  0x5F0E,0x5F0E,0x5F0E,0x5F0E,0x5F0E,0x5F0E,0x5F0E,0x5F0E,0x5F0E,0x5F0E,0x5F0E,0x5F0E,0x5F0E,0x5F0E,0x5F0E,0x5F0E,
  0x5F0E,0x5F0E,0x5F0E,0x5F0E,0x5F0E,0x5F0E,0x5F0E,0x5F0E,0x5F0E,0x5F0E,0x5F0E,0x5F0E,0x5F0E,0x5F0E,0x5F0E,0x5F0E,
  0x5F0E,0x5F0E,0x5F0E,0x5F0E,0x5F0E,0x5F0E,0x5F0E,0x5F0E,0x5F0E,0x5F0E,0x5F0E,0x5F0E,0x5F0E,0x5F0E,0x5F0E,0x5F0E,
  0x5F0E,0x5F0E,0x5F0E,0x5F0E,0x5F0E,0x5F0E,0x5F0E,0x5F0E,0x5F0E,0x5F0E,0x5F0E,0x5F0E,0x5F0E,0x5F0E,0x5F0E,0x5F0E,
  0x5F0E,0x5F0E,0x5F0E,0x5F0E,0x5F0E,0x5F0E,0x5F0E,0x5F0E,0x5F0E,0x5F0E,0x5F0E,0x5F0E,0x5F0E,0x5F0E,0x5F0E,0x5F0E,
  0x5F0E,0x5F0E,0x5F0E,0x5F0E,0x5F0E,0x5F0E,0x5F0E,0x5F0E,0x5F0E,0x5F0E,0x5F0E,0x5F0E,0x5F0E,0x5F0E,0x5F0E,0x5F0E,
  0x5F0E,0x5F0E,0x5F0E,0x5F0E,0x5F0E,0x5F0E,0x5F0E,0x5F0E,0x5F0E,0x5F0E,0x5F0E,0x5F0E,0x5F0E,0x5F0E,0x5F0E,0x5F0E,
  0x5F0E,0x5F0E,0x5F0E,0x5F0E,0x5F0E,0x5F0E,0x5F0E,0x5F0E,0x5F0E,0x5F0E,0x5F0E,0x5F0E,0x5F0E,0x5F0E,0x5F0E,0x5F0E,
  0x5F0E,0x5F0E,0x5F0E,0x5F0E,0x5F0E,0x5F0E,0x5F0E,0x5F0E,0x5F0E,0x5F0E,0x5F0E,0x5F0E,0x5F0E,0x5F0E,0x5F0E,0x5F0E,
  0x5F0E,0x5F0E,0x5F0E,0x5F0E,0x5F0E,0x5F0E,0x5F0E,0x5F0E,0x5F0E,0x5F0E,0x5F0E,0x5F0E,0x5F0E,0x5F0E,0x5F0E,0x5F0E,
  0x5F0E,0x5F0E,0x5F0E,0x5F0E,0x5F0E,0x5F0E,0x5F0E,0x5F0E,0x5F0E,0x5F0E,0x5F0E,0x5F0E,0x5F0E,0x5F0E,0x5F0E,0x5F0E,
  0x5F0E,0x5F0E,0x5F0E,0x5F0E,0x5F0E,0x5F0E,0x5F0E,0x5F0E,0x5F0E,0x5F0E,0x5F0E,0x5F0E,0x5F0E,0x5F0E,0x5F0E,0x5F0E,
  0x5F0E,0x5F0E,0x5F0E,0x5F0E,0x5F0E,0x5F0E,0x5F0E,0x5F0E,0x5F0E,0x5F0E,0x5F0E,0x5F0E,0x5F0E,0x5F0E,0x5F0E,0x5F0E,
  0x5F0E,0x5F0E,0x5F0E,0x5F0E,0x5F0E,0x5F0E,0x5F0E,0x5F0E,0x5F0E,0x5F0E,0x5F0E,0x5F0E,0x5F0E,0x5F0E,0x5F0E,0x5F0E,
  0x5F0E,0x5F0E,0x5F0E,0x5F0E,0x5F0E,0x5F0E,0x5F0E,0x5F0E,0x5F0E,0x5F0E,0x5F0E,0x5F0E,0x5F0E,0x5F0E,0x5F0E,0x5F0E,
  0x5F0E,0x5F0E,0x5F0E,0x5F0E,0x5F0E,0x5F0E,0x5F0E,0x5F0E,0x5F0E,0x5F0E,0x5F0E,0x5F0E,0x5F0E,0x5F0E,0x5F0E,0x5F0E,
  0x5F0E,0x5F0E,0x5F0E,0x5F0E,0x5F0E,0x5F0E,0x5F0E,0x5F0E,0x5F0E,0x5F0E,0x5F0E,0x5F0E,0x5F0E,0x5F0E,0x5F0E,0x5F0E,
  0x5F0E,0x5F0E,0x5F0E,0x5F0E,0x5F0E,0x5F0E,0x5F0E,0x5F0E,0x5F0E,0x5F0E,0x5F0E,0x5F0E,0x5F0E,0x5F0E,0x5F0E,0x5F0E,
  0x5F0E,0x5F0E,0x5F0E,0x5F0E,0x5F0E,0x5F0E,0x5F0E,0x5F0E,0x5F0E,0x5F0E,0x5F0E,0x5F0E,0x5F0E,0x5F0E,0x5F0E,0x5F0E,
  0x5F0E,0x5F0E,0x5F0E,0x5F0E,0x5F0E,0x5F0E,0x5F0E,0x5F0E,0x5F0E,0x5F0E,0x5F0E,0x5F0E,0x5F0E,0x5F0E,0x5F0E,0x5F0E,
  0x5F0E,0x5F0E,0x5F0E,0x5F0E,0x5F0E,0x5F0E,0x5F0E,0x5F0E,0x5F0E,0x5F0E,0x5F0E,0x5F0E,0x5F0E,0x5F0E,0x5F0E,0x5F0E,
  0x5F0E,0x5F0E,0x5F0E,0x5F0E,0x5F0E,0x5F0E,0x5F0E,0x5F0E,0x5F0E,0x5F0E,0x5F0E,0x5F0E,0x5F0E,0x5F0E,0x5F0E,0x5F0E,
  0x5F0E,0x5F0E,0x5F0E,0x5F0E,0x5F0E,0x5F0E,0x5F0E,0x5F0E,0x5F0E,0x5F0E,0x5F0E,0x5F0E,0x5F0E,0x5F0E,0x5F0E,0x5F0E,
  0x5F0E,0x5F0E,0x5F0E,0x5F0E,0x5F0E,0x5F0E,0x5F0E,0x5F0E,0x5F0E,0x5F0E,0x5F0E,0x5F0E,0x5F0E,0x5F0E,0x5F0E,0x5F0E,
  0x5F0E,0x5F0E,0x5F0E,0x5F0E,0x5F0E,0x5F0E,0x5F0E,0x5F0E,0x5F0E,0x5F0E,0x5F0E,0x5F0E,0x5F0E,0x5F0E,0x5F0E,0x5F0E,
  0x5F0E,0x5F0E,0x5F0E,0x5F0E,0x5F0E,0x5F0E,0x5F0E,0x5F0E,0x5F0E,0x5F0E,0x5F0E,0x5F0E,0x5F0E,0x5F0E,0x5F0E,0x5F0E,
  0x5F0E,0x5F0E,0x5F0E,0x5F0E,0x5F0E,0x5F0E,0x5F0E,0x5F0E,0x5F0E,0x5F0E,0x5F0E,0x5F0E,0x5F0E,0x5F0E,0x5F0E,0x5F0E,
  0x5F0E,0x5F0E,0x5F0E,0x5F0E,0x5F0E,0x5F0E,0x5F0E,0x5F0E,0x5F0E,0x5F0E,0x5F0E,0x5F0E,0x5F0E,0x5F0E,0x5F0E,0x5F0E,
  0x5F0E,0x5F0E,0x5F0E,0x5F0E,0x5F0E,0x5F0E,0x5F0E,0x5F0E,0x5F0E,0x5F0E,0x5F0E,0x5F0E,0x5F0E,0x5F0E,0x5F0E,0x5F0E,
  0x5F0E,0x5F0E,0x5F0E,0x5F0E,0x5F0E,0x5F0E,0x5F0E,0x5F0E,0x5F0E,0x5F0E,0x5F0E,0x5F0E,0x5F0E,0x5F0E,0x5F0E,0x5F0E,
  0x5F0E,0x5F0E,0x5F0E,0x5F0E,0x5F0E,0x5F0E,0x5F0E,0x5F0E,0x5F0E,0x5F0E,0x5F0E,0x5F0E,0x5F0E,0x5F0E,0x5F0E,0x5F0E,
  0x5F0E,0x5F0E,0x5F0E,0x5F0E,0x5F0E,0x5F0E,0x5F0E,0x5F0E,0x5F0E,0x5F0E,0x5F0E,0x5F0E,0x5F0E,0x5F0E,0x5F0E,0x5F0E,
  0x5F0E,0x5F0E,0x5F0E,0x5F0E,0x5F0E,0x5F0E,0x5F0E,0x5F0E,0x5F0E,0x5F0E,0x5F0E,0x5F0E,0x5F0E,0x5F0E,0x5F0E,0x5F0E,
  0x5F0E,0x5F0E,0x5F0E,0x5F0E,0x5F0E,0x5F0E,0x5F0E,0x5F0E,0x5F0E,0x5F0E,0x5F0E,0x5F0E,0x5F0E,0x5F0E,0x5F0E,0x5F0E,
  0x5F0E,0x5F0E,0x5F0E,0x5F0E,0x5F0E,0x5F0E,0x5F0E,0x5F0E,0x5F0E,0x5F0E,0x5F0E,0x5F0E,0x5F0E,0x5F0E,0x5F0E,0x5F0E,
  0x5F0E,0x5F0E,0x5F0E,0x5F0E,0x5F0E,0x5F0E,0x5F0E,0x5F0E,0x5F0E,0x5F0E,0x5F0E,0x5F0E,0x5F0E,0x5F0E,0x5F0E,0x5F0E,
  0x5F0E,0x5F0E,0x5F0E,0x5F0E,0x5F0E,0x5F0E,0x5F0E,0x5F0E,0x5F0E,0x5F0E,0x5F0E,0x5F0E,0x5F0E,0x5F0E,0x5F0E,0x5F0E,
  0x5F0E,0x5F0E,0x5F0E,0x5F0E,0x5F0E,0x5F0E,0x5F0E,0x5F0E,0x5F0E,0x5F0E,0x5F0E,0x5F0E,0x5F0E,0x5F0E,0x5F0E,0x5F0E,
  0x5F0E,0x5F0E,0x5F0E,0x5F0E,0x5F0E,0x5F0E,0x5F0E,0x5F0E,0x5F0E,0x5F0E,0x5F0E,0x5F0E,0x5F0E,0x5F0E,0x5F0E,0x5F0E,
  0x5F0E,0x5F0E,0x5F0E,0x5F0E,0x5F0E,0x5F0E,0x5F0E,0x5F0E,0x5F0E,0x5F0E,0x5F0E,0x5F0E,0x5F0E,0x5F0E,0x5F0E,0x5F0E,
  0x5F0E,0x5F0E,0x5F0E,0x5F0E,0x5F0E,0x5F0E,0x5F0E,0x5F0E,0x5F0E,0x5F0E,0x5F0E,0x5F0E,0x5F0E,0x5F0E,0x5F0E,0x5F0E,
  0x5F0E,0x5F0E,0x5F0E,0x5F0E,0x5F0E,0x5F0E,0x5F0E,0x5F0E,0x5F0E,0x5F0E,0x5F0E,0x5F0E,0x5F0E,0x5F0E,0x5F0E,0x5F0E,
  0x5F0E,0x5F0E,0x5F0E,0x5F0E,0x5F0E,0x5F0E,0x5F0E,0x5F0E,0x5F0E,0x5F0E,0x5F0E,0x5F0E,0x5F0E,0x5F0E,0x5F0E,0x5F0E,
  0x5F0E,0x5F0E,0x5F0E,0x5F0E,0x5F0E,0x5F0E,0x5F0E,0x5F0E,0x5F0E,0x5F0E,0x5F0E,0x5F0E,0x5F0E,0x5F0E,0x5F0E,0x5F0E,
  0x5F0E,0x5F0E,0x5F0E,0x5F0E,0x5F0E,0x5F0E,0x5F0E,0x5F0E,0x5F0E,0x5F0E,0x5F0E,0x5F0E,0x5F0E,0x5F0E,0x5F0E,0x5F0E,
  0x5F0E,0x5F0E,0x5F0E,0x5F0E,0x5F0E,0x5F0E,0x5F0E,0x5F0E,0x5F0E,0x5F0E,0x5F0E,0x5F0E,0x5F0E,0x5F0E,0x5F0E,0x5F0E,
  0x5F0E,0x5F0E,0x5F0E,0x5F0E,0x5F0E,0x5F0E,0x5F0E,0x5F0E,0x5F0E,0x5F0E,0x5F0E,0x5F0E,0x5F0E,0x5F0E,0x5F0E,0x5F0E,
  0x5F0E,0x5F0E,0x5F0E,0x5F0E,0x5F0E,0x5F0E,0x5F0E,0x5F0E,0x5F0E,0x5F0E,0x5F0E,0x5F0E,0x5F0E,0x5F0E,0x5F0E,0x5F0E,
  0x5F0E,0x5F0E,0x5F0E,0x5F0E,0x5F0E,0x5F0E,0x5F0E,0x5F0E,0x5F0E,0x5F0E,0x5F0E,0x5F0E,0x5F0E,0x5F0E,0x5F0E,0x5F0E,
  0x5F0E,0x5F0E,0x5F0E,0x5F0E,0x5F0E,0x5F0E,0x5F0E,0x5F0E,0x5F0E,0x5F0E,0x5F0E,0x5F0E,0x5F0E,0x5F0E,0x5F0E,0x5F0E,
  0x5F0E,0x5F0E,0x5F0E,0x5F0E,0x5F0E,0x5F0E,0x5F0E,0x5F0E,0x5F0E,0x5F0E,0x5F0E,0x5F0E,0x5F0E,0x5F0E,0x5F0E,0x5F0E,
  0x5F0E,0x5F0E,0x5F0E,0x5F0E,0x5F0E,0x5F0E,0x5F0E,0x5F0E,0x5F0E,0x5F0E,0x5F0E,0x5F0E,0x5F0E,0x5F0E,0x5F0E,0x5F0E,
  0x5F0E,0x5F0E,0x5F0E,0x5F0E,0x5F0E,0x5F0E,0x5F0E,0x5F0E,0x5F0E,0x5F0E,0x5F0E,0x5F0E,0x5F0E,0x5F0E,0x5F0E,0x5F0E,
  0x5F0E,0x5F0E,0x5F0E,0x5F0E,0x5F0E,0x5F0E,0x5F0E,0x5F0E,0x5F0E,0x5F0E,0x5F0E,0x5F0E,0x5F0E,0x5F0E,0x5F0E,0x5F0E,
  0x5F0E,0x5F0E,0x5F0E,0x5F0E,0x5F0E,0x5F0E,0x5F0E,0x5F0E,0x5F0E,0x5F0E,0x5F0E,0x5F0E,0x5F0E,0x5F0E,0x5F0E,0x5F0E,
  0x5F0E,0x5F0E,0x5F0E,0x5F0E,0x5F0E,0x5F0E,0x5F0E,0x5F0E,0x5F0E,0x5F0E,0x5F0E,0x5F0E,0x5F0E,0x5F0E,0x5F0E,0x5F0E,
  0x5F0E,0x5F0E,0x5F0E,0x5F0E,0x5F0E,0x5F0E,0x5F0E,0x5F0E,0x5F0E,0x5F0E,0x5F0E,0x5F0E,0x5F0E,0x5F0E,0x5F0E,0x5F0E,
  0x5F0E,0x5F0E,0x5F0E,0x5F0E,0x5F0E,0x5F0E,0x5F0E,0x5F0E,0x5F0E,0x5F0E,0x5F0E,0x5F0E,0x5F0E,0x5F0E,0x5F0E,0x5F0E,
  0x5F0E,0x5F0E,0x5F0E,0x5F0E,0x5F0E,0x5F0E,0x5F0E,0x5F0E,0x5F0E,0x5F0E,0x5F0E,0x5F0E,0x5F0E,0x5F0E,0x5F0E,0x5F0E,
  0x5F0E,0x5F0E,0x5F0E,0x5F0E,0x5F0E,0x5F0E,0x5F0E,0x5F0E,0x5F0E,0x5F0E,0x5F0E,0x5F0E,0x5F0E,0x5F0E,0x5F0E,0x5F0E,
  0x5F0E,0x5F0E,0x5F0E,0x5F0E,0x5F0E,0x5F0E,0x5F0E,0x5F0E,0x5F0E,0x5F0E,0x5F0E,0x5F0E,0x5F0E,0x5F0E,0x5F0E,0x5F0E,
  0x5F0E,0x5F0E,0x5F0E,0x5F0E,0x5F0E,0x5F0E,0x5F0E,0x5F0E,0x5F0E,0x5F0E,0x5F0E,0x5F0E,0x5F0E,0x5F0E,0x5F0E,0x5F0E,
  0x5F0E,0x5F0E,0x5F0E,0x5F0E,0x5F0E,0x5F0E,0x5F0E,0x5F0E,0x5F0E,0x5F0E,0x5F0E,0x5F0E,0x5F0E,0x5F0E,0x5F0E,0x5F0E,
  0x5F0E,0x5F0E,0x5F0E,0x5F0E,0x5F0E,0x5F0E,0x5F0E,0x5F0E,0x5F0E,0x5F0E,0x5F0E,0x5F0E,0x5F0E,0x5F0E,0x5F0E,0x5F0E,
  0x5F0E,0x5F0E,0x5F0E,0x5F0E,0x5F0E,0x5F0E,0x5F0E,0x5F0E,0x5F0E,0x5F0E,0x5F0E,0x5F0E,0x5F0E,0x5F0E,0x5F0E,0x5F0E,
  0x5F0E,0x5F0E,0x5F0E,0x5F0E,0x5F0E,0x5F0E,0x5F0E,0x5F0E,0x5F0E,0x5F0E,0x5F0E,0x5F0E,0x5F0E,0x5F0E,0x5F0E,0x5F0E,
  0x5F0E,0x5F0E,0x5F0E,0x5F0E,0x5F0E,0x5F0E,0x5F0E,0x5F0E,0x5F0E,0x5F0E,0x5F0E,0x5F0E,0x5F0E,0x5F0E,0x5F0E,0x5F0E,
  0x5F0E,0x5F0E,0x5F0E,0x5F0E,0x5F0E,0x5F0E,0x5F0E,0x5F0E,0x5F0E,0x5F0E,0x5F0E,0x5F0E,0x5F0E,0x5F0E,0x5F0E,0x5F0E,
  0x5F0E,0x5F0E,0x5F0E,0x5F0E,0x5F0E,0x5F0E,0x5F0E,0x5F0E,0x5F0E,0x5F0E,0x5F0E,0x5F0E,0x5F0E,0x5F0E,0x5F0E,0x5F0E,
  0x5F0E,0x5F0E,0x5F0E,0x5F0E,0x5F0E,0x5F0E,0x5F0E,0x5F0E,0x5F0E,0x5F0E,0x5F0E,0x5F0E,0x5F0E,0x5F0E,0x5F0E,0x5F0E,
  0x5F0E,0x5F0E,0x5F0E,0x5F0E,0x5F0E,0x5F0E,0x5F0E,0x5F0E,0x5F0E,0x5F0E,0x5F0E,0x5F0E,0x5F0E,0x5F0E,0x5F0E,0x5F0E,
  0x5F0E,0x5F0E,0x5F0E,0x5F0E,0x5F0E,0x5F0E,0x5F0E,0x5F0E,0x5F0E,0x5F0E,0x5F0E,0x5F0E,0x5F0E,0x5F0E,0x5F0E,0x5F0E,
  0x5F0E,0x5F0E,0x5F0E,0x5F0E,0x5F0E,0x5F0E,0x5F0E,0x5F0E,0x5F0E,0x5F0E,0x5F0E,0x5F0E,0x5F0E,0x5F0E,0x5F0E,0x5F0E,
  0x5F0E,0x5F0E,0x5F0E,0x5F0E,0x5F0E,0x5F0E,0x5F0E,0x5F0E,0x5F0E,0x5F0E,0x5F0E,0x5F0E,0x5F0E,0x5F0E,0x5F0E,0x5F0E,
  0x5F0E,0x5F0E,0x5F0E,0x5F0E,0x5F0E,0x5F0E,0x5F0E,0x5F0E,0x5F0E,0x5F0E,0x5F0E,0x5F0E,0x5F0E,0x5F0E,0x5F0E,0x5F0E,
  0x5F0E,0x5F0E,0x5F0E,0x5F0E,0x5F0E,0x5F0E,0x5F0E,0x5F0E,0x5F0E,0x5F0E,0x5F0E,0x5F0E,0x5F0E,0x5F0E,0x5F0E,0x5F0E,
  0x5F0E,0x5F0E,0x5F0E,0x5F0E,0x5F0E,0x5F0E,0x5F0E,0x5F0E,0x5F0E,0x5F0E,0x5F0E,0x5F0E,0x5F0E,0x5F0E,0x5F0E,0x5F0E,
  0x5F0E,0x5F0E,0x5F0E,0x5F0E,0x5F0E,0x5F0E,0x5F0E,0x5F0E,0x5F0E,0x5F0E,0x5F0E,0x5F0E,0x5F0E,0x5F0E,0x5F0E,0x5F0E,
  0x5F0E,0x5F0E,0x5F0E,0x5F0E,0x5F0E,0x5F0E,0x5F0E,0x5F0E,0x5F0E,0x5F0E,0x5F0E,0x5F0E,0x5F0E,0x5F0E,0x5F0E,0x5F0E,
  0x5F0E,0x5F0E,0x5F0E,0x5F0E,0x5F0E,0x5F0E,0x5F0E,0x5F0E,0x5F0E,0x5F0E,0x5F0E,0x5F0E,0x5F0E,0x5F0E,0x5F0E,0x5F0E,
  0x5F0E,0x5F0E,0x5F0E,0x5F0E,0x5F0E,0x5F0E,0x5F0E,0x5F0E,0x5F0E,0x5F0E,0x5F0E,0x5F0E,0x5F0E,0x5F0E,0x5F0E,0x5F0E,
  0x5F0E,0x5F0E,0x5F0E,0x5F0E,0x5F0E,0x5F0E,0x5F0E,0x5F0E,0x5F0E,0x5F0E,0x5F0E,0x5F0E,0x5F0E,0x5F0E,0x5F0E,0x5F0E,
  0x5F0E,0x5F0E,0x5F0E,0x5F0E,0x5F0E,0x5F0E,0x5F0E,0x5F0E,0x5F0E,0x5F0E,0x5F0E,0x5F0E,0x5F0E,0x5F0E,0x5F0E,0x5F0E,
  0x5F0E,0x5F0E,0x5F0E,0x5F0E,0x5F0E,0x5F0E,0x5F0E,0x5F0E,0x5F0E,0x5F0E,0x5F0E,0x5F0E,0x5F0E,0x5F0E,0x5F0E,0x5F0E,
  0x5F0E,0x5F0E,0x5F0E,0x5F0E,0x5F0E,0x5F0E,0x5F0E,0x5F0E,0x5F0E,0x5F0E,0x5F0E,0x5F0E,0x5F0E,0x5F0E,0x5F0E,0x5F0E,
  0x5F0E,0x5F0E,0x5F0E,0x5F0E,0x5F0E,0x5F0E,0x5F0E,0x5F0E,0x5F0E,0x5F0E,0x5F0E,0x5F0E,0x5F0E,0x5F0E,0x5F0E,0x5F0E,
  0x5F0E,0x5F0E,0x5F0E,0x5F0E,0x5F0E,0x5F0E,0x5F0E,0x5F0E,0x5F0E,0x5F0E,0x5F0E,0x5F0E,0x5F0E,0x5F0E,0x5F0E,0x5F0E,
  0x5F0E,0x5F0E,0x5F0E,0x5F0E,0x5F0E,0x5F0E,0x5F0E,0x5F0E,0x5F0E,0x5F0E,0x5F0E,0x5F0E,0x5F0E,0x5F0E,0x5F0E,0x5F0E,
  0x5F0E,0x5F0E,0x5F0E,0x5F0E,0x5F0E,0x5F0E,0x5F0E,0x5F0E,0x5F0E,0x5F0E,0x5F0E,0x5F0E,0x5F0E,0x5F0E,0x5F0E,0x5F0E,
  0x5F0E,0x5F0E,0x5F0E,0x5F0E,0x5F0E,0x5F0E,0x5F0E,0x5F0E,0x5F0E,0x5F0E,0x5F0E,0x5F0E,0x5F0E,0x5F0E,0x5F0E,0x5F0E,
  0x5F0E,0x5F0E,0x5F0E,0x5F0E,0x5F0E,0x5F0E,0x5F0E,0x5F0E,0x5F0E,0x5F0E,0x5F0E,0x5F0E,0x5F0E,0x5F0E,0x5F0E,0x5F0E,
  0x5F0E,0x5F0E,0x5F0E,0x5F0E,0x5F0E,0x5F0E,0x5F0E,0x5F0E,0x5F0E,0x5F0E,0x5F0E,0x5F0E,0x5F0E,0x5F0E,0x5F0E,0x5F0E,
  0x5F0E,0x5F0E,0x5F0E,0x5F0E,0x5F0E,0x5F0E,0x5F0E,0x5F0E,0x5F0E,0x5F0E,0x5F0E,0x5F0E,0x5F0E,0x5F0E,0x5F0E,0x5F0E,
  0x5F0E,0x5F0E,0x5F0E,0x5F0E,0x5F0E,0x5F0E,0x5F0E,0x5F0E,0x5F0E,0x5F0E,0x5F0E,0x5F0E,0x5F0E,0x5F0E,0x5F0E,0x5F0E,
  0x5F0E,0x5F0E,0x5F0E,0x5F0E,0x5F0E,0x5F0E,0x5F0E,0x5F0E,0x5F0E,0x5F0E,0x5F0E,0x5F0E,0x5F0E,0x5F0E,0x5F0E,0x5F0E,
  0x5F0E,0x5F0E,0x5F0E,0x5F0E,0x5F0E,0x5F0E,0x5F0E,0x5F0E,0x5F0E,0x5F0E,0x5F0E,0x5F0E,0x5F0E,0x5F0E,0x5F0E,0x5F0E,
  0x5F0E,0x5F0E,0x5F0E,0x5F0E,0x5F0E,0x5F0E,0x5F0E,0x5F0E,0x5F0E,0x5F0E,0x5F0E,0x5F0E,0x5F0E,0x5F0E,0x5F0E,0x5F0E,
  0x5F0E,0x5F0E,0x5F0E,0x5F0E,0x5F0E,0x5F0E,0x5F0E,0x5F0E,0x5F0E,0x5F0E,0x5F0E,0x5F0E,0x5F0E,0x5F0E,0x5F0E,0x5F0E,
  0x5F0E,0x5F0E,0x5F0E,0x5F0E,0x5F0E,0x5F0E,0x5F0E,0x5F0E,0x5F0E,0x5F0E,0x5F0E,0x5F0E,0x5F0E,0x5F0E,0x5F0E,0x5F0E,
  0x5F0E,0x5F0E,0x5F0E,0x5F0E,0x5F0E,0x5F0E,0x5F0E,0x5F0E,0x5F0E,0x5F0E,0x5F0E,0x5F0E,0x5F0E,0x5F0E,0x5F0E,0x5F0E,
  0x5F0E,0x5F0E,0x5F0E,0x5F0E,0x5F0E,0x5F0E,0x5F0E,0x5F0E,0x5F0E,0x5F0E,0x5F0E,0x5F0E,0x5F0E,0x5F0E,0x5F0E,0x5F0E,
  0x5F0E,0x5F0E,0x5F0E,0x5F0E,0x5F0E,0x5F0E,0x5F0E,0x5F0E,0x5F0E,0x5F0E,0x5F0E,0x5F0E,0x5F0E,0x5F0E,0x5F0E,0x5F0E,
  0x5F0E,0x5F0E,0x5F0E,0x5F0E,0x5F0E,0x5F0E,0x5F0E,0x5F0E,0x5F0E,0x5F0E,0x5F0E,0x5F0E,0x5F0E,0x5F0E,0x5F0E,0x5F0E,
  0x5F0E,0x5F0E,0x5F0E,0x5F0E,0x5F0E,0x5F0E,0x5F0E,0x5F0E,0x5F0E,0x5F0E,0x5F0E,0x5F0E,0x5F0E,0x5F0E,0x5F0E,0x5F0E,
  0x5F0E,0x5F0E,0x5F0E,0x5F0E,0x5F0E,0x5F0E,0x5F0E,0x5F0E,0x5F0E,0x5F0E,0x5F0E,0x5F0E,0x5F0E,0x5F0E,0x5F0E,0x5F0E,
  0x5F0E,0x5F0E,0x5F0E,0x5F0E,0x5F0E,0x5F0E,0x5F0E,0x5F0E,0x5F0E,0x5F0E,0x5F0E,0x5F0E,0x5F0E,0x5F0E,0x5F0E,0x5F0E,
  0x5F0E,0x5F0E,0x5F0E,0x5F0E,0x5F0E,0x5F0E,0x5F0E,0x5F0E,0x5F0E,0x5F0E,0x5F0E,0x5F0E,0x5F0E,0x5F0E,0x5F0E,0x5F0E,
  0x5F0E,0x5F0E,0x5F0E,0x5F0E,0x5F0E,0x5F0E,0x5F0E,0x5F0E,0x5F0E,0x5F0E,0x5F0E,0x5F0E,0x5F0E,0x5F0E,0x5F0E,0x5F0E,
  0x5F0E,0x5F0E,0x5F0E,0x5F0E,0x5F0E,0x5F0E,0x5F0E,0x5F0E,0x5F0E,0x5F0E,0x5F0E,0x5F0E,0x5F0E,0x5F0E,0x5F0E,0x5F0E,
  0x5F0E,0x5F0E,0x5F0E,0x5F0E,0x5F0E,0x5F0E,0x5F0E,0x5F0E,0x5F0E,0x5F0E,0x5F0E,0x5F0E,0x5F0E,0x5F0E,0x5F0E,0x5F0E,
  0x5F0E,0x5F0E,0x5F0E,0x5F0E,0x5F0E,0x5F0E,0x5F0E,0x5F0E,0x5F0E,0x5F0E,0x5F0E,0x5F0E,0x5F0E,0x5F0E,0x5F0E,0x5F0E,
  0x5F0E,0x5F0E,0x5F0E,0x5F0E,0x5F0E,0x5F0E,0x5F0E,0x5F0E,0x5F0E,0x5F0E,0x5F0E,0x5F0E,0x5F0E,0x5F0E,0x5F0E,0x5F0E,
  0x5F0E,0x5F0E,0x5F0E,0x5F0E,0x5F0E,0x5F0E,0x5F0E,0x5F0E,0x5F0E,0x5F0E,0x5F0E,0x5F0E,0x5F0E,0x5F0E,0x5F0E,0x5F0E,
  0x5F0E,0x5F0E,0x5F0E,0x5F0E,0x5F0E,0x5F0E,0x5F0E,0x5F0E,0x5F0E,0x5F0E,0x5F0E,0x5F0E,0x5F0E,0x5F0E,0x5F0E,0x5F0E,
  0x5F0E,0x5F0E,0x5F0E,0x5F0E,0x5F0E,0x5F0E,0x5F0E,0x5F0E,0x5F0E,0x5F0E,0x5F0E,0x5F0E,0x5F0E,0x5F0E,0x5F0E,0x5F0E,
  0x5F0E,0x5F0E,0x5F0E,0x5F0E,0x5F0E,0x5F0E,0x5F0E,0x5F0E,0x5F0E,0x5F0E,0x5F0E,0x5F0E,0x5F0E,0x5F0E,0x5F0E,0x5F0E,
  0x5F0E,0x5F0E,0x5F0E,0x5F0E,0x5F0E,0x5F0E,0x5F0E,0x5F0E,0x5F0E,0x5F0E,0x5F0E,0x5F0E,0x5F0E,0x5F0E,0x5F0E,0x5F0E,
  0x5F0E,0x5F0E,0x5F0E,0x5F0E,0x5F0E,0x5F0E,0x5F0E,0x5F0E,0x5F0E,0x5F0E,0x5F0E,0x5F0E,0x5F0E,0x5F0E,0x5F0E,0x5F0E,
  0x5F0E,0x5F0E,0x5F0E,0x5F0E,0x5F0E,0x5F0E,0x5F0E,0x5F0E,0x5F0E,0x5F0E,0x5F0E,0x5F0E,0x5F0E,0x5F0E,0x5F0E,0x5F0E,
  0x5F0E,0x5F0E,0x5F0E,0x5F0E,0x5F0E,0x5F0E,0x5F0E,0x5F0E,0x5F0E,0x5F0E,0x5F0E,0x5F0E,0x5F0E,0x5F0E,0x5F0E,0x5F0E,
  0x5F0E,0x5F0E,0x5F0E,0x5F0E,0x5F0E,0x5F0E,0x5F0E,0x5F0E,0x5F0E,0x5F0E,0x5F0E,0x5F0E,0x5F0E,0x5F0E,0x5F0E,0x5F0E,
  0x5F0E,0x5F0E,0x5F0E,0x5F0E,0x5F0E,0x5F0E,0x5F0E,0x5F0E,0x5F0E,0x5F0E,0x5F0E,0x5F0E,0x5F0E,0x5F0E,0x5F0E,0x5F0E,
  0x5F0E,0x5F0E,0x5F0E,0x5F0E,0x5F0E,0x5F0E,0x5F0E,0x5F0E,0x5F0E,0x5F0E,0x5F0E,0x5F0E,0x5F0E,0x5F0E,0x5F0E,0x5F0E,
  0x5F0E,0x5F0E,0x5F0E,0x5F0E,0x5F0E,0x5F0E,0x5F0E,0x5F0E,0x5F0E,0x5F0E,0x5F0E,0x5F0E,0x5F0E,0x5F0E,0x5F0E,0x5F0E,
  0x5F0E,0x5F0E,0x5F0E,0x5F0E,0x5F0E,0x5F0E,0x5F0E,0x5F0E,0x5F0E,0x5F0E,0x5F0E,0x5F0E,0x5F0E,0x5F0E,0x5F0E,0x5F0E,
  0x5F0E,0x5F0E,0x5F0E,0x5F0E,0x5F0E,0x5F0E,0x5F0E,0x5F0E,0x5F0E,0x5F0E,0x5F0E,0x5F0E,0x5F0E,0x5F0E,0x5F0E,0x5F0E,
  0x5F0E,0x5F0E,0x5F0E,0x5F0E,0x5F0E,0x5F0E,0x5F0E,0x5F0E,0x5F0E,0x5F0E,0x5F0E,0x5F0E,0x5F0E,0x5F0E,0x5F0E,0x5F0E,
  0x5F0E,0x5F0E,0x5F0E,0x5F0E,0x5F0E,0x5F0E,0x5F0E,0x5F0E,0x5F0E,0x5F0E,0x5F0E,0x5F0E,0x5F0E,0x5F0E,0x5F0E,0x5F0E,
  0x5F0E,0x5F0E,0x5F0E,0x5F0E,0x5F0E,0x5F0E,0x5F0E,0x5F0E,0x5F0E,0x5F0E,0x5F0E,0x5F0E,0x5F0E,0x5F0E,0x5F0E,0x5F0E,
  0x5F0E,0x5F0E,0x5F0E,0x5F0E,0x5F0E,0x5F0E,0x5F0E,0x5F0E,0x5F0E,0x5F0E,0x5F0E,0x5F0E,0x5F0E,0x5F0E,0x5F0E,0x5F0E,
  0x5F0E,0x5F0E,0x5F0E,0x5F0E,0x5F0E,0x5F0E,0x5F0E,0x5F0E,0x5F0E,0x5F0E,0x5F0E,0x5F0E,0x5F0E,0x5F0E,0x5F0E,0x5F0E,
  0x5F0E,0x5F0E,0x5F0E,0x5F0E,0x5F0E,0x5F0E,0x5F0E,0x5F0E,0x5F0E,0x5F0E,0x5F0E,0x5F0E,0x5F0E,0x5F0E,0x5F0E,0x5F0E,
  0x5F0E,0x5F0E,0x5F0E,0x5F0E,0x5F0E,0x5F0E,0x5F0E,0x5F0E,0x5F0E,0x5F0E,0x5F0E,0x5F0E,0x5F0E,0x5F0E,0x5F0E,0x5F0E,
  0x5F0E,0x5F0E,0x5F0E,0x5F0E,0x5F0E,0x5F0E,0x5F0E,0x5F0E,0x5F0E,0x5F0E,0x5F0E,0x5F0E,0x5F0E,0x5F0E,0x5F0E,0x5F0E,
  0x5F0E,0x5F0E,0x5F0E,0x5F0E,0x5F0E,0x5F0E,0x5F0E,0x5F0E,0x5F0E,0x5F0E,0x5F0E,0x5F0E,0x5F0E,0x5F0E,0x5F0E,0x5F0E,
  0x5F0E,0x5F0E,0x5F0E,0x5F0E,0x5F0E,0x5F0E,0x5F0E,0x5F0E,0x5F0E,0x5F0E,0x5F0E,0x5F0E,0x5F0E,0x5F0E,0x5F0E,0x5F0E,
  0x5F0E,0x5F0E,0x5F0E,0x5F0E,0x5F0E,0x5F0E,0x5F0E,0x5F0E,0x5F0E,0x5F0E,0x5F0E,0x5F0E,0x5F0E,0x5F0E,0x5F0E,0x5F0E,
  0x5F0E,0x5F0E,0x5F0E,0x5F0E,0x5F0E,0x5F0E,0x5F0E,0x5F0E,0x5F0E,0x5F0E,0x5F0E,0x5F0E,0x5F0E,0x5F0E,0x5F0E,0x5F0E,
  0x5F0E,0x5F0E,0x5F0E,0x5F0E,0x5F0E,0x5F0E,0x5F0E,0x5F0E,0x5F0E,0x5F0E,0x5F0E,0x5F0E,0x5F0E,0x5F0E,0x5F0E,0x5F0E,
  0x5F0E,0x5F0E,0x5F0E,0x5F0E,0x5F0E,0x5F0E,0x5F0E,0x5F0E,0x5F0E,0x5F0E,0x5F0E,0x5F0E,0x5F0E,0x5F0E,0x5F0E,0x5F0E,
  0x5F0E,0x5F0E,0x5F0E,0x5F0E,0x5F0E,0x5F0E,0x5F0E,0x5F0E,0x5F0E,0x5F0E,0x5F0E,0x5F0E,0x5F0E,0x5F0E,0x5F0E,0x5F0E,
  0x5F0E,0x5F0E,0x5F0E,0x5F0E,0x5F0E,0x5F0E,0x5F0E,0x5F0E,0x5F0E,0x5F0E,0x5F0E,0x5F0E,0x5F0E,0x5F0E,0x5F0E,0x5F0E,
  0x5F0E,0x5F0E,0x5F0E,0x5F0E,0x5F0E,0x5F0E,0x5F0E,0x5F0E,0x5F0E,0x5F0E,0x5F0E,0x5F0E,0x5F0E,0x5F0E,0x5F0E,0x5F0E,
  0x5F0E,0x5F0E,0x5F0E,0x5F0E,0x5F0E,0x5F0E,0x5F0E,0x5F0E,0x5F0E,0x5F0E,0x5F0E,0x5F0E,0x5F0E,0x5F0E,0x5F0E,0x5F0E,
  0x5F0E,0x5F0E,0x5F0E,0x5F0E,0x5F0E,0x5F0E,0x5F0E,0x5F0E,0x5F0E,0x5F0E,0x5F0E,0x5F0E,0x5F0E,0x5F0E,0x5F0E,0x5F0E,
  0x5F0E,0x5F0E,0x5F0E,0x5F0E,0x5F0E,0x5F0E,0x5F0E,0x5F0E,0x5F0E,0x5F0E,0x5F0E,0x5F0E,0x5F0E,0x5F0E,0x5F0E,0x5F0E,
  0x5F0E,0x5F0E,0x5F0E,0x5F0E,0x5F0E,0x5F0E,0x5F0E,0x5F0E,0x5F0E,0x5F0E,0x5F0E,0x5F0E,0x5F0E,0x5F0E,0x5F0E,0x5F0E,
  0x5F0E,0x5F0E,0x5F0E,0x5F0E,0x5F0E,0x5F0E,0x5F0E,0x5F0E,0x5F0E,0x5F0E,0x5F0E,0x5F0E,0x5F0E,0x5F0E,0x5F0E,0x5F0E,
  0x5F0E,0x5F0E,0x5F0E,0x5F0E,0x5F0E,0x5F0E,0x5F0E,0x5F0E,0x5F0E,0x5F0E,0x5F0E,0x5F0E,0x5F0E,0x5F0E,0x5F0E,0x5F0E,
  0x5F0E,0x5F0E,0x5F0E,0x5F0E,0x5F0E,0x5F0E,0x5F0E,0x5F0E,0x5F0E,0x5F0E,0x5F0E,0x5F0E,0x5F0E,0x5F0E,0x5F0E,0x5F0E,
  0x5F0E,0x5F0E,0x5F0E,0x5F0E,0x5F0E,0x5F0E,0x5F0E,0x5F0E,0x5F0E,0x5F0E,0x5F0E,0x5F0E,0x5F0E,0x5F0E,0x5F0E,0x5F0E,
  0x5F0E,0x5F0E,0x5F0E,0x5F0E,0x5F0E,0x5F0E,0x5F0E,0x5F0E,0x5F0E,0x5F0E,0x5F0E,0x5F0E,0x5F0E,0x5F0E,0x5F0E,0x5F0E,
  0x5F0E,0x5F0E,0x5F0E,0x5F0E,0x5F0E,0x5F0E,0x5F0E,0x5F0E,0x5F0E,0x5F0E,0x5F0E,0x5F0E,0x5F0E,0x5F0E,0x5F0E,0x5F0E,
  0x5F0E,0x5F0E,0x5F0E,0x5F0E,0x5F0E,0x5F0E,0x5F0E,0x5F0E,0x5F0E,0x5F0E,0x5F0E,0x5F0E,0x5F0E,0x5F0E,0x5F0E,0x5F0E,
  0x5F0E,0x5F0E,0x5F0E,0x5F0E,0x5F0E,0x5F0E,0x5F0E,0x5F0E,0x5F0E,0x5F0E,0x5F0E,0x5F0E,0x5F0E,0x5F0E,0x5F0E,0x5F0E,
  0x5F0E,0x5F0E,0x5F0E,0x5F0E,0x5F0E,0x5F0E,0x5F0E,0x5F0E,0x5F0E,0x5F0E,0x5F0E,0x5F0E,0x5F0E,0x5F0E,0x5F0E,0x5F0E,
  0x5F0E,0x5F0E,0x5F0E,0x5F0E,0x5F0E,0x5F0E,0x5F0E,0x5F0E,0x5F0E,0x5F0E,0x5F0E,0x5F0E,0x5F0E,0x5F0E,0x5F0E,0x5F0E,
  0x5F0E,0x5F0E,0x5F0E,0x5F0E,0x5F0E,0x5F0E,0x5F0E,0x5F0E,0x5F0E,0x5F0E,0x5F0E,0x5F0E,0x5F0E,0x5F0E,0x5F0E,0x5F0E,
  0x5F0E,0x5F0E,0x5F0E,0x5F0E,0x5F0E,0x5F0E,0x5F0E,0x5F0E,0x5F0E,0x5F0E,0x5F0E,0x5F0E,0x5F0E,0x5F0E,0x5F0E,0x5F0E,
  0x5F0E,0x5F0E,0x5F0E,0x5F0E,0x5F0E,0x5F0E,0x5F0E,0x5F0E,0x5F0E,0x5F0E,0x5F0E,0x5F0E,0x5F0E,0x5F0E,0x5F0E,0x5F0E,
  0x5F0E,0x5F0E,0x5F0E,0x5F0E,0x5F0E,0x5F0E,0x5F0E,0x5F0E,0x5F0E,0x5F0E,0x5F0E,0x5F0E,0x5F0E,0x5F0E,0x5F0E,0x5F0E,
  0x5F0E,0x5F0E,0x5F0E,0x5F0E,0x5F0E,0x5F0E,0x5F0E,0x5F0E,0x5F0E,0x5F0E,0x5F0E,0x5F0E,0x5F0E,0x5F0E,0x5F0E,0x5F0E,
  0x5F0E,0x5F0E,0x5F0E,0x5F0E,0x5F0E,0x5F0E,0x5F0E,0x5F0E,0x5F0E,0x5F0E,0x5F0E,0x5F0E,0x5F0E,0x5F0E,0x5F0E,0x5F0E,
  0x5F0E,0x5F0E,0x5F0E,0x5F0E,0x5F0E,0x5F0E,0x5F0E,0x5F0E,0x5F0E,0x5F0E,0x5F0E,0x5F0E,0x5F0E,0x5F0E,0x5F0E,0x5F0E,
  0x5F0E,0x5F0E,0x5F0E,0x5F0E,0x5F0E,0x5F0E,0x5F0E,0x5F0E,0x5F0E,0x5F0E,0x5F0E,0x5F0E,0x5F0E,0x5F0E,0x5F0E,0x5F0E,
  0x5F0E,0x5F0E,0x5F0E,0x5F0E,0x5F0E,0x5F0E,0x5F0E,0x5F0E,0x5F0E,0x5F0E,0x5F0E,0x5F0E,0x5F0E,0x5F0E,0x5F0E,0x5F0E,
  0x5F0E,0x5F0E,0x5F0E,0x5F0E,0x5F0E,0x5F0E,0x5F0E,0x5F0E,0x5F0E,0x5F0E,0x5F0E,0x5F0E,0x5F0E,0x5F0E,0x5F0E,0x5F0E,
  0x5F0E,0x5F0E,0x5F0E,0x5F0E,0x5F0E,0x5F0E,0x5F0E,0x5F0E,0x5F0E,0x5F0E,0x5F0E,0x5F0E,0x5F0E,0x5F0E,0x5F0E,0x5F0E,
  0x5F0E,0x5F0E,0x5F0E,0x5F0E,0x5F0E,0x5F0E,0x5F0E,0x5F0E,0x5F0E,0x5F0E,0x5F0E,0x5F0E,0x5F0E,0x5F0E,0x5F0E,0x5F0E,
  0x5F0E,0x5F0E,0x5F0E,0x5F0E,0x5F0E,0x5F0E,0x5F0E,0x5F0E,0x5F0E,0x5F0E,0x5F0E,0x5F0E,0x5F0E,0x5F0E,0x5F0E,0x5F0E,
  0x5F0E,0x5F0E,0x5F0E,0x5F0E,0x5F0E,0x5F0E,0x5F0E,0x5F0E,0x5F0E,0x5F0E,0x5F0E,0x5F0E,0x5F0E,0x5F0E,0x5F0E,0x5F0E,
  0x5F0E,0x5F0E,0x5F0E,0x5F0E,0x5F0E,0x5F0E,0x5F0E,0x5F0E,0x5F0E,0x5F0E,0x5F0E,0x5F0E,0x5F0E,0x5F0E,0x5F0E,0x5F0E,
  0x5F0E,0x5F0E,0x5F0E,0x5F0E,0x5F0E,0x5F0E,0x5F0E,0x5F0E,0x5F0E,0x5F0E,0x5F0E,0x5F0E,0x5F0E,0x5F0E,0x5F0E,0x5F0E,
  0x5F0E,0x5F0E,0x5F0E,0x5F0E,0x5F0E,0x5F0E,0x5F0E,0x5F0E,0x5F0E,0x5F0E,0x5F0E,0x5F0E,0x5F0E,0x5F0E,0x5F0E,0x5F0E,
  0x5F0E,0x5F0E,0x5F0E,0x5F0E,0x5F0E,0x5F0E,0x5F0E,0x5F0E,0x5F0E,0x5F0E,0x5F0E,0x5F0E,0x5F0E,0x5F0E,0x5F0E,0x5F0E,
  0x5F0E,0x5F0E,0x5F0E,0x5F0E,0x5F0E,0x5F0E,0x5F0E,0x5F0E,0x5F0E,0x5F0E,0x5F0E,0x5F0E,0x5F0E,0x5F0E,0x5F0E,0x5F0E,
  0x5F0E,0x5F0E,0x5F0E,0x5F0E,0x5F0E,0x5F0E,0x5F0E,0x5F0E,0x5F0E,0x5F0E,0x5F0E,0x5F0E,0x5F0E,0x5F0E,0x5F0E,0x5F0E,
  0x5F0E,0x5F0E,0x5F0E,0x5F0E,0x5F0E,0x5F0E,0x5F0E,0x5F0E,0x5F0E,0x5F0E,0x5F0E,0x5F0E,0x5F0E,0x5F0E,0x5F0E,0x5F0E,
  0x5F0E,0x5F0E,0x5F0E,0x5F0E,0x5F0E,0x5F0E,0x5F0E,0x5F0E,0x5F0E,0x5F0E,0x5F0E,0x5F0E,0x5F0E,0x5F0E,0x5F0E,0x5F0E,
  0x5F0E,0x5F0E,0x5F0E,0x5F0E,0x5F0E,0x5F0E,0x5F0E,0x5F0E,0x5F0E,0x5F0E,0x5F0E,0x5F0E,0x5F0E,0x5F0E,0x5F0E,0x5F0E,
  0x5F0E,0x5F0E,0x5F0E,0x5F0E,0x5F0E,0x5F0E,0x5F0E,0x5F0E,0x5F0E,0x5F0E,0x5F0E,0x5F0E,0x5F0E,0x5F0E,0x5F0E,0x5F0E,
  0x5F0E,0x5F0E,0x5F0E,0x5F0E,0x5F0E,0x5F0E,0x5F0E,0x5F0E,0x5F0E,0x5F0E,0x5F0E,0x5F0E,0x5F0E,0x5F0E,0x5F0E,0x5F0E,
  0x5F0E,0x5F0E,0x5F0E,0x5F0E,0x5F0E,0x5F0E,0x5F0E,0x5F0E,0x5F0E,0x5F0E,0x5F0E,0x5F0E,0x5F0E,0x5F0E,0x5F0E,0x5F0E,
  0x5F0E,0x5F0E,0x5F0E,0x5F0E,0x5F0E,0x5F0E,0x5F0E,0x5F0E,0x5F0E,0x5F0E,0x5F0E,0x5F0E,0x5F0E,0x5F0E,0x5F0E,0x5F0E,
  0x5F0E,0x5F0E,0x5F0E,0x5F0E,0x5F0E,0x5F0E,0x5F0E,0x5F0E,0x5F0E,0x5F0E,0x5F0E,0x5F0E,0x5F0E,0x5F0E,0x5F0E,0x5F0E,
  0x5F0E,0x5F0E,0x5F0E,0x5F0E,0x5F0E,0x5F0E,0x5F0E,0x5F0E,0x5F0E,0x5F0E,0x5F0E,0x5F0E,0x5F0E,0x5F0E,0x5F0E,0x5F0E,
  0x5F0E,0x5F0E,0x5F0E,0x5F0E,0x5F0E,0x5F0E,0x5F0E,0x5F0E,0x5F0E,0x5F0E,0x5F0E,0x5F0E,0x5F0E,0x5F0E,0x5F0E,0x5F0E,
  0x5F0E,0x5F0E,0x5F0E,0x5F0E,0x5F0E,0x5F0E,0x5F0E,0x5F0E,0x5F0E,0x5F0E,0x5F0E,0x5F0E,0x5F0E,0x5F0E,0x5F0E,0x5F0E,
  0x5F0E,0x5F0E,0x5F0E,0x5F0E,0x5F0E,0x5F0E,0x5F0E,0x5F0E,0x5F0E,0x5F0E,0x5F0E,0x5F0E,0x5F0E,0x5F0E,0x5F0E,0x5F0E,
  0x5F0E,0x5F0E,0x5F0E,0x5F0E,0x5F0E,0x5F0E,0x5F0E,0x5F0E,0x5F0E,0x5F0E,0x5F0E,0x5F0E,0x5F0E,0x5F0E,0x5F0E,0x5F0E,
  0x5F0E,0x5F0E,0x5F0E,0x5F0E,0x5F0E,0x5F0E,0x5F0E,0x5F0E,0x5F0E,0x5F0E,0x5F0E,0x5F0E,0x5F0E,0x5F0E,0x5F0E,0x5F0E,
  0x5F0E,0x5F0E,0x5F0E,0x5F0E,0x5F0E,0x5F0E,0x5F0E,0x5F0E,0x5F0E,0x5F0E,0x5F0E,0x5F0E,0x5F0E,0x5F0E,0x5F0E,0x5F0E,
  0x5F0E,0x5F0E,0x5F0E,0x5F0E,0x5F0E,0x5F0E,0x5F0E,0x5F0E,0x5F0E,0x5F0E,0x5F0E,0x5F0E,0x5F0E,0x5F0E,0x5F0E,0x5F0E,
  0x5F0E,0x5F0E,0x5F0E,0x5F0E,0x5F0E,0x5F0E,0x5F0E,0x5F0E,0x5F0E,0x5F0E,0x5F0E,0x5F0E,0x5F0E,0x5F0E,0x5F0E,0x5F0E,
  0x5F0E,0x5F0E,0x5F0E,0x5F0E,0x5F0E,0x5F0E,0x5F0E,0x5F0E,0x5F0E,0x5F0E,0x5F0E,0x5F0E,0x5F0E,0x5F0E,0x5F0E,0x5F0E,
  0x5F0E,0x5F0E,0x5F0E,0x5F0E,0x5F0E,0x5F0E,0x5F0E,0x5F0E,0x5F0E,0x5F0E,0x5F0E,0x5F0E,0x5F0E,0x5F0E,0x5F0E,0x5F0E,
  0x5F0E,0x5F0E,0x5F0E,0x5F0E,0x5F0E,0x5F0E,0x5F0E,0x5F0E,0x5F0E,0x5F0E,0x5F0E,0x5F0E,0x5F0E,0x5F0E,0x5F0E,0x5F0E,
  0x5F0E,0x5F0E,0x5F0E,0x5F0E,0x5F0E,0x5F0E,0x5F0E,0x5F0E,0x5F0E,0x5F0E,0x5F0E,0x5F0E,0x5F0E,0x5F0E,0x5F0E,0x5F0E,
  0x5F0E,0x5F0E,0x5F0E,0x5F0E,0x5F0E,0x5F0E,0x5F0E,0x5F0E,0x5F0E,0x5F0E,0x5F0E,0x5F0E,0x5F0E,0x5F0E,0x5F0E,0x5F0E,
  0x5F0E,0x5F0E,0x5F0E,0x5F0E,0x5F0E,0x5F0E,0x5F0E,0x5F0E,0x5F0E,0x5F0E,0x5F0E,0x5F0E,0x5F0E,0x5F0E,0x5F0E,0x5F0E,
  0x5F0E,0x5F0E,0x5F0E,0x5F0E,0x5F0E,0x5F0E,0x5F0E,0x5F0E,0x5F0E,0x5F0E,0x5F0E,0x5F0E,0x5F0E,0x5F0E,0x5F0E,0x5F0E,
  0x5F0E,0x5F0E,0x5F0E,0x5F0E,0x5F0E,0x5F0E,0x5F0E,0x5F0E,0x5F0E,0x5F0E,0x5F0E,0x5F0E,0x5F0E,0x5F0E,0x5F0E,0x5F0E,
  0x5F0E,0x5F0E,0x5F0E,0x5F0E,0x5F0E,0x5F0E,0x5F0E,0x5F0E,0x5F0E,0x5F0E,0x5F0E,0x5F0E,0x5F0E,0x5F0E,0x5F0E,0x5F0E,
  0x5F0E,0x5F0E,0x5F0E,0x5F0E,0x5F0E,0x5F0E,0x5F0E,0x5F0E,0x5F0E,0x5F0E,0x5F0E,0x5F0E,0x5F0E,0x5F0E,0x5F0E,0x5F0E,
  0x5F0E,0x5F0E,0x5F0E,0x5F0E,0x5F0E,0x5F0E,0x5F0E,0x5F0E,0x5F0E,0x5F0E,0x5F0E,0x5F0E,0x5F0E,0x5F0E,0x5F0E,0x5F0E,
  0x5F0E,0x5F0E,0x5F0E,0x5F0E,0x5F0E,0x5F0E,0x5F0E,0x5F0E,0x5F0E,0x5F0E,0x5F0E,0x5F0E,0x5F0E,0x5F0E,0x5F0E,0x5F0E,
  0x5F0E,0x5F0E,0x5F0E,0x5F0E,0x5F0E,0x5F0E,0x5F0E,0x5F0E,0x5F0E,0x5F0E,0x5F0E,0x5F0E,0x5F0E,0x5F0E,0x5F0E,0x5F0E,
  0x5F0E,0x5F0E,0x5F0E,0x5F0E,0x5F0E,0x5F0E,0x5F0E,0x5F0E,0x5F0E,0x5F0E,0x5F0E,0x5F0E,0x5F0E,0x5F0E,0x5F0E,0x5F0E,
  0x5F0E,0x5F0E,0x5F0E,0x5F0E,0x5F0E,0x5F0E,0x5F0E,0x5F0E,0x5F0E,0x5F0E,0x5F0E,0x5F0E,0x5F0E,0x5F0E,0x5F0E,0x5F0E,
  0x5F0E,0x5F0E,0x5F0E,0x5F0E,0x5F0E,0x5F0E,0x5F0E,0x5F0E,0x5F0E,0x5F0E,0x5F0E,0x5F0E,0x5F0E,0x5F0E,0x5F0E,0x5F0E,
  0x5F0E,0x5F0E,0x5F0E,0x5F0E,0x5F0E,0x5F0E,0x5F0E,0x5F0E,0x5F0E,0x5F0E,0x5F0E,0x5F0E,0x5F0E,0x5F0E,0x5F0E,0x5F0E,
  0x5F0E,0x5F0E,0x5F0E,0x5F0E,0x5F0E,0x5F0E,0x5F0E,0x5F0E,0x5F0E,0x5F0E,0x5F0E,0x5F0E,0x5F0E,0x5F0E,0x5F0E,0x5F0E,
  0x5F0E,0x5F0E,0x5F0E,0x5F0E,0x5F0E,0x5F0E,0x5F0E,0x5F0E,0x5F0E,0x5F0E,0x5F0E,0x5F0E,0x5F0E,0x5F0E,0x5F0E,0x5F0E,
  0x5F0E,0x5F0E,0x5F0E,0x5F0E,0x5F0E,0x5F0E,0x5F0E,0x5F0E,0x5F0E,0x5F0E,0x5F0E,0x5F0E,0x5F0E,0x5F0E,0x5F0E,0x5F0E,
  0x5F0E,0x5F0E,0x5F0E,0x5F0E,0x5F0E,0x5F0E,0x5F0E,0x5F0E,0x5F0E,0x5F0E,0x5F0E,0x5F0E,0x5F0E,0x5F0E,0x5F0E,0x5F0E,
  0x5F0E,0x5F0E,0x5F0E,0x5F0E,0x5F0E,0x5F0E,0x5F0E,0x5F0E,0x5F0E,0x5F0E,0x5F0E,0x5F0E,0x5F0E,0x5F0E,0x5F0E,0x5F0E,
  0x5F0E,0x5F0E,0x5F0E,0x5F0E,0x5F0E,0x5F0E,0x5F0E,0x5F0E,0x5F0E,0x5F0E,0x5F0E,0x5F0E,0x5F0E,0x5F0E,0x5F0E,0x5F0E,
  0x5F0E,0x5F0E,0x5F0E,0x5F0E,0x5F0E,0x5F0E,0x5F0E,0x5F0E,0x5F0E,0x5F0E,0x5F0E,0x5F0E,0x5F0E,0x5F0E,0x5F0E,0x5F0E,
  0x5F0E,0x5F0E,0x5F0E,0x5F0E,0x5F0E,0x5F0E,0x5F0E,0x5F0E,0x5F0E,0x5F0E,0x5F0E,0x5F0E,0x5F0E,0x5F0E,0x5F0E,0x5F0E,
  0x5F0E,0x5F0E,0x5F0E,0x5F0E,0x5F0E,0x5F0E,0x5F0E,0x5F0E,0x5F0E,0x5F0E,0x5F0E,0x5F0E,0x5F0E,0x5F0E,0x5F0E,0x5F0E,
  0x5F0E,0x5F0E,0x5F0E,0x5F0E,0x5F0E,0x5F0E,0x5F0E,0x5F0E,0x5F0E,0x5F0E,0x5F0E,0x5F0E,0x5F0E,0x5F0E,0x5F0E,0x5F0E,
  0x5F0E,0x5F0E,0x5F0E,0x5F0E,0x5F0E,0x5F0E,0x5F0E,0x5F0E,0x5F0E,0x5F0E,0x5F0E,0x5F0E,0x5F0E,0x5F0E,0x5F0E,0x5F0E,
  0x5F0E,0x5F0E,0x5F0E,0x5F0E,0x5F0E,0x5F0E,0x5F0E,0x5F0E,0x5F0E,0x5F0E,0x5F0E,0x5F0E,0x5F0E,0x5F0E,0x5F0E,0x5F0E,
  0x5F0E,0x5F0E,0x5F0E,0x5F0E,0x5F0E,0x5F0E,0x5F0E,0x5F0E,0x5F0E,0x5F0E,0x5F0E,0x5F0E,0x5F0E,0x5F0E,0x5F0E,0x5F0E,
  0x5F0E,0x5F0E,0x5F0E,0x5F0E,0x5F0E,0x5F0E,0x5F0E,0x5F0E,0x5F0E,0x5F0E,0x5F0E,0x5F0E,0x5F0E,0x5F0E,0x5F0E,0x5F0E,
  0x5F0E,0x5F0E,0x5F0E,0x5F0E,0x5F0E,0x5F0E,0x5F0E,0x5F0E,0x5F0E,0x5F0E,0x5F0E,0x5F0E,0x5F0E,0x5F0E,0x5F0E,0x5F0E,
  0x5F0E,0x5F0E,0x5F0E,0x5F0E,0x5F0E,0x5F0E,0x5F0E,0x5F0E,0x5F0E,0x5F0E,0x5F0E,0x5F0E,0x5F0E,0x5F0E,0x5F0E,0x5F0E,
  0x5F0E,0x5F0E,0x5F0E,0x5F0E,0x5F0E,0x5F0E,0x5F0E,0x5F0E,0x5F0E,0x5F0E,0x5F0E,0x5F0E,0x5F0E,0x5F0E,0x5F0E,0x5F0E,
  0x5F0E,0x5F0E,0x5F0E,0x5F0E,0x5F0E,0x5F0E,0x5F0E,0x5F0E,0x5F0E,0x5F0E,0x5F0E,0x5F0E,0x5F0E,0x5F0E,0x5F0E,0x5F0E,
  0x5F0E,0x5F0E,0x5F0E,0x5F0E,0x5F0E,0x5F0E,0x5F0E,0x5F0E,0x5F0E,0x5F0E,0x5F0E,0x5F0E,0x5F0E,0x5F0E,0x5F0E,0x5F0E,
  0x5F0E,0x5F0E,0x5F0E,0x5F0E,0x5F0E,0x5F0E,0x5F0E,0x5F0E,0x5F0E,0x5F0E,0x5F0E,0x5F0E,0x5F0E,0x5F0E,0x5F0E,0x5F0E,
  0x5F0E,0x5F0E,0x5F0E,0x5F0E,0x5F0E,0x5F0E,0x5F0E,0x5F0E,0x5F0E,0x5F0E,0x5F0E,0x5F0E,0x5F0E,0x5F0E,0x5F0E,0x5F0E,
  0x5F0E,0x5F0E,0x5F0E,0x5F0E,0x5F0E,0x5F0E,0x5F0E,0x5F0E,0x5F0E,0x5F0E,0x5F0E,0x5F0E,0x5F0E,0x5F0E,0x5F0E,0x5F0E,
  0x5F0E,0x5F0E,0x5F0E,0x5F0E,0x5F0E,0x5F0E,0x5F0E,0x5F0E,0x5F0E,0x5F0E,0x5F0E,0x5F0E,0x5F0E,0x5F0E,0x5F0E,0x5F0E,
  0x5F0E,0x5F0E,0x5F0E,0x5F0E,0x5F0E,0x5F0E,0x5F0E,0x5F0E,0x5F0E,0x5F0E,0x5F0E,0x5F0E,0x5F0E,0x5F0E,0x5F0E,0x5F0E,
  0x5F0E,0x5F0E,0x5F0E,0x5F0E,0x5F0E,0x5F0E,0x5F0E,0x5F0E,0x5F0E,0x5F0E,0x5F0E,0x5F0E,0x5F0E,0x5F0E,0x5F0E,0x5F0E,
  0x5F0E,0x5F0E,0x5F0E,0x5F0E,0x5F0E,0x5F0E,0x5F0E,0x5F0E,0x5F0E,0x5F0E,0x5F0E,0x5F0E,0x5F0E,0x5F0E,0x5F0E,0x5F0E,
  0x5F0E,0x5F0E,0x5F0E,0x5F0E,0x5F0E,0x5F0E,0x5F0E,0x5F0E,0x5F0E,0x5F0E,0x5F0E,0x5F0E,0x5F0E,0x5F0E,0x5F0E,0x5F0E,
  0x5F0E,0x5F0E,0x5F0E,0x5F0E,0x5F0E,0x5F0E,0x5F0E,0x5F0E,0x5F0E,0x5F0E,0x5F0E,0x5F0E,0x5F0E,0x5F0E,0x5F0E,0x5F0E,
  0x5F0E,0x5F0E,0x5F0E,0x5F0E,0x5F0E,0x5F0E,0x5F0E,0x5F0E,0x5F0E,0x5F0E,0x5F0E,0x5F0E,0x5F0E,0x5F0E,0x5F0E,0x5F0E,
  0x5F0E,0x5F0E,0x5F0E,0x5F0E,0x5F0E,0x5F0E,0x5F0E,0x5F0E,0x5F0E,0x5F0E,0x5F0E,0x5F0E,0x5F0E,0x5F0E,0x5F0E,0x5F0E,
  0x5F0E,0x5F0E,0x5F0E,0x5F0E,0x5F0E,0x5F0E,0x5F0E,0x5F0E,0x5F0E,0x5F0E,0x5F0E,0x5F0E,0x5F0E,0x5F0E,0x5F0E,0x5F0E,
  0x5F0E,0x5F0E,0x5F0E,0x5F0E,0x5F0E,0x5F0E,0x5F0E,0x5F0E,0x5F0E,0x5F0E,0x5F0E,0x5F0E,0x5F0E,0x5F0E,0x5F0E,0x5F0E,
  0x5F0E,0x5F0E,0x5F0E,0x5F0E,0x5F0E,0x5F0E,0x5F0E,0x5F0E,0x5F0E,0x5F0E,0x5F0E,0x5F0E,0x5F0E,0x5F0E,0x5F0E,0x5F0E,
  0x5F0E,0x5F0E,0x5F0E,0x5F0E,0x5F0E,0x5F0E,0x5F0E,0x5F0E,0x5F0E,0x5F0E,0x5F0E,0x5F0E,0x5F0E,0x5F0E,0x5F0E,0x5F0E,
  0x5F0E,0x5F0E,0x5F0E,0x5F0E,0x5F0E,0x5F0E,0x5F0E,0x5F0E,0x5F0E,0x5F0E,0x5F0E,0x5F0E,0x5F0E,0x5F0E,0x5F0E,0x5F0E,
  0x5F0E,0x5F0E,0x5F0E,0x5F0E,0x5F0E,0x5F0E,0x5F0E,0x5F0E,0x5F0E,0x5F0E,0x5F0E,0x5F0E,0x5F0E,0x5F0E,0x5F0E,0x5F0E,
  0x5F0E,0x5F0E,0x5F0E,0x5F0E,0x5F0E,0x5F0E,0x5F0E,0x5F0E,0x5F0E,0x5F0E,0x5F0E,0x5F0E,0x5F0E,0x5F0E,0x5F0E,0x5F0E,
  0x5F0E,0x5F0E,0x5F0E,0x5F0E,0x5F0E,0x5F0E,0x5F0E,0x5F0E,0x5F0E,0x5F0E,0x5F0E,0x5F0E,0x5F0E,0x5F0E,0x5F0E,0x5F0E,
  0x5F0E,0x5F0E,0x5F0E,0x5F0E,0x5F0E,0x5F0E,0x5F0E,0x5F0E,0x5F0E,0x5F0E,0x5F0E,0x5F0E,0x5F0E,0x5F0E,0x5F0E,0x5F0E,
  0x5F0E,0x5F0E,0x5F0E,0x5F0E,0x5F0E,0x5F0E,0x5F0E,0x5F0E,0x5F0E,0x5F0E,0x5F0E,0x5F0E,0x5F0E,0x5F0E,0x5F0E,0x5F0E,
  0x5F0E,0x5F0E,0x5F0E,0x5F0E,0x5F0E,0x5F0E,0x5F0E,0x5F0E,0x5F0E,0x5F0E,0x5F0E,0x5F0E,0x5F0E,0x5F0E,0x5F0E,0x5F0E,
  0x5F0E,0x5F0E,0x5F0E,0x5F0E,0x5F0E,0x5F0E,0x5F0E,0x5F0E,0x5F0E,0x5F0E,0x5F0E,0x5F0E,0x5F0E,0x5F0E,0x5F0E,0x5F0E,
  0x5F0E,0x5F0E,0x5F0E,0x5F0E,0x5F0E,0x5F0E,0x5F0E,0x5F0E,0x5F0E,0x5F0E,0x5F0E,0x5F0E,0x5F0E,0x5F0E,0x5F0E,0x5F0E,
  0x5F0E,0x5F0E,0x5F0E,0x5F0E,0x5F0E,0x5F0E,0x5F0E,0x5F0E,0x5F0E,0x5F0E,0x5F0E,0x5F0E,0x5F0E,0x5F0E,0x5F0E,0x5F0E,
  0x5F0E,0x5F0E,0x5F0E,0x5F0E,0x5F0E,0x5F0E,0x5F0E,0x5F0E,0x5F0E,0x5F0E,0x5F0E,0x5F0E,0x5F0E,0x5F0E,0x5F0E,0x5F0E,
  0x5F0E,0x5F0E,0x5F0E,0x5F0E,0x5F0E,0x5F0E,0x5F0E,0x5F0E,0x5F0E,0x5F0E,0x5F0E,0x5F0E,0x5F0E,0x5F0E,0x5F0E,0x5F0E,
  0x5F0E,0x5F0E,0x5F0E,0x5F0E,0x5F0E,0x5F0E,0x5F0E,0x5F0E,0x5F0E,0x5F0E,0x5F0E,0x5F0E,0x5F0E,0x5F0E,0x5F0E,0x5F0E,
  0x5F0E,0x5F0E,0x5F0E,0x5F0E,0x5F0E,0x5F0E,0x5F0E,0x5F0E,0x5F0E,0x5F0E,0x5F0E,0x5F0E,0x5F0E,0x5F0E,0x5F0E,0x5F0E,
  0x5F0E,0x5F0E,0x5F0E,0x5F0E,0x5F0E,0x5F0E,0x5F0E,0x5F0E,0x5F0E,0x5F0E,0x5F0E,0x5F0E,0x5F0E,0x5F0E,0x5F0E,0x5F0E,
  0x5F0E,0x5F0E,0x5F0E,0x5F0E,0x5F0E,0x5F0E,0x5F0E,0x5F0E,0x5F0E,0x5F0E,0x5F0E,0x5F0E,0x5F0E,0x5F0E,0x5F0E,0x5F0E,
  0x5F0E,0x5F0E,0x5F0E,0x5F0E,0x5F0E,0x5F0E,0x5F0E,0x5F0E,0x5F0E,0x5F0E,0x5F0E,0x5F0E,0x5F0E,0x5F0E,0x5F0E,0x5F0E,
  0x5F0E,0x5F0E,0x5F0E,0x5F0E,0x5F0E,0x5F0E,0x5F0E,0x5F0E,0x5F0E,0x5F0E,0x5F0E,0x5F0E,0x5F0E,0x5F0E,0x5F0E,0x5F0E,
  0x5F0E,0x5F0E,0x5F0E,0x5F0E,0x5F0E,0x5F0E,0x5F0E,0x5F0E,0x5F0E,0x5F0E,0x5F0E,0x5F0E,0x5F0E,0x5F0E,0x5F0E,0x5F0E,
  0x5F0E,0x5F0E,0x5F0E,0x5F0E,0x5F0E,0x5F0E,0x5F0E,0x5F0E,0x5F0E,0x5F0E,0x5F0E,0x5F0E,0x5F0E,0x5F0E,0x5F0E,0x5F0E,
  0x5F0E,0x5F0E,0x5F0E,0x5F0E,0x5F0E,0x5F0E,0x5F0E,0x5F0E,0x5F0E,0x5F0E,0x5F0E,0x5F0E,0x5F0E,0x5F0E,0x5F0E,0x5F0E,
  0x5F0E,0x5F0E,0x5F0E,0x5F0E,0x5F0E,0x5F0E,0x5F0E,0x5F0E,0x5F0E,0x5F0E,0x5F0E,0x5F0E,0x5F0E,0x5F0E,0x5F0E,0x5F0E,
  0x5F0E,0x5F0E,0x5F0E,0x5F0E,0x5F0E,0x5F0E,0x5F0E,0x5F0E,0x5F0E,0x5F0E,0x5F0E,0x5F0E,0x5F0E,0x5F0E,0x5F0E,0x5F0E,
  0x5F0E,0x5F0E,0x5F0E,0x5F0E,0x5F0E,0x5F0E,0x5F0E,0x5F0E,0x5F0E,0x5F0E,0x5F0E,0x5F0E,0x5F0E,0x5F0E,0x5F0E,0x5F0E,
  0x5F0E,0x5F0E,0x5F0E,0x5F0E,0x5F0E,0x5F0E,0x5F0E,0x5F0E,0x5F0E,0x5F0E,0x5F0E,0x5F0E,0x5F0E,0x5F0E,0x5F0E,0x5F0E,
  0x5F0E,0x5F0E,0x5F0E,0x5F0E,0x5F0E,0x5F0E,0x5F0E,0x5F0E,0x5F0E,0x5F0E,0x5F0E,0x5F0E,0x5F0E,0x5F0E,0x5F0E,0x5F0E,
  0x5F0E,0x5F0E,0x5F0E,0x5F0E,0x5F0E,0x5F0E,0x5F0E,0x5F0E,0x5F0E,0x5F0E,0x5F0E,0x5F0E,0x5F0E,0x5F0E,0x5F0E,0x5F0E,
  0x5F0E,0x5F0E,0x5F0E,0x5F0E,0x5F0E,0x5F0E,0x5F0E,0x5F0E,0x5F0E,0x5F0E,0x5F0E,0x5F0E,0x5F0E,0x5F0E,0x5F0E,0x5F0E,
  0x5F0E,0x5F0E,0x5F0E,0x5F0E,0x5F0E,0x5F0E,0x5F0E,0x5F0E,0x5F0E,0x5F0E,0x5F0E,0x5F0E,0x5F0E,0x5F0E,0x5F0E,0x5F0E,
  0x5F0E,0x5F0E,0x5F0E,0x5F0E,0x5F0E,0x5F0E,0x5F0E,0x5F0E,0x5F0E,0x5F0E,0x5F0E,0x5F0E,0x5F0E,0x5F0E,0x5F0E,0x5F0E,
  0x5F0E,0x5F0E,0x5F0E,0x5F0E,0x5F0E,0x5F0E,0x5F0E,0x5F0E,0x5F0E,0x5F0E,0x5F0E,0x5F0E,0x5F0E,0x5F0E,0x5F0E,0x5F0E,
  0x5F0E,0x5F0E,0x5F0E,0x5F0E,0x5F0E,0x5F0E,0x5F0E,0x5F0E,0x5F0E,0x5F0E,0x5F0E,0x5F0E,0x5F0E,0x5F0E,0x5F0E,0x5F0E,
  0x5F0E,0x5F0E,0x5F0E,0x5F0E,0x5F0E,0x5F0E,0x5F0E,0x5F0E,0x5F0E,0x5F0E,0x5F0E,0x5F0E,0x5F0E,0x5F0E,0x5F0E,0x5F0E,
  0x5F0E,0x5F0E,0x5F0E,0x5F0E,0x5F0E,0x5F0E,0x5F0E,0x5F0E,0x5F0E,0x5F0E,0x5F0E,0x5F0E,0x5F0E,0x5F0E,0x5F0E,0x5F0E,
  0x5F0E,0x5F0E,0x5F0E,0x5F0E,0x5F0E,0x5F0E,0x5F0E,0x5F0E,0x5F0E,0x5F0E,0x5F0E,0x5F0E,0x5F0E,0x5F0E,0x5F0E,0x5F0E,
  0x5F0E,0x5F0E,0x5F0E,0x5F0E,0x5F0E,0x5F0E,0x5F0E,0x5F0E,0x5F0E,0x5F0E,0x5F0E,0x5F0E,0x5F0E,0x5F0E,0x5F0E,0x5F0E,
  0x5F0E,0x5F0E,0x5F0E,0x5F0E,0x5F0E,0x5F0E,0x5F0E,0x5F0E,0x5F0E,0x5F0E,0x5F0E,0x5F0E,0x5F0E,0x5F0E,0x5F0E,0x5F0E,
  0x5F0E,0x5F0E,0x5F0E,0x5F0E,0x5F0E,0x5F0E,0x5F0E,0x5F0E,0x5F0E,0x5F0E,0x5F0E,0x5F0E,0x5F0E,0x5F0E,0x5F0E,0x5F0E,
  0x5F0E,0x5F0E,0x5F0E,0x5F0E,0x5F0E,0x5F0E,0x5F0E,0x5F0E,0x5F0E,0x5F0E,0x5F0E,0x5F0E,0x5F0E,0x5F0E,0x5F0E,0x5F0E,
  0x5F0E,0x5F0E,0x5F0E,0x5F0E,0x5F0E,0x5F0E,0x5F0E,0x5F0E,0x5F0E,0x5F0E,0x5F0E,0x5F0E,0x5F0E,0x5F0E,0x5F0E,0x5F0E,
  0x5F0E,0x5F0E,0x5F0E,0x5F0E,0x5F0E,0x5F0E,0x5F0E,0x5F0E,0x5F0E,0x5F0E,0x5F0E,0x5F0E,0x5F0E,0x5F0E,0x5F0E,0x5F0E,
  0x5F0E,0x5F0E,0x5F0E,0x5F0E,0x5F0E,0x5F0E,0x5F0E,0x5F0E,0x5F0E,0x5F0E,0x5F0E,0x5F0E,0x5F0E,0x5F0E,0x5F0E,0x5F0E,
  0x5F0E,0x5F0E,0x5F0E,0x5F0E,0x5F0E,0x5F0E,0x5F0E,0x5F0E,0x5F0E,0x5F0E,0x5F0E,0x5F0E,0x5F0E,0x5F0E,0x5F0E,0x5F0E,
  0x5F0E,0x5F0E,0x5F0E,0x5F0E,0x5F0E,0x5F0E,0x5F0E,0x5F0E,0x5F0E,0x5F0E,0x5F0E,0x5F0E,0x5F0E,0x5F0E,0x5F0E,0x5F0E,
  0x5F0E,0x5F0E,0x5F0E,0x5F0E,0x5F0E,0x5F0E,0x5F0E,0x5F0E,0x5F0E,0x5F0E,0x5F0E,0x5F0E,0x5F0E,0x5F0E,0x5F0E,0x5F0E,
  0x5F0E,0x5F0E,0x5F0E,0x5F0E,0x5F0E,0x5F0E,0x5F0E,0x5F0E,0x5F0E,0x5F0E,0x5F0E,0x5F0E,0x5F0E,0x5F0E,0x5F0E,0x5F0E,
  0x5F0E,0x5F0E,0x5F0E,0x5F0E,0x5F0E,0x5F0E,0x5F0E,0x5F0E,0x5F0E,0x5F0E,0x5F0E,0x5F0E,0x5F0E,0x5F0E,0x5F0E,0x5F0E,
  0x5F0E,0x5F0E,0x5F0E,0x5F0E,0x5F0E,0x5F0E,0x5F0E,0x5F0E,0x5F0E,0x5F0E,0x5F0E,0x5F0E,0x5F0E,0x5F0E,0x5F0E,0x5F0E,
  0x5F0E,0x5F0E,0x5F0E,0x5F0E,0x5F0E,0x5F0E,0x5F0E,0x5F0E,0x5F0E,0x5F0E,0x5F0E,0x5F0E,0x5F0E,0x5F0E,0x5F0E,0x5F0E,
  0x5F0E,0x5F0E,0x5F0E,0x5F0E,0x5F0E,0x5F0E,0x5F0E,0x5F0E,0x5F0E,0x5F0E,0x5F0E,0x5F0E,0x5F0E,0x5F0E,0x5F0E,0x5F0E,
  0x5F0E,0x5F0E,0x5F0E,0x5F0E,0x5F0E,0x5F0E,0x5F0E,0x5F0E,0x5F0E,0x5F0E,0x5F0E,0x5F0E,0x5F0E,0x5F0E,0x5F0E,0x5F0E,
  0x5F0E,0x5F0E,0x5F0E,0x5F0E,0x5F0E,0x5F0E,0x5F0E,0x5F0E,0x5F0E,0x5F0E,0x5F0E,0x5F0E,0x5F0E,0x5F0E,0x5F0E,0x5F0E,
  0x5F0E,0x5F0E,0x5F0E,0x5F0E,0x5F0E,0x5F0E,0x5F0E,0x5F0E,0x5F0E,0x5F0E,0x5F0E,0x5F0E,0x5F0E,0x5F0E,0x5F0E,0x5F0E,
  0x5F0E,0x5F0E,0x5F0E,0x5F0E,0x5F0E,0x5F0E,0x5F0E,0x5F0E,0x5F0E,0x5F0E,0x5F0E,0x5F0E,0x5F0E,0x5F0E,0x5F0E,0x5F0E,
  0x5F0E,0x5F0E,0x5F0E,0x5F0E,0x5F0E,0x5F0E,0x5F0E,0x5F0E,0x5F0E,0x5F0E,0x5F0E,0x5F0E,0x5F0E,0x5F0E,0x5F0E,0x5F0E,
  0x5F0E,0x5F0E,0x5F0E,0x5F0E,0x5F0E,0x5F0E,0x5F0E,0x5F0E,0x5F0E,0x5F0E,0x5F0E,0x5F0E,0x5F0E,0x5F0E,0x5F0E,0x5F0E,
  0x5F0E,0x5F0E,0x5F0E,0x5F0E,0x5F0E,0x5F0E,0x5F0E,0x5F0E,0x5F0E,0x5F0E,0x5F0E,0x5F0E,0x5F0E,0x5F0E,0x5F0E,0x5F0E,
  0x5F0E,0x5F0E,0x5F0E,0x5F0E,0x5F0E,0x5F0E,0x5F0E,0x5F0E,0x5F0E,0x5F0E,0x5F0E,0x5F0E,0x5F0E,0x5F0E,0x5F0E,0x5F0E,
  0x5F0E,0x5F0E,0x5F0E,0x5F0E,0x5F0E,0x5F0E,0x5F0E,0x5F0E,0x5F0E,0x5F0E,0x5F0E,0x5F0E,0x5F0E,0x5F0E,0x5F0E,0x5F0E,
  0x5F0E,0x5F0E,0x5F0E,0x5F0E,0x5F0E,0x5F0E,0x5F0E,0x5F0E,0x5F0E,0x5F0E,0x5F0E,0x5F0E,0x5F0E,0x5F0E,0x5F0E,0x5F0E,
  0x5F0E,0x5F0E,0x5F0E,0x5F0E,0x5F0E,0x5F0E,0x5F0E,0x5F0E,0x5F0E,0x5F0E,0x5F0E,0x5F0E,0x5F0E,0x5F0E,0x5F0E,0x5F0E,
  0x5F0E,0x5F0E,0x5F0E,0x5F0E,0x5F0E,0x5F0E,0x5F0E,0x5F0E,0x5F0E,0x5F0E,0x5F0E,0x5F0E,0x5F0E,0x5F0E,0x5F0E,0x5F0E,
  0x5F0E,0x5F0E,0x5F0E,0x5F0E,0x5F0E,0x5F0E,0x5F0E,0x5F0E,0x5F0E,0x5F0E,0x5F0E,0x5F0E,0x5F0E,0x5F0E,0x5F0E,0x5F0E,
  0x5F0E,0x5F0E,0x5F0E,0x5F0E,0x5F0E,0x5F0E,0x5F0E,0x5F0E,0x5F0E,0x5F0E,0x5F0E,0x5F0E,0x5F0E,0x5F0E,0x5F0E,0x5F0E,
  0x5F0E,0x5F0E,0x5F0E,0x5F0E,0x5F0E,0x5F0E,0x5F0E,0x5F0E,0x5F0E,0x5F0E,0x5F0E,0x5F0E,0x5F0E,0x5F0E,0x5F0E,0x5F0E,
  0x5F0E,0x5F0E,0x5F0E,0x5F0E,0x5F0E,0x5F0E,0x5F0E,0x5F0E,0x5F0E,0x5F0E,0x5F0E,0x5F0E,0x5F0E,0x5F0E,0x5F0E,0x5F0E,
  0x5F0E,0x5F0E,0x5F0E,0x5F0E,0x5F0E,0x5F0E,0x5F0E,0x5F0E,0x5F0E,0x5F0E,0x5F0E,0x5F0E,0x5F0E,0x5F0E,0x5F0E,0x5F0E,
  0x5F0E,0x5F0E,0x5F0E,0x5F0E,0x5F0E,0x5F0E,0x5F0E,0x5F0E,0x5F0E,0x5F0E,0x5F0E,0x5F0E,0x5F0E,0x5F0E,0x5F0E,0x5F0E,
  0x5F0E,0x5F0E,0x5F0E,0x5F0E,0x5F0E,0x5F0E,0x5F0E,0x5F0E,0x5F0E,0x5F0E,0x5F0E,0x5F0E,0x5F0E,0x5F0E,0x5F0E,0x5F0E,
  0x5F0E,0x5F0E,0x5F0E,0x5F0E,0x5F0E,0x5F0E,0x5F0E,0x5F0E,0x5F0E,0x5F0E,0x5F0E,0x5F0E,0x5F0E,0x5F0E,0x5F0E,0x5F0E,
  0x5F0E,0x5F0E,0x5F0E,0x5F0E,0x5F0E,0x5F0E,0x5F0E,0x5F0E,0x5F0E,0x5F0E,0x5F0E,0x5F0E,0x5F0E,0x5F0E,0x5F0E,0x5F0E,
  0x5F0E,0x5F0E,0x5F0E,0x5F0E,0x5F0E,0x5F0E,0x5F0E,0x5F0E,0x5F0E,0x5F0E,0x5F0E,0x5F0E,0x5F0E,0x5F0E,0x5F0E,0x5F0E,
  0x5F0E,0x5F0E,0x5F0E,0x5F0E,0x5F0E,0x5F0E,0x5F0E,0x5F0E,0x5F0E,0x5F0E,0x5F0E,0x5F0E,0x5F0E,0x5F0E,0x5F0E,0x5F0E,
  0x5F0E,0x5F0E,0x5F0E,0x5F0E,0x5F0E,0x5F0E,0x5F0E,0x5F0E,0x5F0E,0x5F0E,0x5F0E,0x5F0E,0x5F0E,0x5F0E,0x5F0E,0x5F0E,
  0x5F0E,0x5F0E,0x5F0E,0x5F0E,0x5F0E,0x5F0E,0x5F0E,0x5F0E,0x5F0E,0x5F0E,0x5F0E,0x5F0E,0x5F0E,0x5F0E,0x5F0E,0x5F0E,
  0x5F0E,0x5F0E,0x5F0E,0x5F0E,0x5F0E,0x5F0E,0x5F0E,0x5F0E,0x5F0E,0x5F0E,0x5F0E,0x5F0E,0x5F0E,0x5F0E,0x5F0E,0x5F0E,
  0x5F0E,0x5F0E,0x5F0E,0x5F0E,0x5F0E,0x5F0E,0x5F0E,0x5F0E,0x5F0E,0x5F0E,0x5F0E,0x5F0E,0x5F0E,0x5F0E,0x5F0E,0x5F0E,
  0x5F0E,0x5F0E,0x5F0E,0x5F0E,0x5F0E,0x5F0E,0x5F0E,0x5F0E,0x5F0E,0x5F0E,0x5F0E,0x5F0E,0x5F0E,0x5F0E,0x5F0E,0x5F0E,
  0x5F0E,0x5F0E,0x5F0E,0x5F0E,0x5F0E,0x5F0E,0x5F0E,0x5F0E,0x5F0E,0x5F0E,0x5F0E,0x5F0E,0x5F0E,0x5F0E,0x5F0E,0x5F0E,
  0x5F0E,0x5F0E,0x5F0E,0x5F0E,0x5F0E,0x5F0E,0x5F0E,0x5F0E,0x5F0E,0x5F0E,0x5F0E,0x5F0E,0x5F0E,0x5F0E,0x5F0E,0x5F0E,
  0x5F0E,0x5F0E,0x5F0E,
};
